总排名,装备,海克斯,细分成绩,粗测通过,粗测失败,配置ID
1,振奋盔甲＋振奋盔甲＋石像鬼石板甲,单身板甲,568,550,600,s6-b7487-a4
2,圣盾使的誓约＋振奋盔甲＋石像鬼石板甲,单身板甲,518,500,550,s6-b7343-a4
2,振奋盔甲＋石像鬼石板甲＋巨龙之爪,单身板甲,518,500,550,s6-b7517-a4
4,饮血剑＋石像鬼石板甲＋巨龙之爪,单身板甲,514,500,550,s6-b3242-a4
5,饮血剑＋饮血剑＋石像鬼石板甲,单身板甲,509,500,550,s6-b2832-a4
5,冕卫＋振奋盔甲＋石像鬼石板甲,单身板甲,509,500,550,s6-b6738-a4
7,饮血剑＋正义之手＋石像鬼石板甲,单身板甲,508,500,550,s6-b3222-a4
8,冕卫＋石像鬼石板甲＋巨龙之爪,单身板甲,507,500,550,s6-b6768-a4
9,饮血剑＋石像鬼石板甲＋坚定之心,单身板甲,505,500,550,s6-b3241-a4
10,振奋盔甲＋石像鬼石板甲＋狂徒铠甲,单身板甲,504,500,550,s6-b7520-a4
11,饮血剑＋泰坦的坚决＋石像鬼石板甲,单身板甲,499,450,500,s6-b2991-a4
12,饮血剑＋冕卫＋石像鬼石板甲,单身板甲,497,450,500,s6-b3114-a4
13,饮血剑＋振奋盔甲＋石像鬼石板甲,单身板甲,496,450,500,s6-b3212-a4
14,冕卫＋石像鬼石板甲＋狂徒铠甲,单身板甲,495,450,500,s6-b6771-a4
15,冕卫＋石像鬼石板甲＋坚定之心,单身板甲,494,450,500,s6-b6767-a4
16,适应性头盔＋振奋盔甲＋石像鬼石板甲,单身板甲,491,450,500,s6-b7421-a4
17,饮血剑＋石像鬼石板甲＋狂徒铠甲,单身板甲,485,450,500,s6-b3245-a4
17,石像鬼石板甲＋巨龙之爪＋狂徒铠甲,单身板甲,485,450,500,s6-b7674-a4
19,饮血剑＋离子火花＋石像鬼石板甲,单身板甲,483,450,500,s6-b3131-a4
20,饮血剑＋振奋盔甲＋石像鬼石板甲,无,481,450,500,s6-b3212-a0
20,石像鬼石板甲＋巨龙之爪＋巨龙之爪,单身板甲,481,450,500,s6-b7671-a4
22,饮血剑＋棘刺背心＋石像鬼石板甲,单身板甲,480,450,500,s6-b3231-a4
23,冕卫＋正义之手＋石像鬼石板甲,单身板甲,479,450,500,s6-b6748-a4
24,饮血剑＋石像鬼石板甲＋巨龙之爪,无,478,450,500,s6-b3242-a0
25,饮血剑＋圣盾使的誓约＋石像鬼石板甲,单身板甲,477,450,500,s6-b3189-a4
25,振奋盔甲＋振奋盔甲＋巨龙之爪,无,477,450,500,s6-b7490-a0
27,饮血剑＋正义之手＋石像鬼石板甲,无,476,450,500,s6-b3222-a0
27,冕卫＋圣盾使的誓约＋石像鬼石板甲,单身板甲,476,450,500,s6-b6715-a4
29,振奋盔甲＋振奋盔甲＋振奋盔甲,无,473,450,500,s6-b7484-a0
29,振奋盔甲＋振奋盔甲＋石像鬼石板甲,无,473,450,500,s6-b7487-a0
29,振奋盔甲＋石像鬼石板甲＋坚定之心,单身板甲,473,450,500,s6-b7516-a4
32,饮血剑＋石像鬼石板甲＋薄暮法袍,单身板甲,472,450,500,s6-b3243-a4
32,振奋盔甲＋正义之手＋石像鬼石板甲,单身板甲,472,450,500,s6-b7497-a4
32,石像鬼石板甲＋坚定之心＋巨龙之爪,单身板甲,472,450,500,s6-b7666-a4
35,海克斯科技枪刃＋饮血剑＋石像鬼石板甲,单身板甲,471,450,500,s6-b1343-a4
36,夜之锋刃＋饮血剑＋石像鬼石板甲,单身板甲,469,450,500,s6-b2367-a4
37,正义之手＋石像鬼石板甲＋巨龙之爪,单身板甲,468,450,500,s6-b7572-a4
38,饮血剑＋石像鬼石板甲＋日炎斗篷,单身板甲,465,450,500,s6-b3240-a4
39,饮血剑＋饮血剑＋石像鬼石板甲,无,463,450,500,s6-b2832-a0
39,饮血剑＋虚空之杖＋石像鬼石板甲,单身板甲,463,450,500,s6-b2967-a4
39,饮血剑＋大天使之杖＋石像鬼石板甲,单身板甲,463,450,500,s6-b3096-a4
39,饮血剑＋石像鬼石板甲＋狂徒铠甲,无,463,450,500,s6-b3245-a0
39,斯特拉克的挑战护手＋冕卫＋石像鬼石板甲,单身板甲,463,450,500,s6-b3549-a4
44,冕卫＋振奋盔甲＋石像鬼石板甲,无,462,450,500,s6-b6738-a0
44,正义之手＋正义之手＋石像鬼石板甲,单身板甲,462,450,500,s6-b7552-a4
46,蓝霸符＋振奋盔甲＋石像鬼石板甲,单身板甲,461,450,500,s6-b7252-a4
47,离子火花＋振奋盔甲＋石像鬼石板甲,单身板甲,459,450,500,s6-b6891-a4
47,圣盾使的誓约＋石像鬼石板甲＋巨龙之爪,单身板甲,459,450,500,s6-b7373-a4
49,饮血剑＋振奋盔甲＋振奋盔甲,无,458,450,500,s6-b3209-a0
49,振奋盔甲＋振奋盔甲＋狂徒铠甲,无,458,450,500,s6-b7493-a0
51,圣盾使的誓约＋石像鬼石板甲＋狂徒铠甲,单身板甲,457,450,500,s6-b7376-a4
51,振奋盔甲＋石像鬼石板甲＋石像鬼石板甲,无,457,450,500,s6-b7514-a0
53,泰坦的坚决＋振奋盔甲＋石像鬼石板甲,单身板甲,455,450,500,s6-b5407-a4
54,饮血剑＋冕卫＋适应性头盔,无,454,450,500,s6-b3110-a0
54,振奋盔甲＋石像鬼石板甲＋巨龙之爪,无,454,450,500,s6-b7517-a0
56,饮血剑＋斯特拉克的挑战护手＋石像鬼石板甲,单身板甲,453,450,500,s6-b2861-a4
56,饮血剑＋离子火花＋石像鬼石板甲,无,453,450,500,s6-b3131-a0
56,斯特拉克的挑战护手＋振奋盔甲＋石像鬼石板甲,单身板甲,453,450,500,s6-b3647-a4
59,冕卫＋石像鬼石板甲＋狂徒铠甲,无,452,450,500,s6-b6771-a0
59,适应性头盔＋正义之手＋正义之手,无,452,450,500,s6-b7429-a0
61,巨人杀手＋饮血剑＋石像鬼石板甲,单身板甲,451,450,500,s6-b782-a4
61,饮血剑＋灭世者的死亡之帽＋石像鬼石板甲,单身板甲,451,450,500,s6-b3077-a4
61,饮血剑＋莫雷洛秘典＋石像鬼石板甲,单身板甲,451,450,500,s6-b3147-a4
61,斯特拉克的挑战护手＋石像鬼石板甲＋巨龙之爪,单身板甲,451,450,500,s6-b3677-a4
61,冕卫＋离子火花＋石像鬼石板甲,单身板甲,451,450,500,s6-b6657-a4
61,适应性头盔＋石像鬼石板甲＋巨龙之爪,单身板甲,451,450,500,s6-b7451-a4
61,振奋盔甲＋振奋盔甲＋正义之手,无,451,450,500,s6-b7485-a0
68,饮血剑＋坚定之心＋巨龙之爪,无,449,400,450,s6-b3255-a0
68,振奋盔甲＋巨龙之爪＋狂徒铠甲,无,449,400,450,s6-b7538-a0
68,石像鬼石板甲＋狂徒铠甲＋狂徒铠甲,单身板甲,449,400,450,s6-b7683-a4
71,圣盾使的誓约＋适应性头盔＋石像鬼石板甲,单身板甲,448,400,450,s6-b7332-a4
71,振奋盔甲＋棘刺背心＋石像鬼石板甲,单身板甲,448,400,450,s6-b7506-a4
73,饮血剑＋适应性头盔＋振奋盔甲,无,447,400,450,s6-b3198-a0
73,离子火花＋石像鬼石板甲＋巨龙之爪,单身板甲,447,400,450,s6-b6921-a4
75,海克斯科技枪刃＋振奋盔甲＋石像鬼石板甲,单身板甲,446,400,450,s6-b1723-a4
76,饮血剑＋泰坦的坚决＋正义之手,无,445,400,450,s6-b2989-a0
76,饮血剑＋圣盾使的誓约＋石像鬼石板甲,无,445,400,450,s6-b3189-a0
76,圣盾使的誓约＋振奋盔甲＋振奋盔甲,无,445,400,450,s6-b7340-a0
79,海克斯科技枪刃＋冕卫＋石像鬼石板甲,单身板甲,444,400,450,s6-b1625-a4
79,冕卫＋石像鬼石板甲＋日炎斗篷,单身板甲,444,400,450,s6-b6766-a4
81,饮血剑＋石像鬼石板甲＋石像鬼石板甲,无,443,400,450,s6-b3239-a0
81,振奋盔甲＋石像鬼石板甲＋狂徒铠甲,无,443,400,450,s6-b7520-a0
81,石像鬼石板甲＋坚定之心＋狂徒铠甲,单身板甲,443,400,450,s6-b7669-a4
84,饮血剑＋石像鬼石板甲＋强袭者的链枷,单身板甲,442,400,450,s6-b3246-a4
84,圣盾使的誓约＋正义之手＋石像鬼石板甲,单身板甲,442,400,450,s6-b7353-a4
84,正义之手＋石像鬼石板甲＋狂徒铠甲,单身板甲,442,400,450,s6-b7575-a4
87,石像鬼石板甲＋巨龙之爪＋狂徒铠甲,无,441,400,450,s6-b7674-a0
88,海克斯科技枪刃＋石像鬼石板甲＋巨龙之爪,单身板甲,440,400,450,s6-b1753-a4
88,适应性头盔＋石像鬼石板甲＋狂徒铠甲,单身板甲,440,400,450,s6-b7454-a4
88,振奋盔甲＋石像鬼石板甲＋日炎斗篷,单身板甲,440,400,450,s6-b7515-a4
88,振奋盔甲＋石像鬼石板甲＋薄暮法袍,单身板甲,440,400,450,s6-b7518-a4
92,饮血剑＋海妖之怒＋石像鬼石板甲,单身板甲,439,400,450,s6-b3014-a4
93,饮血剑＋纳什之牙＋石像鬼石板甲,单身板甲,438,400,450,s6-b3036-a4
93,灭世者的死亡之帽＋振奋盔甲＋石像鬼石板甲,单身板甲,438,400,450,s6-b6377-a4
93,大天使之杖＋振奋盔甲＋石像鬼石板甲,单身板甲,438,400,450,s6-b6567-a4
93,冕卫＋适应性头盔＋振奋盔甲,无,438,400,450,s6-b6724-a0
93,冕卫＋适应性头盔＋石像鬼石板甲,单身板甲,438,400,450,s6-b6727-a4
98,适应性头盔＋振奋盔甲＋石像鬼石板甲,无,437,400,450,s6-b7421-a0
99,夜之锋刃＋振奋盔甲＋石像鬼石板甲,单身板甲,436,400,450,s6-b2747-a4
99,饮血剑＋饮血剑＋正义之手,无,436,400,450,s6-b2830-a0
99,饮血剑＋巨龙之爪＋狂徒铠甲,无,436,400,450,s6-b3263-a0
102,饮血剑＋正义之手＋坚定之心,无,435,400,450,s6-b3224-a0
102,冕卫＋振奋盔甲＋巨龙之爪,无,435,400,450,s6-b6741-a0
102,振奋盔甲＋正义之手＋石像鬼石板甲,无,435,400,450,s6-b7497-a0
105,饮血剑＋振奋盔甲＋巨龙之爪,无,434,400,450,s6-b3215-a0
105,饮血剑＋正义之手＋正义之手,无,434,400,450,s6-b3220-a0
105,饮血剑＋正义之手＋巨龙之爪,无,434,400,450,s6-b3225-a0
105,饮血剑＋石像鬼石板甲＋坚定之心,无,434,400,450,s6-b3241-a0
105,冕卫＋振奋盔甲＋振奋盔甲,无,434,400,450,s6-b6735-a0
105,珠光护手＋振奋盔甲＋石像鬼石板甲,单身板甲,434,400,450,s6-b7147-a4
105,圣盾使的誓约＋振奋盔甲＋巨龙之爪,无,434,400,450,s6-b7346-a0
105,圣盾使的誓约＋石像鬼石板甲＋坚定之心,单身板甲,434,400,450,s6-b7372-a4
105,适应性头盔＋振奋盔甲＋振奋盔甲,无,434,400,450,s6-b7418-a0
114,海克斯科技枪刃＋正义之手＋石像鬼石板甲,单身板甲,433,400,450,s6-b1733-a4
114,饮血剑＋冕卫＋正义之手,无,433,400,450,s6-b3112-a0
114,饮血剑＋石像鬼石板甲＋水银,单身板甲,433,400,450,s6-b3244-a4
114,棘刺背心＋石像鬼石板甲＋巨龙之爪,单身板甲,433,400,450,s6-b7617-a4
114,石像鬼石板甲＋日炎斗篷＋巨龙之爪,单身板甲,433,400,450,s6-b7660-a4
119,饮血剑＋无尽之刃＋石像鬼石板甲,单身板甲,432,400,450,s6-b2889-a4
119,饮血剑＋鬼索的狂暴之刃＋石像鬼石板甲,单身板甲,432,400,450,s6-b2942-a4
119,饮血剑＋冕卫＋巨龙之爪,无,432,400,450,s6-b3117-a0
119,饮血剑＋巨龙之爪＋巨龙之爪,无,432,400,450,s6-b3260-a0
119,虚空之杖＋振奋盔甲＋石像鬼石板甲,单身板甲,432,400,450,s6-b5107-a4
119,圣盾使的誓约＋振奋盔甲＋狂徒铠甲,无,432,400,450,s6-b7349-a0
125,饮血剑＋圣盾使的誓约＋振奋盔甲,无,431,400,450,s6-b3186-a0
125,冕卫＋巨龙之爪＋狂徒铠甲,无,431,400,450,s6-b6789-a0
127,死亡之刃＋饮血剑＋石像鬼石板甲,单身板甲,430,400,450,s6-b187-a4
127,斯特拉克的挑战护手＋正义之手＋石像鬼石板甲,单身板甲,430,400,450,s6-b3657-a4
127,莫雷洛秘典＋振奋盔甲＋石像鬼石板甲,单身板甲,430,400,450,s6-b7027-a4
127,正义之手＋正义之手＋石像鬼石板甲,无,430,400,450,s6-b7552-a0
127,石像鬼石板甲＋巨龙之爪＋薄暮法袍,单身板甲,430,400,450,s6-b7672-a4
132,饮血剑＋灭世者的死亡之帽＋正义之手,无,429,400,450,s6-b3075-a0
133,饮血剑＋适应性头盔＋石像鬼石板甲,单身板甲,428,400,450,s6-b3201-a4
133,斯特拉克的挑战护手＋石像鬼石板甲＋狂徒铠甲,单身板甲,428,400,450,s6-b3680-a4
133,冕卫＋圣盾使的誓约＋石像鬼石板甲,无,428,400,450,s6-b6715-a0
133,振奋盔甲＋狂徒铠甲＋狂徒铠甲,无,428,400,450,s6-b7547-a0
137,饮血剑＋最后的轻语＋石像鬼石板甲,单身板甲,427,400,450,s6-b3057-a4
137,适应性头盔＋振奋盔甲＋正义之手,无,427,400,450,s6-b7419-a0
137,适应性头盔＋振奋盔甲＋巨龙之爪,无,427,400,450,s6-b7424-a0
140,饮血剑＋饮血剑＋振奋盔甲,无,426,400,450,s6-b2829-a0
140,冕卫＋巨龙之爪＋巨龙之爪,无,426,400,450,s6-b6786-a0
140,离子火花＋石像鬼石板甲＋狂徒铠甲,单身板甲,426,400,450,s6-b6924-a4
140,振奋盔甲＋石像鬼石板甲＋坚定之心,无,426,400,450,s6-b7516-a0
144,饮血剑＋斯特拉克的挑战护手＋适应性头盔,无,425,400,450,s6-b2857-a0
145,饮血剑＋鬼索的狂暴之刃＋正义之手,无,424,400,450,s6-b2940-a0
145,纳什之牙＋振奋盔甲＋石像鬼石板甲,单身板甲,424,400,450,s6-b5936-a4
147,饮血剑＋冕卫＋振奋盔甲,无,423,400,450,s6-b3111-a0
147,饮血剑＋棘刺背心＋巨龙之爪,无,423,400,450,s6-b3234-a0
147,莫雷洛秘典＋石像鬼石板甲＋巨龙之爪,单身板甲,423,400,450,s6-b7057-a4
147,圣盾使的誓约＋振奋盔甲＋石像鬼石板甲,无,423,400,450,s6-b7343-a0
151,石像鬼石板甲＋巨龙之爪＋巨龙之爪,无,422,400,450,s6-b7671-a0
152,海克斯科技枪刃＋饮血剑＋石像鬼石板甲,无,421,400,450,s6-b1343-a0
152,饮血剑＋离子火花＋振奋盔甲,无,421,400,450,s6-b3128-a0
152,饮血剑＋圣盾使的誓约＋适应性头盔,无,421,400,450,s6-b3185-a0
152,饮血剑＋圣盾使的誓约＋巨龙之爪,无,421,400,450,s6-b3192-a0
152,饮血剑＋振奋盔甲＋坚定之心,无,421,400,450,s6-b3214-a0
152,离子火花＋圣盾使的誓约＋石像鬼石板甲,单身板甲,421,400,450,s6-b6868-a4
158,饮血剑＋珠光护手＋石像鬼石板甲,单身板甲,420,400,450,s6-b3162-a4
158,饮血剑＋振奋盔甲＋正义之手,无,420,400,450,s6-b3210-a0
158,饮血剑＋振奋盔甲＋狂徒铠甲,无,420,400,450,s6-b3218-a0
158,斯特拉克的挑战护手＋圣盾使的誓约＋石像鬼石板甲,单身板甲,420,400,450,s6-b3624-a4
158,振奋盔甲＋巨龙之爪＋巨龙之爪,无,420,400,450,s6-b7535-a0
163,饮血剑＋红霸符＋石像鬼石板甲,单身板甲,419,400,450,s6-b2916-a4
163,饮血剑＋泰坦的坚决＋振奋盔甲,无,419,400,450,s6-b2988-a0
163,饮血剑＋离子火花＋正义之手,无,419,400,450,s6-b3129-a0
163,饮血剑＋珠光护手＋正义之手,无,419,400,450,s6-b3160-a0
163,斯特拉克的挑战护手＋石像鬼石板甲＋坚定之心,单身板甲,419,400,450,s6-b3676-a4
163,适应性头盔＋适应性头盔＋石像鬼石板甲,单身板甲,419,400,450,s6-b7410-a4
169,饮血剑＋饮血剑＋巨龙之爪,无,418,400,450,s6-b2835-a0
169,饮血剑＋振奋盔甲＋棘刺背心,无,418,400,450,s6-b3211-a0
169,虚空之杖＋石像鬼石板甲＋巨龙之爪,单身板甲,418,400,450,s6-b5137-a4
169,正义之手＋石像鬼石板甲＋坚定之心,单身板甲,418,400,450,s6-b7571-a4
173,纳什之牙＋石像鬼石板甲＋巨龙之爪,单身板甲,417,400,450,s6-b5966-a4
173,适应性头盔＋正义之手＋石像鬼石板甲,单身板甲,417,400,450,s6-b7431-a4
175,海克斯科技枪刃＋石像鬼石板甲＋狂徒铠甲,单身板甲,416,400,450,s6-b1756-a4
175,饮血剑＋纳什之牙＋石像鬼石板甲,无,416,400,450,s6-b3036-a0
175,饮血剑＋大天使之杖＋正义之手,无,416,400,450,s6-b3094-a0
175,冕卫＋振奋盔甲＋狂徒铠甲,无,416,400,450,s6-b6744-a0
175,离子火花＋振奋盔甲＋石像鬼石板甲,无,416,400,450,s6-b6891-a0
175,巨龙之爪＋巨龙之爪＋狂徒铠甲,无,416,400,450,s6-b7738-a0
181,饮血剑＋灭世者的死亡之帽＋振奋盔甲,无,415,400,450,s6-b3074-a0
181,饮血剑＋冕卫＋狂徒铠甲,无,415,400,450,s6-b3120-a0
181,饮血剑＋离子火花＋巨龙之爪,无,415,400,450,s6-b3134-a0
181,振奋盔甲＋振奋盔甲＋坚定之心,无,415,400,450,s6-b7489-a0
181,棘刺背心＋石像鬼石板甲＋狂徒铠甲,单身板甲,415,400,450,s6-b7620-a4
186,海克斯科技枪刃＋圣盾使的誓约＋石像鬼石板甲,单身板甲,414,400,450,s6-b1700-a4
186,饮血剑＋饮血剑＋饮血剑,无,414,400,450,s6-b2810-a0
186,饮血剑＋饮血剑＋狂徒铠甲,无,414,400,450,s6-b2838-a0
186,蓝霸符＋石像鬼石板甲＋巨龙之爪,单身板甲,414,400,450,s6-b7282-a4
186,适应性头盔＋振奋盔甲＋狂徒铠甲,无,414,400,450,s6-b7427-a0
186,振奋盔甲＋坚定之心＋巨龙之爪,无,414,400,450,s6-b7530-a0
192,饮血剑＋适应性头盔＋正义之手,无,413,400,450,s6-b3199-a0
192,饮血剑＋适应性头盔＋狂徒铠甲,无,413,400,450,s6-b3207-a0
192,冕卫＋适应性头盔＋狂徒铠甲,无,413,400,450,s6-b6733-a0
192,圣盾使的誓约＋石像鬼石板甲＋巨龙之爪,无,413,400,450,s6-b7373-a0
196,海克斯科技枪刃＋饮血剑＋正义之手,无,412,400,450,s6-b1341-a0
196,饮血剑＋饮血剑＋圣盾使的誓约,无,412,400,450,s6-b2827-a0
196,饮血剑＋鬼索的狂暴之刃＋石像鬼石板甲,无,412,400,450,s6-b2942-a0
196,饮血剑＋石像鬼石板甲＋日炎斗篷,无,412,400,450,s6-b3240-a0
196,纳什之牙＋冕卫＋石像鬼石板甲,单身板甲,412,400,450,s6-b5838-a4
201,饮血剑＋正义之手＋狂徒铠甲,无,411,400,450,s6-b3228-a0
201,冕卫＋振奋盔甲＋坚定之心,无,411,400,450,s6-b6740-a0
201,圣盾使的誓约＋石像鬼石板甲＋石像鬼石板甲,无,411,400,450,s6-b7370-a0
201,石像鬼石板甲＋狂徒铠甲＋狂徒铠甲,无,411,400,450,s6-b7683-a0
205,巨人杀手＋振奋盔甲＋石像鬼石板甲,单身板甲,410,400,450,s6-b1162-a4
205,饮血剑＋泰坦的坚决＋狂徒铠甲,无,410,400,450,s6-b2997-a0
205,饮血剑＋正义之手＋棘刺背心,无,410,400,450,s6-b3221-a0
205,饮血剑＋坚定之心＋狂徒铠甲,无,410,400,450,s6-b3258-a0
205,冕卫＋正义之手＋正义之手,无,410,400,450,s6-b6746-a0
205,圣盾使的誓约＋石像鬼石板甲＋狂徒铠甲,无,410,400,450,s6-b7376-a0
205,适应性头盔＋石像鬼石板甲＋坚定之心,单身板甲,410,400,450,s6-b7450-a4
205,正义之手＋石像鬼石板甲＋狂徒铠甲,无,410,400,450,s6-b7575-a0
213,饮血剑＋虚空之杖＋石像鬼石板甲,无,409,400,450,s6-b2967-a0
213,鬼索的狂暴之刃＋振奋盔甲＋石像鬼石板甲,单身板甲,409,400,450,s6-b4782-a4
213,石像鬼石板甲＋薄暮法袍＋狂徒铠甲,单身板甲,409,400,450,s6-b7678-a4
216,海克斯科技枪刃＋饮血剑＋坚定之心,无,408,400,450,s6-b1345-a0
216,海克斯科技枪刃＋振奋盔甲＋石像鬼石板甲,无,408,400,450,s6-b1723-a0
216,夜之锋刃＋石像鬼石板甲＋狂徒铠甲,单身板甲,408,400,450,s6-b2780-a4
216,饮血剑＋泰坦的坚决＋巨龙之爪,无,408,400,450,s6-b2994-a0
216,饮血剑＋圣盾使的誓约＋正义之手,无,408,400,450,s6-b3187-a0
216,饮血剑＋适应性头盔＋适应性头盔,无,408,400,450,s6-b3197-a0
216,斯特拉克的挑战护手＋振奋盔甲＋石像鬼石板甲,无,408,400,450,s6-b3647-a0
216,冕卫＋坚定之心＋巨龙之爪,无,408,400,450,s6-b6781-a0
216,冕卫＋坚定之心＋狂徒铠甲,无,408,400,450,s6-b6784-a0
225,海克斯科技枪刃＋饮血剑＋饮血剑,无,407,400,450,s6-b1321-a0
225,海克斯科技枪刃＋饮血剑＋巨龙之爪,无,407,400,450,s6-b1346-a0
225,朔极之矛＋饮血剑＋石像鬼石板甲,单身板甲,407,400,450,s6-b1871-a4
225,饮血剑＋饮血剑＋坚定之心,无,407,400,450,s6-b2834-a0
225,饮血剑＋蓝霸符＋石像鬼石板甲,单身板甲,407,400,450,s6-b3176-a4
225,冕卫＋圣盾使的誓约＋振奋盔甲,无,407,400,450,s6-b6712-a0
225,冕卫＋振奋盔甲＋正义之手,无,407,400,450,s6-b6736-a0
225,圣盾使的誓约＋适应性头盔＋正义之手,无,407,400,450,s6-b7330-a0
225,振奋盔甲＋振奋盔甲＋棘刺背心,无,407,400,450,s6-b7486-a0
225,振奋盔甲＋棘刺背心＋石像鬼石板甲,无,407,400,450,s6-b7506-a0
225,石像鬼石板甲＋日炎斗篷＋狂徒铠甲,单身板甲,407,400,450,s6-b7663-a4
225,坚定之心＋巨龙之爪＋巨龙之爪,无,407,400,450,s6-b7720-a0
225,巨龙之爪＋狂徒铠甲＋狂徒铠甲,无,407,400,450,s6-b7747-a0
238,朔极之矛＋振奋盔甲＋石像鬼石板甲,单身板甲,406,400,450,s6-b2251-a4
238,夜之锋刃＋石像鬼石板甲＋巨龙之爪,单身板甲,406,400,450,s6-b2777-a4
238,饮血剑＋斯特拉克的挑战护手＋巨龙之爪,无,406,400,450,s6-b2864-a0
238,斯特拉克的挑战护手＋石像鬼石板甲＋巨龙之爪,无,406,400,450,s6-b3677-a0
238,大天使之杖＋石像鬼石板甲＋狂徒铠甲,单身板甲,406,400,450,s6-b6600-a4
238,冕卫＋适应性头盔＋适应性头盔,无,406,400,450,s6-b6723-a0
238,冕卫＋石像鬼石板甲＋薄暮法袍,单身板甲,406,400,450,s6-b6769-a4
238,圣盾使的誓约＋棘刺背心＋石像鬼石板甲,单身板甲,406,400,450,s6-b7362-a4
238,圣盾使的誓约＋狂徒铠甲＋狂徒铠甲,无,406,400,450,s6-b7403-a0
238,适应性头盔＋巨龙之爪＋狂徒铠甲,无,406,400,450,s6-b7472-a0
238,振奋盔甲＋石像鬼石板甲＋强袭者的链枷,单身板甲,406,400,450,s6-b7521-a4
249,饮血剑＋圣盾使的誓约＋坚定之心,无,405,400,450,s6-b3191-a0
249,饮血剑＋石像鬼石板甲＋强袭者的链枷,无,405,400,450,s6-b3246-a0
249,饮血剑＋日炎斗篷＋巨龙之爪,无,405,400,450,s6-b3249-a0
249,海妖之怒＋振奋盔甲＋石像鬼石板甲,单身板甲,405,400,450,s6-b5683-a4
249,冕卫＋蓝霸符＋石像鬼石板甲,单身板甲,405,400,450,s6-b6702-a4
249,冕卫＋圣盾使的誓约＋狂徒铠甲,无,405,400,450,s6-b6721-a0
249,蓝霸符＋正义之手＋石像鬼石板甲,单身板甲,405,400,450,s6-b7262-a4
256,饮血剑＋虚空之杖＋正义之手,无,404,400,450,s6-b2965-a0
256,饮血剑＋石像鬼石板甲＋水银,无,404,400,450,s6-b3244-a0
256,冕卫＋狂徒铠甲＋狂徒铠甲,无,404,400,450,s6-b6798-a0
256,离子火花＋振奋盔甲＋振奋盔甲,无,404,400,450,s6-b6888-a0
256,圣盾使的誓约＋正义之手＋石像鬼石板甲,无,404,400,450,s6-b7353-a0
256,适应性头盔＋振奋盔甲＋坚定之心,无,404,400,450,s6-b7423-a0
256,振奋盔甲＋石像鬼石板甲＋水银,单身板甲,404,400,450,s6-b7519-a4
263,朔极之矛＋冕卫＋石像鬼石板甲,单身板甲,403,400,450,s6-b2153-a4
263,饮血剑＋灭世者的死亡之帽＋狂徒铠甲,无,403,400,450,s6-b3083-a0
263,泰坦的坚决＋正义之手＋石像鬼石板甲,单身板甲,403,400,450,s6-b5417-a4
263,冕卫＋圣盾使的誓约＋巨龙之爪,无,403,400,450,s6-b6718-a0
263,圣盾使的誓约＋石像鬼石板甲＋薄暮法袍,单身板甲,403,400,450,s6-b7374-a4
263,振奋盔甲＋正义之手＋巨龙之爪,无,403,400,450,s6-b7500-a0
263,坚定之心＋巨龙之爪＋狂徒铠甲,无,403,400,450,s6-b7723-a0
270,饮血剑＋饮血剑＋离子火花,无,402,400,450,s6-b2823-a0
270,饮血剑＋大天使之杖＋振奋盔甲,无,402,400,450,s6-b3093-a0
270,饮血剑＋棘刺背心＋狂徒铠甲,无,402,400,450,s6-b3237-a0
270,虚空之杖＋石像鬼石板甲＋狂徒铠甲,单身板甲,402,400,450,s6-b5140-a4
270,圣盾使的誓约＋适应性头盔＋振奋盔甲,无,402,400,450,s6-b7329-a0
270,圣盾使的誓约＋石像鬼石板甲＋日炎斗篷,单身板甲,402,400,450,s6-b7371-a4
270,圣盾使的誓约＋巨龙之爪＋狂徒铠甲,无,402,400,450,s6-b7394-a0
277,海克斯科技枪刃＋斯特拉克的挑战护手＋石像鬼石板甲,单身板甲,401,400,450,s6-b1372-a4
277,海克斯科技枪刃＋振奋盔甲＋振奋盔甲,无,401,400,450,s6-b1720-a0
277,夜之锋刃＋正义之手＋石像鬼石板甲,单身板甲,401,400,450,s6-b2757-a4
277,饮血剑＋离子火花＋狂徒铠甲,无,401,400,450,s6-b3137-a0
277,饮血剑＋珠光护手＋振奋盔甲,无,401,400,450,s6-b3159-a0
277,振奋盔甲＋棘刺背心＋巨龙之爪,无,401,400,450,s6-b7509-a0
283,海克斯科技枪刃＋饮血剑＋泰坦的坚决,无,400,400,450,s6-b1327-a0
283,海克斯科技枪刃＋饮血剑＋振奋盔甲,无,400,400,450,s6-b1340-a0
283,朔极之矛＋石像鬼石板甲＋巨龙之爪,单身板甲,400,400,450,s6-b2281-a4
283,夜之锋刃＋饮血剑＋正义之手,无,400,400,450,s6-b2365-a0
283,夜之锋刃＋饮血剑＋巨龙之爪,无,400,400,450,s6-b2370-a0
283,饮血剑＋大天使之杖＋巨龙之爪,无,400,400,450,s6-b3099-a0
283,饮血剑＋圣盾使的誓约＋狂徒铠甲,无,400,400,450,s6-b3195-a0
283,饮血剑＋巨龙之爪＋薄暮法袍,无,400,400,450,s6-b3261-a0
283,鬼索的狂暴之刃＋正义之手＋石像鬼石板甲,单身板甲,400,400,450,s6-b4792-a4
283,圣盾使的誓约＋振奋盔甲＋正义之手,无,400,400,450,s6-b7341-a0
283,正义之手＋石像鬼石板甲＋巨龙之爪,无,400,400,450,s6-b7572-a0
294,夜之锋刃＋饮血剑＋振奋盔甲,无,399,350,400,s6-b2364-a0
294,饮血剑＋饮血剑＋冕卫,无,399,350,400,s6-b2822-a0
294,饮血剑＋冕卫＋圣盾使的誓约,无,399,350,400,s6-b3109-a0
294,纳什之牙＋正义之手＋石像鬼石板甲,单身板甲,399,350,400,s6-b5946-a4
294,冕卫＋石像鬼石板甲＋水银,单身板甲,399,350,400,s6-b6770-a4
294,莫雷洛秘典＋石像鬼石板甲＋狂徒铠甲,单身板甲,399,350,400,s6-b7060-a4
294,蓝霸符＋振奋盔甲＋振奋盔甲,无,399,350,400,s6-b7249-a0
294,振奋盔甲＋石像鬼石板甲＋日炎斗篷,无,399,350,400,s6-b7515-a0
302,饮血剑＋虚空之杖＋巨龙之爪,无,398,350,400,s6-b2970-a0
302,饮血剑＋适应性头盔＋石像鬼石板甲,无,398,350,400,s6-b3201-a0
302,饮血剑＋振奋盔甲＋日炎斗篷,无,398,350,400,s6-b3213-a0
302,饮血剑＋正义之手＋薄暮法袍,无,398,350,400,s6-b3226-a0
302,斯特拉克的挑战护手＋振奋盔甲＋振奋盔甲,无,398,350,400,s6-b3644-a0
302,冕卫＋圣盾使的誓约＋适应性头盔,无,398,350,400,s6-b6711-a0
302,适应性头盔＋适应性头盔＋正义之手,无,398,350,400,s6-b7408-a0
309,夜之锋刃＋圣盾使的誓约＋石像鬼石板甲,单身板甲,397,350,400,s6-b2724-a4
309,饮血剑＋泰坦的坚决＋圣盾使的誓约,无,397,350,400,s6-b2986-a0
309,斯特拉克的挑战护手＋冕卫＋巨龙之爪,无,397,350,400,s6-b3552-a0
309,泰坦的坚决＋圣盾使的誓约＋石像鬼石板甲,单身板甲,397,350,400,s6-b5384-a4
309,振奋盔甲＋石像鬼石板甲＋薄暮法袍,无,397,350,400,s6-b7518-a0
309,正义之手＋正义之手＋正义之手,无,397,350,400,s6-b7550-a0
315,莫雷洛秘典＋圣盾使的誓约＋石像鬼石板甲,单身板甲,396,350,400,s6-b7004-a4
315,巨龙之爪＋巨龙之爪＋巨龙之爪,无,396,350,400,s6-b7735-a0
317,饮血剑＋饮血剑＋泰坦的坚决,无,395,350,400,s6-b2816-a0
317,饮血剑＋离子火花＋圣盾使的誓约,无,395,350,400,s6-b3126-a0
317,虚空之杖＋正义之手＋石像鬼石板甲,单身板甲,395,350,400,s6-b5117-a4
317,圣盾使的誓约＋适应性头盔＋巨龙之爪,无,395,350,400,s6-b7335-a0
317,振奋盔甲＋振奋盔甲＋日炎斗篷,无,395,350,400,s6-b7488-a0
322,夜之锋刃＋振奋盔甲＋石像鬼石板甲,无,394,350,400,s6-b2747-a0
322,斯特拉克的挑战护手＋圣盾使的誓约＋振奋盔甲,无,394,350,400,s6-b3621-a0
322,鬼索的狂暴之刃＋石像鬼石板甲＋巨龙之爪,单身板甲,394,350,400,s6-b4812-a4
322,纳什之牙＋振奋盔甲＋振奋盔甲,无,394,350,400,s6-b5933-a0
322,纳什之牙＋石像鬼石板甲＋狂徒铠甲,单身板甲,394,350,400,s6-b5969-a4
322,冕卫＋正义之手＋狂徒铠甲,无,394,350,400,s6-b6754-a0
322,正义之手＋正义之手＋巨龙之爪,无,394,350,400,s6-b7555-a0
329,死亡之刃＋振奋盔甲＋石像鬼石板甲,单身板甲,393,350,400,s6-b567-a4
329,无尽之刃＋振奋盔甲＋石像鬼石板甲,单身板甲,393,350,400,s6-b4053-a4
329,泰坦的坚决＋振奋盔甲＋巨龙之爪,无,393,350,400,s6-b5410-a0
329,离子火花＋振奋盔甲＋巨龙之爪,无,393,350,400,s6-b6894-a0
329,蓝霸符＋石像鬼石板甲＋狂徒铠甲,单身板甲,393,350,400,s6-b7285-a4
329,正义之手＋巨龙之爪＋巨龙之爪,无,393,350,400,s6-b7590-a0
335,巨人杀手＋饮血剑＋正义之手,无,392,350,400,s6-b780-a0
335,饮血剑＋圣盾使的誓约＋棘刺背心,无,392,350,400,s6-b3188-a0
335,饮血剑＋振奋盔甲＋薄暮法袍,无,392,350,400,s6-b3216-a0
335,最后的轻语＋振奋盔甲＋石像鬼石板甲,单身板甲,392,350,400,s6-b6167-a4
335,石像鬼石板甲＋巨龙之爪＋水银,单身板甲,392,350,400,s6-b7673-a4
340,饮血剑＋正义之手＋日炎斗篷,无,391,350,400,s6-b3223-a0
340,红霸符＋振奋盔甲＋石像鬼石板甲,单身板甲,391,350,400,s6-b4431-a4
340,泰坦的坚决＋振奋盔甲＋振奋盔甲,无,391,350,400,s6-b5404-a0
340,正义之手＋石像鬼石板甲＋水银,单身板甲,391,350,400,s6-b7574-a4
340,石像鬼石板甲＋石像鬼石板甲＋巨龙之爪,无,391,350,400,s6-b7653-a0
345,饮血剑＋莫雷洛秘典＋巨龙之爪,无,390,350,400,s6-b3150-a0
345,斯特拉克的挑战护手＋适应性头盔＋石像鬼石板甲,单身板甲,390,350,400,s6-b3636-a4
345,纳什之牙＋圣盾使的誓约＋石像鬼石板甲,单身板甲,390,350,400,s6-b5913-a4
345,圣盾使的誓约＋石像鬼石板甲＋坚定之心,无,390,350,400,s6-b7372-a0
349,夜之锋刃＋饮血剑＋狂徒铠甲,无,389,350,400,s6-b2373-a0
349,饮血剑＋斯特拉克的挑战护手＋石像鬼石板甲,无,389,350,400,s6-b2861-a0
349,饮血剑＋薄暮法袍＋狂徒铠甲,无,389,350,400,s6-b3267-a0
349,斯特拉克的挑战护手＋振奋盔甲＋巨龙之爪,无,389,350,400,s6-b3650-a0
349,冕卫＋离子火花＋振奋盔甲,无,389,350,400,s6-b6654-a0
349,冕卫＋圣盾使的誓约＋坚定之心,无,389,350,400,s6-b6717-a0
349,莫雷洛秘典＋振奋盔甲＋石像鬼石板甲,无,389,350,400,s6-b7027-a0
349,蓝霸符＋圣盾使的誓约＋石像鬼石板甲,单身板甲,389,350,400,s6-b7229-a4
349,圣盾使的誓约＋适应性头盔＋狂徒铠甲,无,389,350,400,s6-b7338-a0
349,圣盾使的誓约＋巨龙之爪＋巨龙之爪,无,389,350,400,s6-b7391-a0
349,适应性头盔＋石像鬼石板甲＋巨龙之爪,无,389,350,400,s6-b7451-a0
349,振奋盔甲＋坚定之心＋狂徒铠甲,无,389,350,400,s6-b7533-a0
349,正义之手＋巨龙之爪＋狂徒铠甲,无,389,350,400,s6-b7593-a0
362,海克斯科技枪刃＋适应性头盔＋振奋盔甲,无,388,350,400,s6-b1709-a0
362,饮血剑＋虚空之杖＋坚定之心,无,388,350,400,s6-b2969-a0
362,饮血剑＋珠光护手＋狂徒铠甲,无,388,350,400,s6-b3168-a0
362,饮血剑＋正义之手＋强袭者的链枷,无,388,350,400,s6-b3229-a0
362,饮血剑＋狂徒铠甲＋狂徒铠甲,无,388,350,400,s6-b3272-a0
362,斯特拉克的挑战护手＋石像鬼石板甲＋狂徒铠甲,无,388,350,400,s6-b3680-a0
362,鬼索的狂暴之刃＋冕卫＋石像鬼石板甲,单身板甲,388,350,400,s6-b4684-a4
362,纳什之牙＋石像鬼石板甲＋坚定之心,单身板甲,388,350,400,s6-b5965-a4
362,冕卫＋圣盾使的誓约＋正义之手,无,388,350,400,s6-b6713-a0
362,振奋盔甲＋振奋盔甲＋薄暮法袍,无,388,350,400,s6-b7491-a0
372,海克斯科技枪刃＋饮血剑＋圣盾使的誓约,无,387,350,400,s6-b1338-a0
372,朔极之矛＋振奋盔甲＋振奋盔甲,无,387,350,400,s6-b2248-a0
372,饮血剑＋灭世者的死亡之帽＋圣盾使的誓约,无,387,350,400,s6-b3072-a0
372,饮血剑＋大天使之杖＋圣盾使的誓约,无,387,350,400,s6-b3091-a0
372,斯特拉克的挑战护手＋适应性头盔＋振奋盔甲,无,387,350,400,s6-b3633-a0
372,泰坦的坚决＋振奋盔甲＋正义之手,无,387,350,400,s6-b5405-a0
372,冕卫＋离子火花＋狂徒铠甲,无,387,350,400,s6-b6663-a0
372,棘刺背心＋巨龙之爪＋狂徒铠甲,无,387,350,400,s6-b7638-a0
380,饮血剑＋纳什之牙＋巨龙之爪,无,386,350,400,s6-b3039-a0
380,饮血剑＋日炎斗篷＋狂徒铠甲,无,386,350,400,s6-b3252-a0
380,冕卫＋振奋盔甲＋棘刺背心,无,386,350,400,s6-b6737-a0
380,圣盾使的誓约＋圣盾使的誓约＋石像鬼石板甲,单身板甲,386,350,400,s6-b7320-a4
380,振奋盔甲＋日炎斗篷＋巨龙之爪,无,386,350,400,s6-b7524-a0
385,饮血剑＋饮血剑＋鬼索的狂暴之刃,无,385,350,400,s6-b2814-a0
385,冕卫＋适应性头盔＋石像鬼石板甲,无,385,350,400,s6-b6727-a0
385,冕卫＋适应性头盔＋巨龙之爪,无,385,350,400,s6-b6730-a0
385,离子火花＋适应性头盔＋石像鬼石板甲,单身板甲,385,350,400,s6-b6880-a4
385,圣盾使的誓约＋坚定之心＋巨龙之爪,无,385,350,400,s6-b7386-a0
385,适应性头盔＋适应性头盔＋振奋盔甲,无,385,350,400,s6-b7407-a0
385,振奋盔甲＋正义之手＋正义之手,无,385,350,400,s6-b7495-a0
392,海克斯科技枪刃＋海克斯科技枪刃＋饮血剑,无,384,350,400,s6-b1228-a0
392,海克斯科技枪刃＋饮血剑＋狂徒铠甲,无,384,350,400,s6-b1349-a0
392,海克斯科技枪刃＋适应性头盔＋石像鬼石板甲,单身板甲,384,350,400,s6-b1712-a4
392,饮血剑＋斯特拉克的挑战护手＋振奋盔甲,无,384,350,400,s6-b2858-a0
392,饮血剑＋莫雷洛秘典＋正义之手,无,384,350,400,s6-b3145-a0
392,饮血剑＋珠光护手＋圣盾使的誓约,无,384,350,400,s6-b3157-a0
392,斯特拉克的挑战护手＋冕卫＋振奋盔甲,无,384,350,400,s6-b3546-a0
392,鬼索的狂暴之刃＋正义之手＋正义之手,无,384,350,400,s6-b4790-a0
392,正义之手＋石像鬼石板甲＋薄暮法袍,单身板甲,384,350,400,s6-b7573-a4
392,正义之手＋石像鬼石板甲＋强袭者的链枷,单身板甲,384,350,400,s6-b7576-a4
392,石像鬼石板甲＋石像鬼石板甲＋狂徒铠甲,无,384,350,400,s6-b7656-a0
392,石像鬼石板甲＋坚定之心＋坚定之心,单身板甲,384,350,400,s6-b7665-a4
404,饮血剑＋斯特拉克的挑战护手＋正义之手,无,383,350,400,s6-b2859-a0
404,饮血剑＋正义之手＋水银,无,383,350,400,s6-b3227-a0
404,鬼索的狂暴之刃＋振奋盔甲＋振奋盔甲,无,383,350,400,s6-b4779-a0
404,虚空之杖＋圣盾使的誓约＋石像鬼石板甲,单身板甲,383,350,400,s6-b5084-a4
404,纳什之牙＋振奋盔甲＋石像鬼石板甲,无,383,350,400,s6-b5936-a0
404,灭世者的死亡之帽＋圣盾使的誓约＋石像鬼石板甲,单身板甲,383,350,400,s6-b6354-a4
404,大天使之杖＋圣盾使的誓约＋石像鬼石板甲,单身板甲,383,350,400,s6-b6544-a4
404,冕卫＋振奋盔甲＋薄暮法袍,无,383,350,400,s6-b6742-a0
404,珠光护手＋圣盾使的誓约＋石像鬼石板甲,单身板甲,383,350,400,s6-b7124-a4
404,蓝霸符＋正义之手＋正义之手,无,383,350,400,s6-b7260-a0
404,适应性头盔＋狂徒铠甲＋狂徒铠甲,无,383,350,400,s6-b7481-a0
415,朔极之矛＋正义之手＋石像鬼石板甲,单身板甲,382,350,400,s6-b2261-a4
415,饮血剑＋大天使之杖＋狂徒铠甲,无,382,350,400,s6-b3102-a0
415,红霸符＋石像鬼石板甲＋巨龙之爪,单身板甲,382,350,400,s6-b4461-a4
415,冕卫＋冕卫＋振奋盔甲,无,382,350,400,s6-b6637-a0
415,圣盾使的誓约＋圣盾使的誓约＋振奋盔甲,无,382,350,400,s6-b7317-a0
415,圣盾使的誓约＋正义之手＋巨龙之爪,无,382,350,400,s6-b7356-a0
415,石像鬼石板甲＋巨龙之爪＋强袭者的链枷,单身板甲,382,350,400,s6-b7675-a4
422,海克斯科技枪刃＋振奋盔甲＋巨龙之爪,无,381,350,400,s6-b1726-a0
422,饮血剑＋饮血剑＋虚空之杖,无,381,350,400,s6-b2815-a0
422,饮血剑＋圣盾使的誓约＋日炎斗篷,无,381,350,400,s6-b3190-a0
422,饮血剑＋圣盾使的誓约＋薄暮法袍,无,381,350,400,s6-b3193-a0
422,斯特拉克的挑战护手＋巨龙之爪＋巨龙之爪,无,381,350,400,s6-b3695-a0
422,虚空之杖＋振奋盔甲＋石像鬼石板甲,无,381,350,400,s6-b5107-a0
422,冕卫＋石像鬼石板甲＋巨龙之爪,无,381,350,400,s6-b6768-a0
422,蓝霸符＋振奋盔甲＋狂徒铠甲,无,381,350,400,s6-b7258-a0
430,朔极之矛＋石像鬼石板甲＋狂徒铠甲,单身板甲,380,350,400,s6-b2284-a4
430,饮血剑＋饮血剑＋纳什之牙,无,380,350,400,s6-b2818-a0
430,饮血剑＋饮血剑＋强袭者的链枷,无,380,350,400,s6-b2839-a0
430,饮血剑＋虚空之杖＋振奋盔甲,无,380,350,400,s6-b2964-a0
430,斯特拉克的挑战护手＋斯特拉克的挑战护手＋石像鬼石板甲,单身板甲,380,350,400,s6-b3296-a4
430,灭世者的死亡之帽＋振奋盔甲＋振奋盔甲,无,380,350,400,s6-b6374-a0
430,石像鬼石板甲＋坚定之心＋巨龙之爪,无,380,350,400,s6-b7666-a0
437,饮血剑＋无尽之刃＋正义之手,无,379,350,400,s6-b2887-a0
437,斯特拉克的挑战护手＋巨龙之爪＋狂徒铠甲,无,379,350,400,s6-b3698-a0
437,冕卫＋莫雷洛秘典＋石像鬼石板甲,单身板甲,379,350,400,s6-b6673-a4
437,冕卫＋振奋盔甲＋日炎斗篷,无,379,350,400,s6-b6739-a0
437,冕卫＋棘刺背心＋狂徒铠甲,无,379,350,400,s6-b6763-a0
437,蓝霸符＋圣盾使的誓约＋振奋盔甲,无,379,350,400,s6-b7226-a0
437,适应性头盔＋振奋盔甲＋日炎斗篷,无,379,350,400,s6-b7422-a0
437,适应性头盔＋正义之手＋石像鬼石板甲,无,379,350,400,s6-b7431-a0
437,振奋盔甲＋正义之手＋狂徒铠甲,无,379,350,400,s6-b7503-a0
437,振奋盔甲＋巨龙之爪＋薄暮法袍,无,379,350,400,s6-b7536-a0
447,饮血剑＋适应性头盔＋巨龙之爪,无,378,350,400,s6-b3204-a0
447,饮血剑＋巨龙之爪＋强袭者的链枷,无,378,350,400,s6-b3264-a0
447,斯特拉克的挑战护手＋冕卫＋狂徒铠甲,无,378,350,400,s6-b3555-a0
447,大天使之杖＋振奋盔甲＋巨龙之爪,无,378,350,400,s6-b6570-a0
447,冕卫＋正义之手＋巨龙之爪,无,378,350,400,s6-b6751-a0
447,离子火花＋振奋盔甲＋狂徒铠甲,无,378,350,400,s6-b6897-a0
447,离子火花＋巨龙之爪＋狂徒铠甲,无,378,350,400,s6-b6942-a0
447,圣盾使的誓约＋振奋盔甲＋坚定之心,无,378,350,400,s6-b7345-a0
447,圣盾使的誓约＋正义之手＋正义之手,无,378,350,400,s6-b7351-a0
447,适应性头盔＋棘刺背心＋石像鬼石板甲,单身板甲,378,350,400,s6-b7440-a4
447,适应性头盔＋石像鬼石板甲＋狂徒铠甲,无,378,350,400,s6-b7454-a0
447,振奋盔甲＋正义之手＋坚定之心,无,378,350,400,s6-b7499-a0
459,夜之锋刃＋振奋盔甲＋巨龙之爪,无,377,350,400,s6-b2750-a0
459,饮血剑＋斯特拉克的挑战护手＋冕卫,无,377,350,400,s6-b2851-a0
459,饮血剑＋海妖之怒＋正义之手,无,377,350,400,s6-b3012-a0
459,斯特拉克的挑战护手＋圣盾使的誓约＋石像鬼石板甲,无,377,350,400,s6-b3624-a0
459,大天使之杖＋石像鬼石板甲＋巨龙之爪,单身板甲,377,350,400,s6-b6597-a4
459,石像鬼石板甲＋狂徒铠甲＋强袭者的链枷,单身板甲,377,350,400,s6-b7684-a4
465,巨人杀手＋饮血剑＋振奋盔甲,无,376,350,400,s6-b779-a0
465,海克斯科技枪刃＋圣盾使的誓约＋石像鬼石板甲,无,376,350,400,s6-b1700-a0
465,夜之锋刃＋饮血剑＋圣盾使的誓约,无,376,350,400,s6-b2362-a0
465,饮血剑＋饮血剑＋适应性头盔,无,376,350,400,s6-b2828-a0
465,饮血剑＋鬼索的狂暴之刃＋巨龙之爪,无,376,350,400,s6-b2945-a0
465,饮血剑＋虚空之杖＋狂徒铠甲,无,376,350,400,s6-b2973-a0
465,饮血剑＋莫雷洛秘典＋振奋盔甲,无,376,350,400,s6-b3144-a0
465,饮血剑＋蓝霸符＋石像鬼石板甲,无,376,350,400,s6-b3176-a0
465,饮血剑＋振奋盔甲＋强袭者的链枷,无,376,350,400,s6-b3219-a0
465,海妖之怒＋石像鬼石板甲＋狂徒铠甲,单身板甲,376,350,400,s6-b5716-a4
465,纳什之牙＋石像鬼石板甲＋巨龙之爪,无,376,350,400,s6-b5966-a0
465,冕卫＋棘刺背心＋石像鬼石板甲,单身板甲,376,350,400,s6-b6757-a4
465,离子火花＋振奋盔甲＋正义之手,无,376,350,400,s6-b6889-a0
465,蓝霸符＋石像鬼石板甲＋坚定之心,单身板甲,376,350,400,s6-b7281-a4
465,圣盾使的誓约＋适应性头盔＋石像鬼石板甲,无,376,350,400,s6-b7332-a0
465,适应性头盔＋适应性头盔＋巨龙之爪,无,376,350,400,s6-b7413-a0
465,振奋盔甲＋坚定之心＋坚定之心,无,376,350,400,s6-b7529-a0
465,石像鬼石板甲＋水银＋狂徒铠甲,单身板甲,376,350,400,s6-b7681-a4
483,巨人杀手＋圣盾使的誓约＋石像鬼石板甲,单身板甲,375,350,400,s6-b1139-a4
483,海克斯科技枪刃＋冕卫＋振奋盔甲,无,375,350,400,s6-b1622-a0
483,朔极之矛＋圣盾使的誓约＋石像鬼石板甲,单身板甲,375,350,400,s6-b2228-a4
483,饮血剑＋饮血剑＋水银,无,375,350,400,s6-b2837-a0
483,饮血剑＋鬼索的狂暴之刃＋振奋盔甲,无,375,350,400,s6-b2939-a0
483,鬼索的狂暴之刃＋石像鬼石板甲＋狂徒铠甲,单身板甲,375,350,400,s6-b4815-a4
483,冕卫＋薄暮法袍＋狂徒铠甲,无,375,350,400,s6-b6793-a0
483,离子火花＋圣盾使的誓约＋石像鬼石板甲,无,375,350,400,s6-b6868-a0
483,日炎斗篷＋巨龙之爪＋巨龙之爪,无,375,350,400,s6-b7699-a0
492,海克斯科技枪刃＋正义之手＋正义之手,无,374,350,400,s6-b1731-a0
492,朔极之矛＋饮血剑＋石像鬼石板甲,无,374,350,400,s6-b1871-a0
492,泰坦的坚决＋振奋盔甲＋狂徒铠甲,无,374,350,400,s6-b5413-a0
492,离子火花＋正义之手＋石像鬼石板甲,单身板甲,374,350,400,s6-b6901-a4
492,振奋盔甲＋棘刺背心＋狂徒铠甲,无,374,350,400,s6-b7512-a0
497,饮血剑＋海妖之怒＋振奋盔甲,无,373,350,400,s6-b3011-a0
497,饮血剑＋莫雷洛秘典＋石像鬼石板甲,无,373,350,400,s6-b3147-a0
497,饮血剑＋棘刺背心＋石像鬼石板甲,无,373,350,400,s6-b3231-a0
497,红霸符＋正义之手＋石像鬼石板甲,单身板甲,373,350,400,s6-b4441-a4
497,鬼索的狂暴之刃＋正义之手＋石像鬼石板甲,无,373,350,400,s6-b4792-a0
497,大天使之杖＋振奋盔甲＋振奋盔甲,无,373,350,400,s6-b6564-a0
503,海克斯科技枪刃＋冕卫＋狂徒铠甲,无,372,350,400,s6-b1631-a0
503,饮血剑＋鬼索的狂暴之刃＋坚定之心,无,372,350,400,s6-b2944-a0
503,饮血剑＋振奋盔甲＋水银,无,372,350,400,s6-b3217-a0
503,斯特拉克的挑战护手＋蓝霸符＋石像鬼石板甲,单身板甲,372,350,400,s6-b3611-a4
503,离子火花＋圣盾使的誓约＋振奋盔甲,无,372,350,400,s6-b6865-a0
503,珠光护手＋振奋盔甲＋巨龙之爪,无,372,350,400,s6-b7150-a0
503,圣盾使的誓约＋石像鬼石板甲＋强袭者的链枷,单身板甲,372,350,400,s6-b7377-a4
503,适应性头盔＋石像鬼石板甲＋日炎斗篷,单身板甲,372,350,400,s6-b7449-a4
503,适应性头盔＋石像鬼石板甲＋薄暮法袍,单身板甲,372,350,400,s6-b7452-a4
503,适应性头盔＋坚定之心＋巨龙之爪,无,372,350,400,s6-b7464-a0
513,海克斯科技枪刃＋饮血剑＋薄暮法袍,无,371,350,400,s6-b1347-a0
513,夜之锋刃＋振奋盔甲＋振奋盔甲,无,371,350,400,s6-b2744-a0
513,斯特拉克的挑战护手＋纳什之牙＋石像鬼石板甲,单身板甲,371,350,400,s6-b3471-a4
513,斯特拉克的挑战护手＋冕卫＋圣盾使的誓约,无,371,350,400,s6-b3544-a0
513,泰坦的坚决＋石像鬼石板甲＋狂徒铠甲,单身板甲,371,350,400,s6-b5440-a4
513,离子火花＋振奋盔甲＋坚定之心,无,371,350,400,s6-b6893-a0
513,莫雷洛秘典＋振奋盔甲＋振奋盔甲,无,371,350,400,s6-b7024-a0
513,蓝霸符＋适应性头盔＋振奋盔甲,无,371,350,400,s6-b7238-a0
513,日炎斗篷＋巨龙之爪＋狂徒铠甲,无,371,350,400,s6-b7702-a0
522,饮血剑＋鬼索的狂暴之刃＋圣盾使的誓约,无,370,350,400,s6-b2937-a0
522,饮血剑＋石像鬼石板甲＋薄暮法袍,无,370,350,400,s6-b3243-a0
522,饮血剑＋巨龙之爪＋水银,无,370,350,400,s6-b3262-a0
522,虚空之杖＋振奋盔甲＋巨龙之爪,无,370,350,400,s6-b5110-a0
522,纳什之牙＋离子火花＋石像鬼石板甲,单身板甲,370,350,400,s6-b5855-a4
522,冕卫＋适应性头盔＋坚定之心,无,370,350,400,s6-b6729-a0
522,蓝霸符＋圣盾使的誓约＋正义之手,无,370,350,400,s6-b7227-a0
522,适应性头盔＋振奋盔甲＋棘刺背心,无,370,350,400,s6-b7420-a0
522,适应性头盔＋巨龙之爪＋巨龙之爪,无,370,350,400,s6-b7469-a0
531,夜之锋刃＋冕卫＋石像鬼石板甲,单身板甲,369,350,400,s6-b2649-a4
531,夜之锋刃＋适应性头盔＋石像鬼石板甲,单身板甲,369,350,400,s6-b2736-a4
531,饮血剑＋斯特拉克的挑战护手＋狂徒铠甲,无,369,350,400,s6-b2867-a0
531,饮血剑＋纳什之牙＋坚定之心,无,369,350,400,s6-b3038-a0
531,鬼索的狂暴之刃＋圣盾使的誓约＋石像鬼石板甲,单身板甲,369,350,400,s6-b4759-a4
531,虚空之杖＋冕卫＋石像鬼石板甲,单身板甲,369,350,400,s6-b5009-a4
531,纳什之牙＋适应性头盔＋振奋盔甲,无,369,350,400,s6-b5922-a0
531,冕卫＋日炎斗篷＋狂徒铠甲,无,369,350,400,s6-b6778-a0
531,圣盾使的誓约＋坚定之心＋狂徒铠甲,无,369,350,400,s6-b7389-a0
540,巨人杀手＋饮血剑＋狂徒铠甲,无,368,350,400,s6-b788-a0
540,朔极之矛＋振奋盔甲＋石像鬼石板甲,无,368,350,400,s6-b2251-a0
540,朔极之矛＋石像鬼石板甲＋坚定之心,单身板甲,368,350,400,s6-b2280-a4
540,夜之锋刃＋饮血剑＋石像鬼石板甲,无,368,350,400,s6-b2367-a0
540,夜之锋刃＋冕卫＋振奋盔甲,无,368,350,400,s6-b2646-a0
540,饮血剑＋泰坦的坚决＋石像鬼石板甲,无,368,350,400,s6-b2991-a0
540,饮血剑＋纳什之牙＋正义之手,无,368,350,400,s6-b3034-a0
540,饮血剑＋坚定之心＋水银,无,368,350,400,s6-b3257-a0
540,斯特拉克的挑战护手＋正义之手＋巨龙之爪,无,368,350,400,s6-b3660-a0
540,鬼索的狂暴之刃＋石像鬼石板甲＋坚定之心,单身板甲,368,350,400,s6-b4811-a4
540,海妖之怒＋圣盾使的誓约＋石像鬼石板甲,单身板甲,368,350,400,s6-b5660-a4
540,灭世者的死亡之帽＋振奋盔甲＋狂徒铠甲,无,368,350,400,s6-b6383-a0
540,莫雷洛秘典＋振奋盔甲＋巨龙之爪,无,368,350,400,s6-b7030-a0
540,圣盾使的誓约＋棘刺背心＋石像鬼石板甲,无,368,350,400,s6-b7362-a0
540,圣盾使的誓约＋石像鬼石板甲＋水银,单身板甲,368,350,400,s6-b7375-a4
555,海克斯科技枪刃＋饮血剑＋虚空之杖,无,367,350,400,s6-b1326-a0
555,海克斯科技枪刃＋饮血剑＋日炎斗篷,无,367,350,400,s6-b1344-a0
555,海克斯科技枪刃＋圣盾使的誓约＋振奋盔甲,无,367,350,400,s6-b1697-a0
555,海克斯科技枪刃＋巨龙之爪＋狂徒铠甲,无,367,350,400,s6-b1774-a0
555,夜之锋刃＋饮血剑＋斯特拉克的挑战护手,无,367,350,400,s6-b2346-a0
555,夜之锋刃＋巨龙之爪＋狂徒铠甲,无,367,350,400,s6-b2798-a0
555,饮血剑＋斯特拉克的挑战护手＋圣盾使的誓约,无,367,350,400,s6-b2856-a0
555,饮血剑＋泰坦的坚决＋纳什之牙,无,367,350,400,s6-b2977-a0
555,斯特拉克的挑战护手＋振奋盔甲＋狂徒铠甲,无,367,350,400,s6-b3653-a0
555,泰坦的坚决＋石像鬼石板甲＋巨龙之爪,单身板甲,367,350,400,s6-b5437-a4
555,珠光护手＋振奋盔甲＋振奋盔甲,无,367,350,400,s6-b7144-a0
555,蓝霸符＋振奋盔甲＋巨龙之爪,无,367,350,400,s6-b7255-a0
555,圣盾使的誓约＋正义之手＋狂徒铠甲,无,367,350,400,s6-b7359-a0
555,圣盾使的誓约＋棘刺背心＋巨龙之爪,无,367,350,400,s6-b7365-a0
555,适应性头盔＋正义之手＋狂徒铠甲,无,367,350,400,s6-b7437-a0
555,适应性头盔＋石像鬼石板甲＋石像鬼石板甲,无,367,350,400,s6-b7448-a0
555,振奋盔甲＋正义之手＋棘刺背心,无,367,350,400,s6-b7496-a0
555,正义之手＋坚定之心＋巨龙之爪,无,367,350,400,s6-b7585-a0
555,巨龙之爪＋薄暮法袍＋狂徒铠甲,无,367,350,400,s6-b7742-a0
574,死亡之刃＋饮血剑＋正义之手,无,366,350,400,s6-b185-a0
574,巨人杀手＋饮血剑＋巨龙之爪,无,366,350,400,s6-b785-a0
574,海克斯科技枪刃＋夜之锋刃＋饮血剑,无,366,350,400,s6-b1291-a0
574,海克斯科技枪刃＋适应性头盔＋适应性头盔,无,366,350,400,s6-b1708-a0
574,海克斯科技枪刃＋适应性头盔＋正义之手,无,366,350,400,s6-b1710-a0
574,海克斯科技枪刃＋巨龙之爪＋巨龙之爪,无,366,350,400,s6-b1771-a0
574,饮血剑＋虚空之杖＋圣盾使的誓约,无,366,350,400,s6-b2962-a0
574,饮血剑＋最后的轻语＋正义之手,无,366,350,400,s6-b3055-a0
574,饮血剑＋大天使之杖＋石像鬼石板甲,无,366,350,400,s6-b3096-a0
574,斯特拉克的挑战护手＋圣盾使的誓约＋巨龙之爪,无,366,350,400,s6-b3627-a0
574,泰坦的坚决＋振奋盔甲＋石像鬼石板甲,无,366,350,400,s6-b5407-a0
574,离子火花＋圣盾使的誓约＋巨龙之爪,无,366,350,400,s6-b6871-a0
574,珠光护手＋振奋盔甲＋正义之手,无,366,350,400,s6-b7145-a0
574,蓝霸符＋振奋盔甲＋正义之手,无,366,350,400,s6-b7250-a0
574,蓝霸符＋振奋盔甲＋石像鬼石板甲,无,366,350,400,s6-b7252-a0
574,适应性头盔＋正义之手＋巨龙之爪,无,366,350,400,s6-b7434-a0
574,振奋盔甲＋振奋盔甲＋水银,无,366,350,400,s6-b7492-a0
574,振奋盔甲＋石像鬼石板甲＋强袭者的链枷,无,366,350,400,s6-b7521-a0
592,海克斯科技枪刃＋振奋盔甲＋正义之手,无,365,350,400,s6-b1721-a0
592,海克斯科技枪刃＋石像鬼石板甲＋坚定之心,单身板甲,365,350,400,s6-b1752-a4
592,夜之锋刃＋冕卫＋狂徒铠甲,无,365,350,400,s6-b2655-a0
592,饮血剑＋饮血剑＋薄暮法袍,无,365,350,400,s6-b2836-a0
592,饮血剑＋红霸符＋正义之手,无,365,350,400,s6-b2914-a0
592,饮血剑＋离子火花＋坚定之心,无,365,350,400,s6-b3133-a0
592,饮血剑＋莫雷洛秘典＋圣盾使的誓约,无,365,350,400,s6-b3142-a0
592,纳什之牙＋冕卫＋石像鬼石板甲,无,365,350,400,s6-b5838-a0
592,大天使之杖＋振奋盔甲＋石像鬼石板甲,无,365,350,400,s6-b6567-a0
592,冕卫＋冕卫＋石像鬼石板甲,单身板甲,365,350,400,s6-b6640-a4
592,冕卫＋正义之手＋石像鬼石板甲,无,365,350,400,s6-b6748-a0
592,蓝霸符＋石像鬼石板甲＋巨龙之爪,无,365,350,400,s6-b7282-a0
592,适应性头盔＋适应性头盔＋狂徒铠甲,无,365,350,400,s6-b7416-a0
592,正义之手＋正义之手＋狂徒铠甲,无,365,350,400,s6-b7558-a0
606,海克斯科技枪刃＋海克斯科技枪刃＋石像鬼石板甲,单身板甲,364,350,400,s6-b1250-a4
606,海克斯科技枪刃＋鬼索的狂暴之刃＋石像鬼石板甲,单身板甲,364,350,400,s6-b1453-a4
606,饮血剑＋无尽之刃＋振奋盔甲,无,364,350,400,s6-b2886-a0
606,饮血剑＋蓝霸符＋适应性头盔,无,364,350,400,s6-b3172-a0
606,斯特拉克的挑战护手＋正义之手＋正义之手,无,364,350,400,s6-b3655-a0
606,红霸符＋石像鬼石板甲＋狂徒铠甲,单身板甲,364,350,400,s6-b4464-a4
606,鬼索的狂暴之刃＋振奋盔甲＋石像鬼石板甲,无,364,350,400,s6-b4782-a0
606,虚空之杖＋振奋盔甲＋振奋盔甲,无,364,350,400,s6-b5104-a0
606,灭世者的死亡之帽＋振奋盔甲＋正义之手,无,364,350,400,s6-b6375-a0
606,大天使之杖＋振奋盔甲＋狂徒铠甲,无,364,350,400,s6-b6573-a0
606,冕卫＋离子火花＋圣盾使的誓约,无,364,350,400,s6-b6652-a0
606,冕卫＋石像鬼石板甲＋石像鬼石板甲,无,364,350,400,s6-b6765-a0
606,蓝霸符＋圣盾使的誓约＋狂徒铠甲,无,364,350,400,s6-b7235-a0
606,圣盾使的誓约＋振奋盔甲＋棘刺背心,无,364,350,400,s6-b7342-a0
606,圣盾使的誓约＋正义之手＋坚定之心,无,364,350,400,s6-b7355-a0
606,圣盾使的誓约＋石像鬼石板甲＋日炎斗篷,无,364,350,400,s6-b7371-a0
606,振奋盔甲＋石像鬼石板甲＋水银,无,364,350,400,s6-b7519-a0
606,振奋盔甲＋薄暮法袍＋狂徒铠甲,无,364,350,400,s6-b7542-a0
606,棘刺背心＋巨龙之爪＋巨龙之爪,无,364,350,400,s6-b7635-a0
625,巨人杀手＋饮血剑＋圣盾使的誓约,无,363,350,400,s6-b777-a0
625,海克斯科技枪刃＋正义之手＋巨龙之爪,无,363,350,400,s6-b1736-a0
625,饮血剑＋饮血剑＋日炎斗篷,无,363,350,400,s6-b2833-a0
625,饮血剑＋冕卫＋水银,无,363,350,400,s6-b3119-a0
625,斯特拉克的挑战护手＋圣盾使的誓约＋适应性头盔,无,363,350,400,s6-b3620-a0
625,斯特拉克的挑战护手＋石像鬼石板甲＋日炎斗篷,单身板甲,363,350,400,s6-b3675-a4
625,海妖之怒＋振奋盔甲＋石像鬼石板甲,无,363,350,400,s6-b5683-a0
625,纳什之牙＋冕卫＋巨龙之爪,无,363,350,400,s6-b5841-a0
625,冕卫＋圣盾使的誓约＋薄暮法袍,无,363,350,400,s6-b6719-a0
625,离子火花＋适应性头盔＋振奋盔甲,无,363,350,400,s6-b6877-a0
625,圣盾使的誓约＋适应性头盔＋坚定之心,无,363,350,400,s6-b7334-a0
625,圣盾使的誓约＋石像鬼石板甲＋薄暮法袍,无,363,350,400,s6-b7374-a0
625,石像鬼石板甲＋坚定之心＋狂徒铠甲,无,363,350,400,s6-b7669-a0
638,死亡之刃＋饮血剑＋振奋盔甲,无,362,350,400,s6-b184-a0
638,海克斯科技枪刃＋饮血剑＋离子火花,无,362,350,400,s6-b1334-a0
638,朔极之矛＋饮血剑＋巨龙之爪,无,362,350,400,s6-b1874-a0
638,朔极之矛＋振奋盔甲＋狂徒铠甲,无,362,350,400,s6-b2257-a0
638,饮血剑＋纳什之牙＋振奋盔甲,无,362,350,400,s6-b3033-a0
638,饮血剑＋离子火花＋日炎斗篷,无,362,350,400,s6-b3132-a0
638,饮血剑＋莫雷洛秘典＋狂徒铠甲,无,362,350,400,s6-b3153-a0
638,饮血剑＋适应性头盔＋坚定之心,无,362,350,400,s6-b3203-a0
638,斯特拉克的挑战护手＋振奋盔甲＋坚定之心,无,362,350,400,s6-b3649-a0
638,纳什之牙＋振奋盔甲＋巨龙之爪,无,362,350,400,s6-b5939-a0
638,冕卫＋圣盾使的誓约＋棘刺背心,无,362,350,400,s6-b6714-a0
638,离子火花＋振奋盔甲＋棘刺背心,无,362,350,400,s6-b6890-a0
638,莫雷洛秘典＋正义之手＋石像鬼石板甲,单身板甲,362,350,400,s6-b7037-a4
638,珠光护手＋正义之手＋正义之手,无,362,350,400,s6-b7155-a0
638,振奋盔甲＋日炎斗篷＋狂徒铠甲,无,362,350,400,s6-b7527-a0
638,坚定之心＋狂徒铠甲＋狂徒铠甲,无,362,350,400,s6-b7732-a0
654,海克斯科技枪刃＋饮血剑＋鬼索的狂暴之刃,无,361,350,400,s6-b1325-a0
654,朔极之矛＋饮血剑＋饮血剑,无,361,350,400,s6-b1849-a0
654,鬼索的狂暴之刃＋适应性头盔＋正义之手,无,361,350,400,s6-b4769-a0
654,泰坦的坚决＋圣盾使的誓约＋正义之手,无,361,350,400,s6-b5382-a0
654,灭世者的死亡之帽＋振奋盔甲＋巨龙之爪,无,361,350,400,s6-b6380-a0
654,冕卫＋石像鬼石板甲＋强袭者的链枷,单身板甲,361,350,400,s6-b6772-a4
654,狂徒铠甲＋狂徒铠甲＋狂徒铠甲,无,361,350,400,s6-b7766-a0
661,海克斯科技枪刃＋饮血剑＋斯特拉克的挑战护手,无,360,350,400,s6-b1322-a0
661,海克斯科技枪刃＋饮血剑＋莫雷洛秘典,无,360,350,400,s6-b1335-a0
661,海克斯科技枪刃＋蓝霸符＋石像鬼石板甲,单身板甲,360,350,400,s6-b1687-a4
661,海克斯科技枪刃＋振奋盔甲＋狂徒铠甲,无,360,350,400,s6-b1729-a0
661,饮血剑＋饮血剑＋红霸符,无,360,350,400,s6-b2813-a0
661,饮血剑＋圣盾使的誓约＋强袭者的链枷,无,360,350,400,s6-b3196-a0
661,饮血剑＋日炎斗篷＋坚定之心,无,360,350,400,s6-b3248-a0
661,饮血剑＋狂徒铠甲＋强袭者的链枷,无,360,350,400,s6-b3273-a0
661,斯特拉克的挑战护手＋坚定之心＋巨龙之爪,无,360,350,400,s6-b3690-a0
661,鬼索的狂暴之刃＋振奋盔甲＋正义之手,无,360,350,400,s6-b4780-a0
661,纳什之牙＋圣盾使的誓约＋振奋盔甲,无,360,350,400,s6-b5910-a0
661,纳什之牙＋石像鬼石板甲＋狂徒铠甲,无,360,350,400,s6-b5969-a0
661,冕卫＋圣盾使的誓约＋日炎斗篷,无,360,350,400,s6-b6716-a0
661,适应性头盔＋振奋盔甲＋薄暮法袍,无,360,350,400,s6-b7425-a0
661,适应性头盔＋石像鬼石板甲＋坚定之心,无,360,350,400,s6-b7450-a0
661,振奋盔甲＋棘刺背心＋坚定之心,无,360,350,400,s6-b7508-a0
661,正义之手＋石像鬼石板甲＋日炎斗篷,单身板甲,360,350,400,s6-b7570-a4
678,海克斯科技枪刃＋饮血剑＋冕卫,无,359,350,400,s6-b1333-a0
678,海克斯科技枪刃＋纳什之牙＋石像鬼石板甲,单身板甲,359,350,400,s6-b1547-a4
678,海克斯科技枪刃＋圣盾使的誓约＋适应性头盔,无,359,350,400,s6-b1696-a0
678,朔极之矛＋斯特拉克的挑战护手＋石像鬼石板甲,单身板甲,359,350,400,s6-b1900-a4
678,夜之锋刃＋振奋盔甲＋狂徒铠甲,无,359,350,400,s6-b2753-a0
678,饮血剑＋红霸符＋巨龙之爪,无,359,350,400,s6-b2919-a0
678,饮血剑＋坚定之心＋坚定之心,无,359,350,400,s6-b3254-a0
678,纳什之牙＋石像鬼石板甲＋薄暮法袍,单身板甲,359,350,400,s6-b5967-a4
678,大天使之杖＋巨龙之爪＋狂徒铠甲,无,359,350,400,s6-b6618-a0
687,海克斯科技枪刃＋圣盾使的誓约＋巨龙之爪,无,358,350,400,s6-b1703-a0
687,朔极之矛＋圣盾使的誓约＋振奋盔甲,无,358,350,400,s6-b2225-a0
687,朔极之矛＋石像鬼石板甲＋巨龙之爪,无,358,350,400,s6-b2281-a0
687,饮血剑＋红霸符＋石像鬼石板甲,无,358,350,400,s6-b2916-a0
687,饮血剑＋海妖之怒＋狂徒铠甲,无,358,350,400,s6-b3020-a0
687,饮血剑＋纳什之牙＋离子火花,无,358,350,400,s6-b3027-a0
687,饮血剑＋冕卫＋石像鬼石板甲,无,358,350,400,s6-b3114-a0
687,饮血剑＋水银＋狂徒铠甲,无,358,350,400,s6-b3270-a0
687,斯特拉克的挑战护手＋振奋盔甲＋正义之手,无,358,350,400,s6-b3645-a0
687,纳什之牙＋适应性头盔＋石像鬼石板甲,单身板甲,358,350,400,s6-b5925-a4
687,离子火花＋圣盾使的誓约＋正义之手,无,358,350,400,s6-b6866-a0
687,离子火花＋圣盾使的誓约＋狂徒铠甲,无,358,350,400,s6-b6874-a0
687,离子火花＋石像鬼石板甲＋坚定之心,单身板甲,358,350,400,s6-b6920-a4
687,蓝霸符＋正义之手＋石像鬼石板甲,无,358,350,400,s6-b7262-a0
687,正义之手＋坚定之心＋狂徒铠甲,无,358,350,400,s6-b7588-a0
702,死亡之刃＋圣盾使的誓约＋石像鬼石板甲,单身板甲,357,350,400,s6-b544-a4
702,巨人杀手＋振奋盔甲＋石像鬼石板甲,无,357,350,400,s6-b1162-a0
702,海克斯科技枪刃＋饮血剑＋强袭者的链枷,无,357,350,400,s6-b1350-a0
702,饮血剑＋鬼索的狂暴之刃＋离子火花,无,357,350,400,s6-b2933-a0
702,饮血剑＋最后的轻语＋振奋盔甲,无,357,350,400,s6-b3054-a0
702,饮血剑＋蓝霸符＋正义之手,无,357,350,400,s6-b3174-a0
702,斯特拉克的挑战护手＋离子火花＋石像鬼石板甲,单身板甲,357,350,400,s6-b3566-a4
702,无尽之刃＋圣盾使的誓约＋石像鬼石板甲,单身板甲,357,350,400,s6-b4030-a4
702,红霸符＋冕卫＋石像鬼石板甲,单身板甲,357,350,400,s6-b4333-a4
702,红霸符＋圣盾使的誓约＋石像鬼石板甲,单身板甲,357,350,400,s6-b4408-a4
702,鬼索的狂暴之刃＋石像鬼石板甲＋巨龙之爪,无,357,350,400,s6-b4812-a0
702,纳什之牙＋石像鬼石板甲＋日炎斗篷,单身板甲,357,350,400,s6-b5964-a4
702,最后的轻语＋圣盾使的誓约＋石像鬼石板甲,单身板甲,357,350,400,s6-b6144-a4
702,大天使之杖＋冕卫＋石像鬼石板甲,单身板甲,357,350,400,s6-b6469-a4
702,大天使之杖＋振奋盔甲＋正义之手,无,357,350,400,s6-b6565-a0
702,冕卫＋莫雷洛秘典＋振奋盔甲,无,357,350,400,s6-b6670-a0
702,蓝霸符＋巨龙之爪＋狂徒铠甲,无,357,350,400,s6-b7303-a0
702,圣盾使的誓约＋适应性头盔＋适应性头盔,无,357,350,400,s6-b7328-a0
702,圣盾使的誓约＋振奋盔甲＋日炎斗篷,无,357,350,400,s6-b7344-a0
702,圣盾使的誓约＋日炎斗篷＋巨龙之爪,无,357,350,400,s6-b7380-a0
702,振奋盔甲＋正义之手＋薄暮法袍,无,357,350,400,s6-b7501-a0
723,海克斯科技枪刃＋圣盾使的誓约＋正义之手,无,356,350,400,s6-b1698-a0
723,海克斯科技枪刃＋振奋盔甲＋坚定之心,无,356,350,400,s6-b1725-a0
723,朔极之矛＋适应性头盔＋振奋盔甲,无,356,350,400,s6-b2237-a0
723,朔极之矛＋振奋盔甲＋巨龙之爪,无,356,350,400,s6-b2254-a0
723,夜之锋刃＋振奋盔甲＋正义之手,无,356,350,400,s6-b2745-a0
723,饮血剑＋红霸符＋振奋盔甲,无,356,350,400,s6-b2913-a0
723,饮血剑＋鬼索的狂暴之刃＋泰坦的坚决,无,356,350,400,s6-b2926-a0
723,饮血剑＋鬼索的狂暴之刃＋冕卫,无,356,350,400,s6-b2932-a0
723,饮血剑＋灭世者的死亡之帽＋巨龙之爪,无,356,350,400,s6-b3080-a0
723,饮血剑＋圣盾使的誓约＋水银,无,356,350,400,s6-b3194-a0
723,饮血剑＋坚定之心＋薄暮法袍,无,356,350,400,s6-b3256-a0
723,虚空之杖＋正义之手＋正义之手,无,356,350,400,s6-b5115-a0
723,虚空之杖＋巨龙之爪＋狂徒铠甲,无,356,350,400,s6-b5158-a0
723,冕卫＋石像鬼石板甲＋坚定之心,无,356,350,400,s6-b6767-a0
723,莫雷洛秘典＋圣盾使的誓约＋石像鬼石板甲,无,356,350,400,s6-b7004-a0
723,蓝霸符＋石像鬼石板甲＋狂徒铠甲,无,356,350,400,s6-b7285-a0
723,棘刺背心＋石像鬼石板甲＋巨龙之爪,无,356,350,400,s6-b7617-a0
723,坚定之心＋坚定之心＋巨龙之爪,无,356,350,400,s6-b7715-a0
741,海克斯科技枪刃＋朔极之矛＋石像鬼石板甲,单身板甲,355,350,400,s6-b1282-a4
741,海克斯科技枪刃＋饮血剑＋棘刺背心,无,355,350,400,s6-b1342-a0
741,海克斯科技枪刃＋冕卫＋正义之手,无,355,350,400,s6-b1623-a0
741,朔极之矛＋饮血剑＋正义之手,无,355,350,400,s6-b1869-a0
741,夜之锋刃＋饮血剑＋适应性头盔,无,355,350,400,s6-b2363-a0
741,夜之锋刃＋圣盾使的誓约＋石像鬼石板甲,无,355,350,400,s6-b2724-a0
741,饮血剑＋饮血剑＋蓝霸符,无,355,350,400,s6-b2826-a0
741,饮血剑＋纳什之牙＋圣盾使的誓约,无,355,350,400,s6-b3031-a0
741,饮血剑＋蓝霸符＋巨龙之爪,无,355,350,400,s6-b3179-a0
741,饮血剑＋日炎斗篷＋日炎斗篷,无,355,350,400,s6-b3247-a0
741,离子火花＋巨龙之爪＋巨龙之爪,无,355,350,400,s6-b6939-a0
741,莫雷洛秘典＋巨龙之爪＋狂徒铠甲,无,355,350,400,s6-b7078-a0
741,圣盾使的誓约＋振奋盔甲＋薄暮法袍,无,355,350,400,s6-b7347-a0
741,正义之手＋正义之手＋强袭者的链枷,无,355,350,400,s6-b7559-a0
741,棘刺背心＋石像鬼石板甲＋坚定之心,单身板甲,355,350,400,s6-b7616-a4
741,石像鬼石板甲＋日炎斗篷＋坚定之心,单身板甲,355,350,400,s6-b7659-a4
741,石像鬼石板甲＋坚定之心＋水银,单身板甲,355,350,400,s6-b7668-a4
758,海克斯科技枪刃＋饮血剑＋大天使之杖,无,354,350,400,s6-b1332-a0
758,海克斯科技枪刃＋饮血剑＋水银,无,354,350,400,s6-b1348-a0
758,朔极之矛＋适应性头盔＋正义之手,无,354,350,400,s6-b2238-a0
758,朔极之矛＋正义之手＋石像鬼石板甲,无,354,350,400,s6-b2261-a0
758,饮血剑＋无尽之刃＋狂徒铠甲,无,354,350,400,s6-b2895-a0
758,饮血剑＋海妖之怒＋圣盾使的誓约,无,354,350,400,s6-b3009-a0
758,饮血剑＋珠光护手＋巨龙之爪,无,354,350,400,s6-b3165-a0
758,斯特拉克的挑战护手＋石像鬼石板甲＋水银,单身板甲,354,350,400,s6-b3679-a4
758,灭世者的死亡之帽＋正义之手＋正义之手,无,354,350,400,s6-b6385-a0
758,蓝霸符＋圣盾使的誓约＋巨龙之爪,无,354,350,400,s6-b7232-a0
758,蓝霸符＋棘刺背心＋石像鬼石板甲,单身板甲,354,350,400,s6-b7271-a4
758,圣盾使的誓约＋坚定之心＋坚定之心,无,354,350,400,s6-b7385-a0
758,振奋盔甲＋坚定之心＋薄暮法袍,无,354,350,400,s6-b7531-a0
758,石像鬼石板甲＋坚定之心＋薄暮法袍,单身板甲,354,350,400,s6-b7667-a4
772,巨人杀手＋海克斯科技枪刃＋饮血剑,无,353,350,400,s6-b667-a0
772,海克斯科技枪刃＋冕卫＋巨龙之爪,无,353,350,400,s6-b1628-a0
772,夜之锋刃＋饮血剑＋饮血剑,无,353,350,400,s6-b2345-a0
772,饮血剑＋饮血剑＋斯特拉克的挑战护手,无,353,350,400,s6-b2811-a0
772,饮血剑＋泰坦的坚决＋水银,无,353,350,400,s6-b2996-a0
772,斯特拉克的挑战护手＋鬼索的狂暴之刃＋石像鬼石板甲,单身板甲,353,350,400,s6-b3377-a4
772,斯特拉克的挑战护手＋圣盾使的誓约＋狂徒铠甲,无,353,350,400,s6-b3630-a0
772,红霸符＋振奋盔甲＋石像鬼石板甲,无,353,350,400,s6-b4431-a0
772,虚空之杖＋振奋盔甲＋正义之手,无,353,350,400,s6-b5105-a0
772,泰坦的坚决＋正义之手＋正义之手,无,353,350,400,s6-b5415-a0
772,最后的轻语＋振奋盔甲＋石像鬼石板甲,无,353,350,400,s6-b6167-a0
772,蓝霸符＋适应性头盔＋巨龙之爪,无,353,350,400,s6-b7244-a0
772,圣盾使的誓约＋巨龙之爪＋薄暮法袍,无,353,350,400,s6-b7392-a0
772,振奋盔甲＋正义之手＋日炎斗篷,无,353,350,400,s6-b7498-a0
772,正义之手＋正义之手＋水银,无,353,350,400,s6-b7557-a0
787,死亡之刃＋饮血剑＋狂徒铠甲,无,352,350,400,s6-b193-a0
787,海克斯科技枪刃＋离子火花＋振奋盔甲,无,352,350,400,s6-b1639-a0
787,朔极之矛＋振奋盔甲＋正义之手,无,352,350,400,s6-b2249-a0
787,夜之锋刃＋饮血剑＋冕卫,无,352,350,400,s6-b2357-a0
787,饮血剑＋斯特拉克的挑战护手＋虚空之杖,无,352,350,400,s6-b2844-a0
787,饮血剑＋纳什之牙＋棘刺背心,无,352,350,400,s6-b3035-a0
787,饮血剑＋离子火花＋适应性头盔,无,352,350,400,s6-b3127-a0
787,饮血剑＋离子火花＋水银,无,352,350,400,s6-b3136-a0
787,饮血剑＋蓝霸符＋振奋盔甲,无,352,350,400,s6-b3173-a0
787,饮血剑＋适应性头盔＋棘刺背心,无,352,350,400,s6-b3200-a0
787,斯特拉克的挑战护手＋适应性头盔＋石像鬼石板甲,无,352,350,400,s6-b3636-a0
787,斯特拉克的挑战护手＋棘刺背心＋巨龙之爪,无,352,350,400,s6-b3669-a0
787,海妖之怒＋石像鬼石板甲＋巨龙之爪,单身板甲,352,350,400,s6-b5713-a4
787,纳什之牙＋巨龙之爪＋巨龙之爪,无,352,350,400,s6-b5984-a0
787,大天使之杖＋正义之手＋石像鬼石板甲,单身板甲,352,350,400,s6-b6577-a4
787,冕卫＋莫雷洛秘典＋狂徒铠甲,无,352,350,400,s6-b6679-a0
787,离子火花＋石像鬼石板甲＋巨龙之爪,无,352,350,400,s6-b6921-a0
787,蓝霸符＋石像鬼石板甲＋薄暮法袍,单身板甲,352,350,400,s6-b7283-a4
787,适应性头盔＋正义之手＋坚定之心,无,352,350,400,s6-b7433-a0
787,正义之手＋狂徒铠甲＋狂徒铠甲,无,352,350,400,s6-b7602-a0
787,石像鬼石板甲＋日炎斗篷＋巨龙之爪,无,352,350,400,s6-b7660-a0
808,巨人杀手＋振奋盔甲＋巨龙之爪,无,351,350,400,s6-b1165-a0
808,海克斯科技枪刃＋冕卫＋圣盾使的誓约,无,351,350,400,s6-b1620-a0
808,饮血剑＋斯特拉克的挑战护手＋蓝霸符,无,351,350,400,s6-b2855-a0
808,饮血剑＋红霸符＋坚定之心,无,351,350,400,s6-b2918-a0
808,饮血剑＋鬼索的狂暴之刃＋棘刺背心,无,351,350,400,s6-b2941-a0
808,饮血剑＋海妖之怒＋巨龙之爪,无,351,350,400,s6-b3017-a0
808,饮血剑＋纳什之牙＋冕卫,无,351,350,400,s6-b3026-a0
808,饮血剑＋最后的轻语＋巨龙之爪,无,351,350,400,s6-b3060-a0
808,斯特拉克的挑战护手＋棘刺背心＋石像鬼石板甲,单身板甲,351,350,400,s6-b3666-a4
808,鬼索的狂暴之刃＋圣盾使的誓约＋振奋盔甲,无,351,350,400,s6-b4756-a0
808,纳什之牙＋冕卫＋狂徒铠甲,无,351,350,400,s6-b5844-a0
808,纳什之牙＋棘刺背心＋石像鬼石板甲,单身板甲,351,350,400,s6-b5955-a4
808,最后的轻语＋石像鬼石板甲＋狂徒铠甲,单身板甲,351,350,400,s6-b6200-a4
808,莫雷洛秘典＋适应性头盔＋振奋盔甲,无,351,350,400,s6-b7013-a0
808,莫雷洛秘典＋适应性头盔＋石像鬼石板甲,单身板甲,351,350,400,s6-b7016-a4
808,珠光护手＋振奋盔甲＋狂徒铠甲,无,351,350,400,s6-b7153-a0
808,圣盾使的誓约＋棘刺背心＋狂徒铠甲,无,351,350,400,s6-b7368-a0
808,适应性头盔＋坚定之心＋狂徒铠甲,无,351,350,400,s6-b7467-a0
808,振奋盔甲＋日炎斗篷＋坚定之心,无,351,350,400,s6-b7523-a0
808,正义之手＋棘刺背心＋石像鬼石板甲,单身板甲,351,350,400,s6-b7561-a4
828,朔极之矛＋冕卫＋巨龙之爪,无,350,350,400,s6-b2156-a0
828,饮血剑＋饮血剑＋棘刺背心,无,350,350,400,s6-b2831-a0
828,饮血剑＋鬼索的狂暴之刃＋狂徒铠甲,无,350,350,400,s6-b2948-a0
828,饮血剑＋纳什之牙＋狂徒铠甲,无,350,350,400,s6-b3042-a0
828,饮血剑＋莫雷洛秘典＋薄暮法袍,无,350,350,400,s6-b3151-a0
828,饮血剑＋日炎斗篷＋薄暮法袍,无,350,350,400,s6-b3250-a0
828,斯特拉克的挑战护手＋虚空之杖＋石像鬼石板甲,单身板甲,350,350,400,s6-b3402-a4
828,斯特拉克的挑战护手＋离子火花＋振奋盔甲,无,350,350,400,s6-b3563-a0
828,鬼索的狂暴之刃＋适应性头盔＋振奋盔甲,无,350,350,400,s6-b4768-a0
828,鬼索的狂暴之刃＋适应性头盔＋石像鬼石板甲,单身板甲,350,350,400,s6-b4771-a4
828,虚空之杖＋振奋盔甲＋狂徒铠甲,无,350,350,400,s6-b5113-a0
828,泰坦的坚决＋圣盾使的誓约＋振奋盔甲,无,350,350,400,s6-b5381-a0
828,泰坦的坚决＋振奋盔甲＋坚定之心,无,350,350,400,s6-b5409-a0
828,纳什之牙＋冕卫＋振奋盔甲,无,350,350,400,s6-b5835-a0
828,纳什之牙＋巨龙之爪＋狂徒铠甲,无,350,350,400,s6-b5987-a0
828,冕卫＋冕卫＋圣盾使的誓约,无,350,350,400,s6-b6635-a0
828,冕卫＋巨龙之爪＋薄暮法袍,无,350,350,400,s6-b6787-a0
828,离子火花＋蓝霸符＋石像鬼石板甲,单身板甲,350,350,400,s6-b6855-a4
828,蓝霸符＋石像鬼石板甲＋日炎斗篷,单身板甲,350,350,400,s6-b7280-a4
828,适应性头盔＋适应性头盔＋石像鬼石板甲,无,350,350,400,s6-b7410-a0
848,海克斯科技枪刃＋海克斯科技枪刃＋正义之手,无,349,300,350,s6-b1248-a0
848,海克斯科技枪刃＋饮血剑＋纳什之牙,无,349,300,350,s6-b1329-a0
848,海克斯科技枪刃＋饮血剑＋适应性头盔,无,349,300,350,s6-b1339-a0
848,夜之锋刃＋圣盾使的誓约＋巨龙之爪,无,349,300,350,s6-b2727-a0
848,饮血剑＋最后的轻语＋狂徒铠甲,无,349,300,350,s6-b3063-a0
848,纳什之牙＋圣盾使的誓约＋石像鬼石板甲,无,349,300,350,s6-b5913-a0
848,灭世者的死亡之帽＋石像鬼石板甲＋巨龙之爪,单身板甲,349,300,350,s6-b6407-a4
848,离子火花＋狂徒铠甲＋狂徒铠甲,无,349,300,350,s6-b6951-a0
848,珠光护手＋石像鬼石板甲＋巨龙之爪,单身板甲,349,300,350,s6-b7177-a4
848,蓝霸符＋适应性头盔＋狂徒铠甲,无,349,300,350,s6-b7247-a0
848,蓝霸符＋巨龙之爪＋巨龙之爪,无,349,300,350,s6-b7300-a0
848,圣盾使的誓约＋正义之手＋棘刺背心,无,349,300,350,s6-b7352-a0
848,适应性头盔＋棘刺背心＋巨龙之爪,无,349,300,350,s6-b7443-a0
848,石像鬼石板甲＋石像鬼石板甲＋坚定之心,无,349,300,350,s6-b7652-a0
848,巨龙之爪＋巨龙之爪＋薄暮法袍,无,349,300,350,s6-b7736-a0
863,巨人杀手＋石像鬼石板甲＋巨龙之爪,单身板甲,348,300,350,s6-b1192-a4
863,海克斯科技枪刃＋石像鬼石板甲＋水银,单身板甲,348,300,350,s6-b1755-a4
863,朔极之矛＋石像鬼石板甲＋狂徒铠甲,无,348,300,350,s6-b2284-a0
863,饮血剑＋饮血剑＋大天使之杖,无,348,300,350,s6-b2821-a0
863,饮血剑＋饮血剑＋莫雷洛秘典,无,348,300,350,s6-b2824-a0
863,斯特拉克的挑战护手＋冕卫＋石像鬼石板甲,无,348,300,350,s6-b3549-a0
863,斯特拉克的挑战护手＋莫雷洛秘典＋石像鬼石板甲,单身板甲,348,300,350,s6-b3582-a4
863,斯特拉克的挑战护手＋圣盾使的誓约＋正义之手,无,348,300,350,s6-b3622-a0
863,斯特拉克的挑战护手＋适应性头盔＋巨龙之爪,无,348,300,350,s6-b3639-a0
863,泰坦的坚决＋圣盾使的誓约＋巨龙之爪,无,348,300,350,s6-b5387-a0
863,离子火花＋振奋盔甲＋日炎斗篷,无,348,300,350,s6-b6892-a0
863,圣盾使的誓约＋圣盾使的誓约＋石像鬼石板甲,无,348,300,350,s6-b7320-a0
863,振奋盔甲＋巨龙之爪＋强袭者的链枷,无,348,300,350,s6-b7539-a0
863,正义之手＋正义之手＋坚定之心,无,348,300,350,s6-b7554-a0
863,石像鬼石板甲＋石像鬼石板甲＋石像鬼石板甲,无,348,300,350,s6-b7650-a0
878,海克斯科技枪刃＋适应性头盔＋石像鬼石板甲,无,347,300,350,s6-b1712-a0
878,海克斯科技枪刃＋石像鬼石板甲＋狂徒铠甲,无,347,300,350,s6-b1756-a0
878,朔极之矛＋适应性头盔＋石像鬼石板甲,单身板甲,347,300,350,s6-b2240-a4
878,夜之锋刃＋圣盾使的誓约＋振奋盔甲,无,347,300,350,s6-b2721-a0
878,饮血剑＋无尽之刃＋圣盾使的誓约,无,347,300,350,s6-b2884-a0
878,饮血剑＋纳什之牙＋薄暮法袍,无,347,300,350,s6-b3040-a0
878,斯特拉克的挑战护手＋正义之手＋石像鬼石板甲,无,347,300,350,s6-b3657-a0
878,鬼索的狂暴之刃＋冕卫＋正义之手,无,347,300,350,s6-b4682-a0
878,泰坦的坚决＋冕卫＋振奋盔甲,无,347,300,350,s6-b5306-a0
878,泰坦的坚决＋巨龙之爪＋狂徒铠甲,无,347,300,350,s6-b5458-a0
878,海妖之怒＋振奋盔甲＋振奋盔甲,无,347,300,350,s6-b5680-a0
878,纳什之牙＋正义之手＋巨龙之爪,无,347,300,350,s6-b5949-a0
878,最后的轻语＋石像鬼石板甲＋巨龙之爪,单身板甲,347,300,350,s6-b6197-a4
878,灭世者的死亡之帽＋圣盾使的誓约＋狂徒铠甲,无,347,300,350,s6-b6360-a0
878,离子火花＋适应性头盔＋巨龙之爪,无,347,300,350,s6-b6883-a0
878,莫雷洛秘典＋振奋盔甲＋狂徒铠甲,无,347,300,350,s6-b7033-a0
878,莫雷洛秘典＋巨龙之爪＋巨龙之爪,无,347,300,350,s6-b7075-a0
878,蓝霸符＋适应性头盔＋正义之手,无,347,300,350,s6-b7239-a0
878,蓝霸符＋适应性头盔＋石像鬼石板甲,单身板甲,347,300,350,s6-b7241-a4
897,巨人杀手＋振奋盔甲＋振奋盔甲,无,346,300,350,s6-b1159-a0
897,巨人杀手＋石像鬼石板甲＋狂徒铠甲,单身板甲,346,300,350,s6-b1195-a4
897,海克斯科技枪刃＋斯特拉克的挑战护手＋巨龙之爪,无,346,300,350,s6-b1375-a0
897,夜之锋刃＋振奋盔甲＋坚定之心,无,346,300,350,s6-b2749-a0
897,夜之锋刃＋石像鬼石板甲＋坚定之心,单身板甲,346,300,350,s6-b2776-a4
897,饮血剑＋棘刺背心＋坚定之心,无,346,300,350,s6-b3233-a0
897,斯特拉克的挑战护手＋振奋盔甲＋棘刺背心,无,346,300,350,s6-b3646-a0
897,斯特拉克的挑战护手＋石像鬼石板甲＋石像鬼石板甲,无,346,300,350,s6-b3674-a0
897,斯特拉克的挑战护手＋狂徒铠甲＋狂徒铠甲,无,346,300,350,s6-b3707-a0
897,鬼索的狂暴之刃＋正义之手＋巨龙之爪,无,346,300,350,s6-b4795-a0
897,冕卫＋冕卫＋狂徒铠甲,无,346,300,350,s6-b6646-a0
897,蓝霸符＋圣盾使的誓约＋适应性头盔,无,346,300,350,s6-b7225-a0
897,圣盾使的誓约＋圣盾使的誓约＋狂徒铠甲,无,346,300,350,s6-b7326-a0
897,圣盾使的誓约＋适应性头盔＋日炎斗篷,无,346,300,350,s6-b7333-a0
897,石像鬼石板甲＋巨龙之爪＋薄暮法袍,无,346,300,350,s6-b7672-a0
912,死亡之刃＋饮血剑＋圣盾使的誓约,无,345,300,350,s6-b182-a0
912,海克斯科技枪刃＋圣盾使的誓约＋狂徒铠甲,无,345,300,350,s6-b1706-a0
912,海克斯科技枪刃＋适应性头盔＋巨龙之爪,无,345,300,350,s6-b1715-a0
912,海克斯科技枪刃＋振奋盔甲＋棘刺背心,无,345,300,350,s6-b1722-a0
912,海克斯科技枪刃＋石像鬼石板甲＋巨龙之爪,无,345,300,350,s6-b1753-a0
912,饮血剑＋纳什之牙＋日炎斗篷,无,345,300,350,s6-b3037-a0
912,斯特拉克的挑战护手＋石像鬼石板甲＋薄暮法袍,单身板甲,345,300,350,s6-b3678-a4
912,海妖之怒＋振奋盔甲＋巨龙之爪,无,345,300,350,s6-b5686-a0
912,纳什之牙＋坚定之心＋巨龙之爪,无,345,300,350,s6-b5979-a0
912,冕卫＋适应性头盔＋正义之手,无,345,300,350,s6-b6725-a0
912,离子火花＋圣盾使的誓约＋坚定之心,无,345,300,350,s6-b6870-a0
912,莫雷洛秘典＋圣盾使的誓约＋巨龙之爪,无,345,300,350,s6-b7007-a0
912,适应性头盔＋石像鬼石板甲＋强袭者的链枷,单身板甲,345,300,350,s6-b7455-a4
912,棘刺背心＋狂徒铠甲＋狂徒铠甲,无,345,300,350,s6-b7647-a0
926,海克斯科技枪刃＋正义之手＋狂徒铠甲,无,344,300,350,s6-b1739-a0
926,饮血剑＋泰坦的坚决＋适应性头盔,无,344,300,350,s6-b2987-a0
926,饮血剑＋海妖之怒＋石像鬼石板甲,无,344,300,350,s6-b3014-a0
926,冕卫＋蓝霸符＋石像鬼石板甲,无,344,300,350,s6-b6702-a0
926,冕卫＋振奋盔甲＋强袭者的链枷,无,344,300,350,s6-b6745-a0
926,冕卫＋水银＋狂徒铠甲,无,344,300,350,s6-b6796-a0
926,蓝霸符＋坚定之心＋巨龙之爪,无,344,300,350,s6-b7295-a0
926,圣盾使的誓约＋薄暮法袍＋狂徒铠甲,无,344,300,350,s6-b7398-a0
926,适应性头盔＋适应性头盔＋坚定之心,无,344,300,350,s6-b7412-a0
926,振奋盔甲＋巨龙之爪＋水银,无,344,300,350,s6-b7537-a0
936,死亡之刃＋石像鬼石板甲＋巨龙之爪,单身板甲,343,300,350,s6-b597-a4
936,朔极之矛＋石像鬼石板甲＋薄暮法袍,单身板甲,343,300,350,s6-b2282-a4
936,夜之锋刃＋离子火花＋振奋盔甲,无,343,300,350,s6-b2663-a0
936,饮血剑＋红霸符＋狂徒铠甲,无,343,300,350,s6-b2922-a0
936,饮血剑＋最后的轻语＋圣盾使的誓约,无,343,300,350,s6-b3052-a0
936,斯特拉克的挑战护手＋泰坦的坚决＋振奋盔甲,无,343,300,350,s6-b3423-a0
936,斯特拉克的挑战护手＋坚定之心＋狂徒铠甲,无,343,300,350,s6-b3693-a0
936,无尽之刃＋石像鬼石板甲＋巨龙之爪,单身板甲,343,300,350,s6-b4083-a4
936,鬼索的狂暴之刃＋离子火花＋石像鬼石板甲,单身板甲,343,300,350,s6-b4701-a4
936,鬼索的狂暴之刃＋振奋盔甲＋巨龙之爪,无,343,300,350,s6-b4785-a0
936,鬼索的狂暴之刃＋石像鬼石板甲＋狂徒铠甲,无,343,300,350,s6-b4815-a0
936,虚空之杖＋圣盾使的誓约＋巨龙之爪,无,343,300,350,s6-b5087-a0
936,泰坦的坚决＋圣盾使的誓约＋狂徒铠甲,无,343,300,350,s6-b5390-a0
936,纳什之牙＋纳什之牙＋石像鬼石板甲,单身板甲,343,300,350,s6-b5760-a4
936,纳什之牙＋莫雷洛秘典＋石像鬼石板甲,单身板甲,343,300,350,s6-b5871-a4
936,纳什之牙＋振奋盔甲＋狂徒铠甲,无,343,300,350,s6-b5942-a0
936,冕卫＋蓝霸符＋巨龙之爪,无,343,300,350,s6-b6705-a0
936,冕卫＋蓝霸符＋狂徒铠甲,无,343,300,350,s6-b6708-a0
936,冕卫＋圣盾使的誓约＋圣盾使的誓约,无,343,300,350,s6-b6710-a0
936,冕卫＋振奋盔甲＋水银,无,343,300,350,s6-b6743-a0
936,离子火花＋振奋盔甲＋薄暮法袍,无,343,300,350,s6-b6895-a0
936,莫雷洛秘典＋圣盾使的誓约＋振奋盔甲,无,343,300,350,s6-b7001-a0
936,珠光护手＋圣盾使的誓约＋巨龙之爪,无,343,300,350,s6-b7127-a0
936,振奋盔甲＋振奋盔甲＋强袭者的链枷,无,343,300,350,s6-b7494-a0
936,振奋盔甲＋棘刺背心＋薄暮法袍,无,343,300,350,s6-b7510-a0
961,海克斯科技枪刃＋海克斯科技枪刃＋振奋盔甲,无,342,300,350,s6-b1247-a0
961,夜之锋刃＋饮血剑＋纳什之牙,无,342,300,350,s6-b2353-a0
961,饮血剑＋灭世者的死亡之帽＋适应性头盔,无,342,300,350,s6-b3073-a0
961,饮血剑＋棘刺背心＋水银,无,342,300,350,s6-b3236-a0
961,斯特拉克的挑战护手＋正义之手＋狂徒铠甲,无,342,300,350,s6-b3663-a0
961,虚空之杖＋圣盾使的誓约＋振奋盔甲,无,342,300,350,s6-b5081-a0
961,海妖之怒＋冕卫＋振奋盔甲,无,342,300,350,s6-b5582-a0
961,海妖之怒＋冕卫＋石像鬼石板甲,单身板甲,342,300,350,s6-b5585-a4
961,纳什之牙＋冕卫＋坚定之心,无,342,300,350,s6-b5840-a0
961,离子火花＋石像鬼石板甲＋狂徒铠甲,无,342,300,350,s6-b6924-a0
961,莫雷洛秘典＋振奋盔甲＋正义之手,无,342,300,350,s6-b7025-a0
961,圣盾使的誓约＋正义之手＋薄暮法袍,无,342,300,350,s6-b7357-a0
961,圣盾使的誓约＋日炎斗篷＋狂徒铠甲,无,342,300,350,s6-b7383-a0
974,巨人杀手＋冕卫＋振奋盔甲,无,341,300,350,s6-b1061-a0
974,巨人杀手＋振奋盔甲＋正义之手,无,341,300,350,s6-b1160-a0
974,朔极之矛＋饮血剑＋鬼索的狂暴之刃,无,341,300,350,s6-b1853-a0
974,夜之锋刃＋适应性头盔＋振奋盔甲,无,341,300,350,s6-b2733-a0
974,饮血剑＋鬼索的狂暴之刃＋薄暮法袍,无,341,300,350,s6-b2946-a0
974,饮血剑＋圣盾使的誓约＋圣盾使的誓约,无,341,300,350,s6-b3184-a0
974,鬼索的狂暴之刃＋石像鬼石板甲＋薄暮法袍,单身板甲,341,300,350,s6-b4813-a4
974,虚空之杖＋冕卫＋狂徒铠甲,无,341,300,350,s6-b5015-a0
974,泰坦的坚决＋冕卫＋石像鬼石板甲,单身板甲,341,300,350,s6-b5309-a4
974,泰坦的坚决＋圣盾使的誓约＋石像鬼石板甲,无,341,300,350,s6-b5384-a0
974,纳什之牙＋正义之手＋正义之手,无,341,300,350,s6-b5944-a0
974,冕卫＋适应性头盔＋棘刺背心,无,341,300,350,s6-b6726-a0
974,蓝霸符＋正义之手＋巨龙之爪,无,341,300,350,s6-b7265-a0
974,圣盾使的誓约＋圣盾使的誓约＋适应性头盔,无,341,300,350,s6-b7316-a0
974,圣盾使的誓约＋圣盾使的誓约＋巨龙之爪,无,341,300,350,s6-b7323-a0
974,适应性头盔＋振奋盔甲＋水银,无,341,300,350,s6-b7426-a0
990,海克斯科技枪刃＋斯特拉克的挑战护手＋正义之手,无,340,300,350,s6-b1370-a0
990,海克斯科技枪刃＋圣盾使的誓约＋坚定之心,无,340,300,350,s6-b1702-a0
990,朔极之矛＋饮血剑＋振奋盔甲,无,340,300,350,s6-b1868-a0
990,饮血剑＋饮血剑＋灭世者的死亡之帽,无,340,300,350,s6-b2820-a0
990,鬼索的狂暴之刃＋棘刺背心＋石像鬼石板甲,单身板甲,340,300,350,s6-b4801-a4
990,纳什之牙＋圣盾使的誓约＋巨龙之爪,无,340,300,350,s6-b5916-a0
990,纳什之牙＋振奋盔甲＋正义之手,无,340,300,350,s6-b5934-a0
990,纳什之牙＋正义之手＋石像鬼石板甲,无,340,300,350,s6-b5946-a0
990,灭世者的死亡之帽＋圣盾使的誓约＋正义之手,无,340,300,350,s6-b6352-a0
990,灭世者的死亡之帽＋圣盾使的誓约＋巨龙之爪,无,340,300,350,s6-b6357-a0
990,珠光护手＋圣盾使的誓约＋正义之手,无,340,300,350,s6-b7122-a0
990,适应性头盔＋石像鬼石板甲＋水银,单身板甲,340,300,350,s6-b7453-a4
990,振奋盔甲＋棘刺背心＋棘刺背心,无,340,300,350,s6-b7505-a0
990,棘刺背心＋石像鬼石板甲＋狂徒铠甲,无,340,300,350,s6-b7620-a0
1004,朔极之矛＋饮血剑＋冕卫,无,339,300,350,s6-b1861-a0
1004,朔极之矛＋正义之手＋正义之手,无,339,300,350,s6-b2259-a0
1004,朔极之矛＋石像鬼石板甲＋日炎斗篷,单身板甲,339,300,350,s6-b2279-a4
1004,夜之锋刃＋饮血剑＋鬼索的狂暴之刃,无,339,300,350,s6-b2349-a0
1004,夜之锋刃＋圣盾使的誓约＋正义之手,无,339,300,350,s6-b2722-a0
1004,夜之锋刃＋圣盾使的誓约＋狂徒铠甲,无,339,300,350,s6-b2730-a0
1004,饮血剑＋红霸符＋圣盾使的誓约,无,339,300,350,s6-b2911-a0
1004,饮血剑＋灭世者的死亡之帽＋石像鬼石板甲,无,339,300,350,s6-b3077-a0
1004,斯特拉克的挑战护手＋圣盾使的誓约＋坚定之心,无,339,300,350,s6-b3626-a0
1004,泰坦的坚决＋适应性头盔＋正义之手,无,339,300,350,s6-b5394-a0
1004,泰坦的坚决＋适应性头盔＋石像鬼石板甲,单身板甲,339,300,350,s6-b5396-a4
1004,泰坦的坚决＋正义之手＋狂徒铠甲,无,339,300,350,s6-b5423-a0
1004,海妖之怒＋正义之手＋石像鬼石板甲,单身板甲,339,300,350,s6-b5693-a4
1004,灭世者的死亡之帽＋圣盾使的誓约＋振奋盔甲,无,339,300,350,s6-b6351-a0
1004,大天使之杖＋圣盾使的誓约＋巨龙之爪,无,339,300,350,s6-b6547-a0
1004,离子火花＋正义之手＋正义之手,无,339,300,350,s6-b6899-a0
1004,莫雷洛秘典＋振奋盔甲＋坚定之心,无,339,300,350,s6-b7029-a0
1004,珠光护手＋圣盾使的誓约＋振奋盔甲,无,339,300,350,s6-b7121-a0
1022,海克斯科技枪刃＋饮血剑＋红霸符,无,338,300,350,s6-b1324-a0
1022,海克斯科技枪刃＋饮血剑＋海妖之怒,无,338,300,350,s6-b1328-a0
1022,海克斯科技枪刃＋斯特拉克的挑战护手＋冕卫,无,338,300,350,s6-b1362-a0
1022,海克斯科技枪刃＋斯特拉克的挑战护手＋振奋盔甲,无,338,300,350,s6-b1369-a0
1022,朔极之矛＋冕卫＋狂徒铠甲,无,338,300,350,s6-b2159-a0
1022,朔极之矛＋离子火花＋石像鬼石板甲,单身板甲,338,300,350,s6-b2170-a4
1022,朔极之矛＋巨龙之爪＋狂徒铠甲,无,338,300,350,s6-b2302-a0
1022,饮血剑＋斯特拉克的挑战护手＋水银,无,338,300,350,s6-b2866-a0
1022,饮血剑＋珠光护手＋石像鬼石板甲,无,338,300,350,s6-b3162-a0
1022,鬼索的狂暴之刃＋冕卫＋石像鬼石板甲,无,338,300,350,s6-b4684-a0
1022,鬼索的狂暴之刃＋石像鬼石板甲＋日炎斗篷,单身板甲,338,300,350,s6-b4810-a4
1022,海妖之怒＋适应性头盔＋石像鬼石板甲,单身板甲,338,300,350,s6-b5672-a4
1022,灭世者的死亡之帽＋石像鬼石板甲＋狂徒铠甲,单身板甲,338,300,350,s6-b6410-a4
1022,大天使之杖＋圣盾使的誓约＋振奋盔甲,无,338,300,350,s6-b6541-a0
1022,离子火花＋离子火花＋振奋盔甲,无,338,300,350,s6-b6807-a0
1022,离子火花＋适应性头盔＋正义之手,无,338,300,350,s6-b6878-a0
1022,珠光护手＋石像鬼石板甲＋狂徒铠甲,单身板甲,338,300,350,s6-b7180-a4
1022,适应性头盔＋适应性头盔＋适应性头盔,无,338,300,350,s6-b7406-a0
1022,适应性头盔＋日炎斗篷＋巨龙之爪,无,338,300,350,s6-b7458-a0
1022,振奋盔甲＋正义之手＋水银,无,338,300,350,s6-b7502-a0
1022,振奋盔甲＋正义之手＋强袭者的链枷,无,338,300,350,s6-b7504-a0
1022,正义之手＋石像鬼石板甲＋石像鬼石板甲,无,338,300,350,s6-b7569-a0
1022,石像鬼石板甲＋坚定之心＋坚定之心,无,338,300,350,s6-b7665-a0
1045,朔极之矛＋饮血剑＋坚定之心,无,337,300,350,s6-b1873-a0
1045,朔极之矛＋巨龙之爪＋巨龙之爪,无,337,300,350,s6-b2299-a0
1045,夜之锋刃＋饮血剑＋水银,无,337,300,350,s6-b2372-a0
1045,夜之锋刃＋斯特拉克的挑战护手＋石像鬼石板甲,单身板甲,337,300,350,s6-b2396-a4
1045,夜之锋刃＋正义之手＋狂徒铠甲,无,337,300,350,s6-b2763-a0
1045,饮血剑＋无尽之刃＋石像鬼石板甲,无,337,300,350,s6-b2889-a0
1045,饮血剑＋鬼索的狂暴之刃＋日炎斗篷,无,337,300,350,s6-b2943-a0
1045,饮血剑＋大天使之杖＋坚定之心,无,337,300,350,s6-b3098-a0
1045,饮血剑＋蓝霸符＋狂徒铠甲,无,337,300,350,s6-b3182-a0
1045,斯特拉克的挑战护手＋冕卫＋正义之手,无,337,300,350,s6-b3547-a0
1045,鬼索的狂暴之刃＋冕卫＋巨龙之爪,无,337,300,350,s6-b4687-a0
1045,虚空之杖＋冕卫＋振奋盔甲,无,337,300,350,s6-b5006-a0
1045,海妖之怒＋振奋盔甲＋正义之手,无,337,300,350,s6-b5681-a0
1045,大天使之杖＋冕卫＋振奋盔甲,无,337,300,350,s6-b6466-a0
1045,冕卫＋适应性头盔＋日炎斗篷,无,337,300,350,s6-b6728-a0
1045,冕卫＋适应性头盔＋薄暮法袍,无,337,300,350,s6-b6731-a0
1045,冕卫＋正义之手＋坚定之心,无,337,300,350,s6-b6750-a0
1045,圣盾使的誓约＋正义之手＋日炎斗篷,无,337,300,350,s6-b7354-a0
1045,适应性头盔＋石像鬼石板甲＋日炎斗篷,无,337,300,350,s6-b7449-a0
1045,巨龙之爪＋狂徒铠甲＋强袭者的链枷,无,337,300,350,s6-b7748-a0
1045,薄暮法袍＋狂徒铠甲＋狂徒铠甲,无,337,300,350,s6-b7757-a0
1066,死亡之刃＋饮血剑＋石像鬼石板甲,无,336,300,350,s6-b187-a0
1066,死亡之刃＋振奋盔甲＋巨龙之爪,无,336,300,350,s6-b570-a0
1066,海克斯科技枪刃＋饮血剑＋最后的轻语,无,336,300,350,s6-b1330-a0
1066,海克斯科技枪刃＋鬼索的狂暴之刃＋正义之手,无,336,300,350,s6-b1451-a0
1066,夜之锋刃＋饮血剑＋坚定之心,无,336,300,350,s6-b2369-a0
1066,夜之锋刃＋石像鬼石板甲＋巨龙之爪,无,336,300,350,s6-b2777-a0
1066,饮血剑＋日炎斗篷＋水银,无,336,300,350,s6-b3251-a0
1066,饮血剑＋薄暮法袍＋水银,无,336,300,350,s6-b3266-a0
1066,无尽之刃＋振奋盔甲＋巨龙之爪,无,336,300,350,s6-b4056-a0
1066,虚空之杖＋振奋盔甲＋坚定之心,无,336,300,350,s6-b5109-a0
1066,纳什之牙＋冕卫＋正义之手,无,336,300,350,s6-b5836-a0
1066,冕卫＋离子火花＋适应性头盔,无,336,300,350,s6-b6653-a0
1066,冕卫＋棘刺背心＋巨龙之爪,无,336,300,350,s6-b6760-a0
1066,振奋盔甲＋棘刺背心＋日炎斗篷,无,336,300,350,s6-b7507-a0
1080,巨人杀手＋饮血剑＋石像鬼石板甲,无,335,300,350,s6-b782-a0
1080,海克斯科技枪刃＋振奋盔甲＋薄暮法袍,无,335,300,350,s6-b1727-a0
1080,朔极之矛＋冕卫＋振奋盔甲,无,335,300,350,s6-b2150-a0
1080,朔极之矛＋棘刺背心＋石像鬼石板甲,单身板甲,335,300,350,s6-b2270-a4
1080,夜之锋刃＋正义之手＋正义之手,无,335,300,350,s6-b2755-a0
1080,饮血剑＋冕卫＋坚定之心,无,335,300,350,s6-b3116-a0
1080,斯特拉克的挑战护手＋斯特拉克的挑战护手＋巨龙之爪,无,335,300,350,s6-b3299-a0
1080,斯特拉克的挑战护手＋红霸符＋石像鬼石板甲,单身板甲,335,300,350,s6-b3351-a4
1080,斯特拉克的挑战护手＋适应性头盔＋正义之手,无,335,300,350,s6-b3634-a0
1080,斯特拉克的挑战护手＋振奋盔甲＋日炎斗篷,无,335,300,350,s6-b3648-a0
1080,红霸符＋振奋盔甲＋巨龙之爪,无,335,300,350,s6-b4434-a0
1080,红霸符＋正义之手＋正义之手,无,335,300,350,s6-b4439-a0
1080,鬼索的狂暴之刃＋冕卫＋狂徒铠甲,无,335,300,350,s6-b4690-a0
1080,鬼索的狂暴之刃＋圣盾使的誓约＋正义之手,无,335,300,350,s6-b4757-a0
1080,纳什之牙＋振奋盔甲＋坚定之心,无,335,300,350,s6-b5938-a0
1080,最后的轻语＋振奋盔甲＋巨龙之爪,无,335,300,350,s6-b6170-a0
1080,大天使之杖＋适应性头盔＋石像鬼石板甲,单身板甲,335,300,350,s6-b6556-a4
1080,冕卫＋莫雷洛秘典＋圣盾使的誓约,无,335,300,350,s6-b6668-a0
1080,圣盾使的誓约＋棘刺背心＋坚定之心,无,335,300,350,s6-b7364-a0
1080,圣盾使的誓约＋石像鬼石板甲＋强袭者的链枷,无,335,300,350,s6-b7377-a0
1080,适应性头盔＋石像鬼石板甲＋薄暮法袍,无,335,300,350,s6-b7452-a0
1080,棘刺背心＋坚定之心＋巨龙之爪,无,335,300,350,s6-b7630-a0
1102,朔极之矛＋夜之锋刃＋石像鬼石板甲,单身板甲,334,300,350,s6-b1841-a4
1102,朔极之矛＋饮血剑＋泰坦的坚决,无,334,300,350,s6-b1855-a0
1102,朔极之矛＋圣盾使的誓约＋石像鬼石板甲,无,334,300,350,s6-b2228-a0
1102,夜之锋刃＋纳什之牙＋石像鬼石板甲,单身板甲,334,300,350,s6-b2571-a4
1102,夜之锋刃＋狂徒铠甲＋狂徒铠甲,无,334,300,350,s6-b2807-a0
1102,饮血剑＋斯特拉克的挑战护手＋坚定之心,无,334,300,350,s6-b2863-a0
1102,饮血剑＋最后的轻语＋石像鬼石板甲,无,334,300,350,s6-b3057-a0
1102,饮血剑＋冕卫＋蓝霸符,无,334,300,350,s6-b3108-a0
1102,斯特拉克的挑战护手＋振奋盔甲＋薄暮法袍,无,334,300,350,s6-b3651-a0
1102,海妖之怒＋振奋盔甲＋狂徒铠甲,无,334,300,350,s6-b5689-a0
1102,纳什之牙＋圣盾使的誓约＋适应性头盔,无,334,300,350,s6-b5909-a0
1102,大天使之杖＋圣盾使的誓约＋正义之手,无,334,300,350,s6-b6542-a0
1102,大天使之杖＋圣盾使的誓约＋狂徒铠甲,无,334,300,350,s6-b6550-a0
1102,大天使之杖＋正义之手＋正义之手,无,334,300,350,s6-b6575-a0
1102,冕卫＋石像鬼石板甲＋日炎斗篷,无,334,300,350,s6-b6766-a0
1102,冕卫＋日炎斗篷＋巨龙之爪,无,334,300,350,s6-b6775-a0
1102,离子火花＋适应性头盔＋狂徒铠甲,无,334,300,350,s6-b6886-a0
1102,正义之手＋日炎斗篷＋巨龙之爪,无,334,300,350,s6-b7579-a0
1102,石像鬼石板甲＋日炎斗篷＋狂徒铠甲,无,334,300,350,s6-b7663-a0
1102,石像鬼石板甲＋薄暮法袍＋狂徒铠甲,无,334,300,350,s6-b7678-a0
1102,巨龙之爪＋水银＋狂徒铠甲,无,334,300,350,s6-b7745-a0
1123,死亡之刃＋振奋盔甲＋振奋盔甲,无,333,300,350,s6-b564-a0
1123,巨人杀手＋振奋盔甲＋狂徒铠甲,无,333,300,350,s6-b1168-a0
1123,海克斯科技枪刃＋夜之锋刃＋振奋盔甲,无,333,300,350,s6-b1310-a0
1123,海克斯科技枪刃＋冕卫＋适应性头盔,无,333,300,350,s6-b1621-a0
1123,海克斯科技枪刃＋狂徒铠甲＋狂徒铠甲,无,333,300,350,s6-b1783-a0
1123,朔极之矛＋冕卫＋石像鬼石板甲,无,333,300,350,s6-b2153-a0
1123,朔极之矛＋圣盾使的誓约＋适应性头盔,无,333,300,350,s6-b2224-a0
1123,朔极之矛＋正义之手＋巨龙之爪,无,333,300,350,s6-b2264-a0
1123,夜之锋刃＋适应性头盔＋巨龙之爪,无,333,300,350,s6-b2739-a0
1123,饮血剑＋斯特拉克的挑战护手＋鬼索的狂暴之刃,无,333,300,350,s6-b2843-a0
1123,饮血剑＋蓝霸符＋圣盾使的誓约,无,333,300,350,s6-b3171-a0
1123,饮血剑＋适应性头盔＋日炎斗篷,无,333,300,350,s6-b3202-a0
1123,饮血剑＋适应性头盔＋薄暮法袍,无,333,300,350,s6-b3205-a0
1123,无尽之刃＋振奋盔甲＋振奋盔甲,无,333,300,350,s6-b4050-a0
1123,鬼索的狂暴之刃＋巨龙之爪＋狂徒铠甲,无,333,300,350,s6-b4833-a0
1123,虚空之杖＋圣盾使的誓约＋狂徒铠甲,无,333,300,350,s6-b5090-a0
1123,虚空之杖＋正义之手＋巨龙之爪,无,333,300,350,s6-b5120-a0
1123,泰坦的坚决＋适应性头盔＋振奋盔甲,无,333,300,350,s6-b5393-a0
1123,纳什之牙＋冕卫＋圣盾使的誓约,无,333,300,350,s6-b5833-a0
1123,最后的轻语＋正义之手＋石像鬼石板甲,单身板甲,333,300,350,s6-b6177-a4
1123,冕卫＋蓝霸符＋振奋盔甲,无,333,300,350,s6-b6699-a0
1123,离子火花＋圣盾使的誓约＋棘刺背心,无,333,300,350,s6-b6867-a0
1123,离子火花＋正义之手＋狂徒铠甲,无,333,300,350,s6-b6907-a0
1123,珠光护手＋圣盾使的誓约＋狂徒铠甲,无,333,300,350,s6-b7130-a0
1123,圣盾使的誓约＋圣盾使的誓约＋正义之手,无,333,300,350,s6-b7318-a0
1123,圣盾使的誓约＋适应性头盔＋棘刺背心,无,333,300,350,s6-b7331-a0
1123,适应性头盔＋巨龙之爪＋薄暮法袍,无,333,300,350,s6-b7470-a0
1123,振奋盔甲＋水银＋狂徒铠甲,无,333,300,350,s6-b7545-a0
1123,日炎斗篷＋狂徒铠甲＋狂徒铠甲,无,333,300,350,s6-b7711-a0
1152,夜之锋刃＋斯特拉克的挑战护手＋振奋盔甲,无,332,300,350,s6-b2393-a0
1152,夜之锋刃＋冕卫＋圣盾使的誓约,无,332,300,350,s6-b2644-a0
1152,饮血剑＋珠光护手＋适应性头盔,无,332,300,350,s6-b3158-a0
1152,斯特拉克的挑战护手＋离子火花＋圣盾使的誓约,无,332,300,350,s6-b3561-a0
1152,红霸符＋冕卫＋振奋盔甲,无,332,300,350,s6-b4330-a0
1152,鬼索的狂暴之刃＋冕卫＋振奋盔甲,无,332,300,350,s6-b4681-a0
1152,鬼索的狂暴之刃＋振奋盔甲＋狂徒铠甲,无,332,300,350,s6-b4788-a0
1152,鬼索的狂暴之刃＋巨龙之爪＋巨龙之爪,无,332,300,350,s6-b4830-a0
1152,海妖之怒＋圣盾使的誓约＋石像鬼石板甲,无,332,300,350,s6-b5660-a0
1152,最后的轻语＋冕卫＋振奋盔甲,无,332,300,350,s6-b6066-a0
1152,离子火花＋适应性头盔＋石像鬼石板甲,无,332,300,350,s6-b6880-a0
1152,莫雷洛秘典＋圣盾使的誓约＋狂徒铠甲,无,332,300,350,s6-b7010-a0
1152,圣盾使的誓约＋石像鬼石板甲＋水银,无,332,300,350,s6-b7375-a0
1152,圣盾使的誓约＋坚定之心＋薄暮法袍,无,332,300,350,s6-b7387-a0
1152,适应性头盔＋坚定之心＋坚定之心,无,332,300,350,s6-b7463-a0
1167,死亡之刃＋适应性头盔＋石像鬼石板甲,单身板甲,331,300,350,s6-b556-a4
1167,巨人杀手＋适应性头盔＋石像鬼石板甲,单身板甲,331,300,350,s6-b1151-a4
1167,海克斯科技枪刃＋离子火花＋圣盾使的誓约,无,331,300,350,s6-b1637-a0
1167,海克斯科技枪刃＋振奋盔甲＋日炎斗篷,无,331,300,350,s6-b1724-a0
1167,朔极之矛＋坚定之心＋巨龙之爪,无,331,300,350,s6-b2294-a0
1167,夜之锋刃＋振奋盔甲＋棘刺背心,无,331,300,350,s6-b2746-a0
1167,饮血剑＋纳什之牙＋大天使之杖,无,331,300,350,s6-b3025-a0
1167,饮血剑＋蓝霸符＋坚定之心,无,331,300,350,s6-b3178-a0
1167,斯特拉克的挑战护手＋离子火花＋狂徒铠甲,无,331,300,350,s6-b3572-a0
1167,斯特拉克的挑战护手＋石像鬼石板甲＋坚定之心,无,331,300,350,s6-b3676-a0
1167,无尽之刃＋适应性头盔＋石像鬼石板甲,单身板甲,331,300,350,s6-b4042-a4
1167,最后的轻语＋适应性头盔＋石像鬼石板甲,单身板甲,331,300,350,s6-b6156-a4
1167,最后的轻语＋振奋盔甲＋振奋盔甲,无,331,300,350,s6-b6164-a0
1167,灭世者的死亡之帽＋适应性头盔＋石像鬼石板甲,单身板甲,331,300,350,s6-b6366-a4
1167,大天使之杖＋狂徒铠甲＋狂徒铠甲,无,331,300,350,s6-b6627-a0
1167,离子火花＋棘刺背心＋石像鬼石板甲,单身板甲,331,300,350,s6-b6910-a4
1167,离子火花＋石像鬼石板甲＋日炎斗篷,单身板甲,331,300,350,s6-b6919-a4
1167,珠光护手＋适应性头盔＋石像鬼石板甲,单身板甲,331,300,350,s6-b7136-a4
1167,蓝霸符＋石像鬼石板甲＋石像鬼石板甲,无,331,300,350,s6-b7279-a0
1167,适应性头盔＋正义之手＋棘刺背心,无,331,300,350,s6-b7430-a0
1167,振奋盔甲＋日炎斗篷＋薄暮法袍,无,331,300,350,s6-b7525-a0
1188,死亡之刃＋冕卫＋石像鬼石板甲,单身板甲,330,300,350,s6-b469-a4
1188,夜之锋刃＋巨龙之爪＋巨龙之爪,无,330,300,350,s6-b2795-a0
1188,饮血剑＋纳什之牙＋莫雷洛秘典,无,330,300,350,s6-b3028-a0
1188,饮血剑＋离子火花＋棘刺背心,无,330,300,350,s6-b3130-a0
1188,无尽之刃＋冕卫＋石像鬼石板甲,单身板甲,330,300,350,s6-b3955-a4
1188,无尽之刃＋振奋盔甲＋正义之手,无,330,300,350,s6-b4051-a0
1188,红霸符＋振奋盔甲＋振奋盔甲,无,330,300,350,s6-b4428-a0
1188,海妖之怒＋巨龙之爪＋狂徒铠甲,无,330,300,350,s6-b5734-a0
1188,最后的轻语＋冕卫＋石像鬼石板甲,单身板甲,330,300,350,s6-b6069-a4
1188,灭世者的死亡之帽＋冕卫＋石像鬼石板甲,单身板甲,330,300,350,s6-b6279-a4
1188,冕卫＋珠光护手＋石像鬼石板甲,单身板甲,330,300,350,s6-b6688-a4
1188,冕卫＋坚定之心＋坚定之心,无,330,300,350,s6-b6780-a0
1188,莫雷洛秘典＋振奋盔甲＋棘刺背心,无,330,300,350,s6-b7026-a0
1188,莫雷洛秘典＋正义之手＋正义之手,无,330,300,350,s6-b7035-a0
1188,适应性头盔＋棘刺背心＋狂徒铠甲,无,330,300,350,s6-b7446-a0
1188,振奋盔甲＋狂徒铠甲＋强袭者的链枷,无,330,300,350,s6-b7548-a0
1188,正义之手＋日炎斗篷＋狂徒铠甲,无,330,300,350,s6-b7582-a0
1188,棘刺背心＋石像鬼石板甲＋薄暮法袍,单身板甲,330,300,350,s6-b7618-a4
1188,石像鬼石板甲＋坚定之心＋强袭者的链枷,单身板甲,330,300,350,s6-b7670-a4
1207,海克斯科技枪刃＋适应性头盔＋狂徒铠甲,无,329,300,350,s6-b1718-a0
1207,朔极之矛＋饮血剑＋离子火花,无,329,300,350,s6-b1862-a0
1207,朔极之矛＋饮血剑＋狂徒铠甲,无,329,300,350,s6-b1877-a0
1207,夜之锋刃＋石像鬼石板甲＋狂徒铠甲,无,329,300,350,s6-b2780-a0
1207,饮血剑＋斯特拉克的挑战护手＋纳什之牙,无,329,300,350,s6-b2847-a0
1207,饮血剑＋大天使之杖＋适应性头盔,无,329,300,350,s6-b3092-a0
1207,斯特拉克的挑战护手＋适应性头盔＋狂徒铠甲,无,329,300,350,s6-b3642-a0
1207,红霸符＋适应性头盔＋石像鬼石板甲,单身板甲,329,300,350,s6-b4420-a4
1207,虚空之杖＋适应性头盔＋石像鬼石板甲,单身板甲,329,300,350,s6-b5096-a4
1207,灭世者的死亡之帽＋振奋盔甲＋石像鬼石板甲,无,329,300,350,s6-b6377-a0
1207,离子火花＋坚定之心＋巨龙之爪,无,329,300,350,s6-b6934-a0
1207,珠光护手＋振奋盔甲＋石像鬼石板甲,无,329,300,350,s6-b7147-a0
1207,蓝霸符＋振奋盔甲＋坚定之心,无,329,300,350,s6-b7254-a0
1207,圣盾使的誓约＋适应性头盔＋薄暮法袍,无,329,300,350,s6-b7336-a0
1207,圣盾使的誓约＋振奋盔甲＋水银,无,329,300,350,s6-b7348-a0
1207,圣盾使的誓约＋日炎斗篷＋坚定之心,无,329,300,350,s6-b7379-a0
1207,石像鬼石板甲＋日炎斗篷＋薄暮法袍,单身板甲,329,300,350,s6-b7661-a4
1224,死亡之刃＋石像鬼石板甲＋狂徒铠甲,单身板甲,328,300,350,s6-b600-a4
1224,巨人杀手＋圣盾使的誓约＋正义之手,无,328,300,350,s6-b1137-a0
1224,海克斯科技枪刃＋朔极之矛＋饮血剑,无,328,300,350,s6-b1260-a0
1224,海克斯科技枪刃＋正义之手＋石像鬼石板甲,无,328,300,350,s6-b1733-a0
1224,海克斯科技枪刃＋坚定之心＋巨龙之爪,无,328,300,350,s6-b1766-a0
1224,饮血剑＋莫雷洛秘典＋坚定之心,无,328,300,350,s6-b3149-a0
1224,饮血剑＋莫雷洛秘典＋水银,无,328,300,350,s6-b3152-a0
1224,斯特拉克的挑战护手＋适应性头盔＋坚定之心,无,328,300,350,s6-b3638-a0
1224,无尽之刃＋石像鬼石板甲＋狂徒铠甲,单身板甲,328,300,350,s6-b4086-a4
1224,红霸符＋冕卫＋狂徒铠甲,无,328,300,350,s6-b4339-a0
1224,虚空之杖＋圣盾使的誓约＋正义之手,无,328,300,350,s6-b5082-a0
1224,泰坦的坚决＋狂徒铠甲＋狂徒铠甲,无,328,300,350,s6-b5467-a0
1224,纳什之牙＋适应性头盔＋适应性头盔,无,328,300,350,s6-b5921-a0
1224,冕卫＋狂徒铠甲＋强袭者的链枷,无,328,300,350,s6-b6799-a0
1224,适应性头盔＋棘刺背心＋石像鬼石板甲,无,328,300,350,s6-b7440-a0
1224,振奋盔甲＋日炎斗篷＋日炎斗篷,无,328,300,350,s6-b7522-a0
1224,正义之手＋巨龙之爪＋薄暮法袍,无,328,300,350,s6-b7591-a0
1224,日炎斗篷＋坚定之心＋巨龙之爪,无,328,300,350,s6-b7694-a0
1224,巨龙之爪＋巨龙之爪＋水银,无,328,300,350,s6-b7737-a0
1243,巨人杀手＋圣盾使的誓约＋振奋盔甲,无,327,300,350,s6-b1136-a0
1243,海克斯科技枪刃＋正义之手＋水银,无,327,300,350,s6-b1738-a0
1243,朔极之矛＋适应性头盔＋狂徒铠甲,无,327,300,350,s6-b2246-a0
1243,夜之锋刃＋振奋盔甲＋薄暮法袍,无,327,300,350,s6-b2751-a0
1243,饮血剑＋纳什之牙＋灭世者的死亡之帽,无,327,300,350,s6-b3024-a0
1243,饮血剑＋纳什之牙＋强袭者的链枷,无,327,300,350,s6-b3043-a0
1243,斯特拉克的挑战护手＋大天使之杖＋振奋盔甲,无,327,300,350,s6-b3528-a0
1243,鬼索的狂暴之刃＋坚定之心＋巨龙之爪,无,327,300,350,s6-b4825-a0
1243,虚空之杖＋正义之手＋狂徒铠甲,无,327,300,350,s6-b5123-a0
1243,纳什之牙＋离子火花＋振奋盔甲,无,327,300,350,s6-b5852-a0
1243,纳什之牙＋圣盾使的誓约＋狂徒铠甲,无,327,300,350,s6-b5919-a0
1243,最后的轻语＋正义之手＋正义之手,无,327,300,350,s6-b6175-a0
1243,冕卫＋离子火花＋巨龙之爪,无,327,300,350,s6-b6660-a0
1243,离子火花＋圣盾使的誓约＋适应性头盔,无,327,300,350,s6-b6864-a0
1243,蓝霸符＋棘刺背心＋巨龙之爪,无,327,300,350,s6-b7274-a0
1243,振奋盔甲＋薄暮法袍＋薄暮法袍,无,327,300,350,s6-b7540-a0
1243,正义之手＋棘刺背心＋狂徒铠甲,无,327,300,350,s6-b7567-a0
1243,棘刺背心＋石像鬼石板甲＋日炎斗篷,单身板甲,327,300,350,s6-b7615-a4
1243,石像鬼石板甲＋日炎斗篷＋日炎斗篷,单身板甲,327,300,350,s6-b7658-a4
1243,石像鬼石板甲＋水银＋狂徒铠甲,无,327,300,350,s6-b7681-a0
1263,巨人杀手＋饮血剑＋鬼索的狂暴之刃,无,326,300,350,s6-b764-a0
1263,巨人杀手＋冕卫＋石像鬼石板甲,单身板甲,326,300,350,s6-b1064-a4
1263,巨人杀手＋圣盾使的誓约＋巨龙之爪,无,326,300,350,s6-b1142-a0
1263,海克斯科技枪刃＋斯特拉克的挑战护手＋圣盾使的誓约,无,326,300,350,s6-b1367-a0
1263,朔极之矛＋饮血剑＋棘刺背心,无,326,300,350,s6-b1870-a0
1263,朔极之矛＋圣盾使的誓约＋巨龙之爪,无,326,300,350,s6-b2231-a0
1263,朔极之矛＋圣盾使的誓约＋狂徒铠甲,无,326,300,350,s6-b2234-a0
1263,饮血剑＋饮血剑＋海妖之怒,无,326,300,350,s6-b2817-a0
1263,饮血剑＋鬼索的狂暴之刃＋虚空之杖,无,326,300,350,s6-b2925-a0
1263,饮血剑＋鬼索的狂暴之刃＋适应性头盔,无,326,300,350,s6-b2938-a0
1263,饮血剑＋泰坦的坚决＋坚定之心,无,326,300,350,s6-b2993-a0
1263,斯特拉克的挑战护手＋虚空之杖＋振奋盔甲,无,326,300,350,s6-b3399-a0
1263,鬼索的狂暴之刃＋圣盾使的誓约＋适应性头盔,无,326,300,350,s6-b4755-a0
1263,离子火花＋石像鬼石板甲＋薄暮法袍,单身板甲,326,300,350,s6-b6922-a4
1263,莫雷洛秘典＋石像鬼石板甲＋坚定之心,单身板甲,326,300,350,s6-b7056-a4
1263,珠光护手＋适应性头盔＋正义之手,无,326,300,350,s6-b7134-a0
1263,蓝霸符＋石像鬼石板甲＋坚定之心,无,326,300,350,s6-b7281-a0
1263,正义之手＋正义之手＋薄暮法袍,无,326,300,350,s6-b7556-a0
1281,死亡之刃＋振奋盔甲＋正义之手,无,325,300,350,s6-b565-a0
1281,巨人杀手＋正义之手＋正义之手,无,325,300,350,s6-b1170-a0
1281,海克斯科技枪刃＋海克斯科技枪刃＋圣盾使的誓约,无,325,300,350,s6-b1245-a0
1281,朔极之矛＋饮血剑＋圣盾使的誓约,无,325,300,350,s6-b1866-a0
1281,夜之锋刃＋离子火花＋石像鬼石板甲,单身板甲,325,300,350,s6-b2666-a4
1281,夜之锋刃＋圣盾使的誓约＋坚定之心,无,325,300,350,s6-b2726-a0
1281,夜之锋刃＋适应性头盔＋正义之手,无,325,300,350,s6-b2734-a0
1281,饮血剑＋鬼索的狂暴之刃＋莫雷洛秘典,无,325,300,350,s6-b2934-a0
1281,饮血剑＋虚空之杖＋莫雷洛秘典,无,325,300,350,s6-b2959-a0
1281,饮血剑＋离子火花＋蓝霸符,无,325,300,350,s6-b3125-a0
1281,斯特拉克的挑战护手＋斯特拉克的挑战护手＋振奋盔甲,无,325,300,350,s6-b3293-a0
1281,斯特拉克的挑战护手＋纳什之牙＋巨龙之爪,无,325,300,350,s6-b3474-a0
1281,斯特拉克的挑战护手＋圣盾使的誓约＋棘刺背心,无,325,300,350,s6-b3623-a0
1281,海妖之怒＋圣盾使的誓约＋振奋盔甲,无,325,300,350,s6-b5657-a0
1281,海妖之怒＋振奋盔甲＋坚定之心,无,325,300,350,s6-b5685-a0
1281,灭世者的死亡之帽＋适应性头盔＋正义之手,无,325,300,350,s6-b6364-a0
1281,冕卫＋冕卫＋石像鬼石板甲,无,325,300,350,s6-b6640-a0
1281,冕卫＋离子火花＋石像鬼石板甲,无,325,300,350,s6-b6657-a0
1281,冕卫＋莫雷洛秘典＋巨龙之爪,无,325,300,350,s6-b6676-a0
1281,冕卫＋石像鬼石板甲＋薄暮法袍,无,325,300,350,s6-b6769-a0
1281,离子火花＋离子火花＋石像鬼石板甲,单身板甲,325,300,350,s6-b6810-a4
1281,离子火花＋圣盾使的誓约＋日炎斗篷,无,325,300,350,s6-b6869-a0
1281,离子火花＋正义之手＋巨龙之爪,无,325,300,350,s6-b6904-a0
1281,圣盾使的誓约＋正义之手＋强袭者的链枷,无,325,300,350,s6-b7360-a0
1281,圣盾使的誓约＋巨龙之爪＋强袭者的链枷,无,325,300,350,s6-b7395-a0
1281,适应性头盔＋正义之手＋薄暮法袍,无,325,300,350,s6-b7435-a0
1281,石像鬼石板甲＋石像鬼石板甲＋日炎斗篷,无,325,300,350,s6-b7651-a0
1281,石像鬼石板甲＋薄暮法袍＋薄暮法袍,单身板甲,325,300,350,s6-b7676-a4
1281,坚定之心＋坚定之心＋狂徒铠甲,无,325,300,350,s6-b7718-a0
1310,海克斯科技枪刃＋圣盾使的誓约＋棘刺背心,无,324,300,350,s6-b1699-a0
1310,夜之锋刃＋振奋盔甲＋日炎斗篷,无,324,300,350,s6-b2748-a0
1310,夜之锋刃＋石像鬼石板甲＋薄暮法袍,单身板甲,324,300,350,s6-b2778-a4
1310,饮血剑＋鬼索的狂暴之刃＋大天使之杖,无,324,300,350,s6-b2931-a0
1310,饮血剑＋棘刺背心＋薄暮法袍,无,324,300,350,s6-b3235-a0
1310,斯特拉克的挑战护手＋蓝霸符＋巨龙之爪,无,324,300,350,s6-b3614-a0
1310,斯特拉克的挑战护手＋适应性头盔＋适应性头盔,无,324,300,350,s6-b3632-a0
1310,红霸符＋巨龙之爪＋狂徒铠甲,无,324,300,350,s6-b4482-a0
1310,虚空之杖＋离子火花＋振奋盔甲,无,324,300,350,s6-b5023-a0
1310,海妖之怒＋石像鬼石板甲＋坚定之心,单身板甲,324,300,350,s6-b5712-a4
1310,纳什之牙＋圣盾使的誓约＋正义之手,无,324,300,350,s6-b5911-a0
1310,纳什之牙＋振奋盔甲＋棘刺背心,无,324,300,350,s6-b5935-a0
1310,最后的轻语＋巨龙之爪＋狂徒铠甲,无,324,300,350,s6-b6218-a0
1310,冕卫＋棘刺背心＋石像鬼石板甲,无,324,300,350,s6-b6757-a0
1310,莫雷洛秘典＋圣盾使的誓约＋正义之手,无,324,300,350,s6-b7002-a0
1310,莫雷洛秘典＋适应性头盔＋巨龙之爪,无,324,300,350,s6-b7019-a0
1310,圣盾使的誓约＋振奋盔甲＋强袭者的链枷,无,324,300,350,s6-b7350-a0
1310,适应性头盔＋正义之手＋日炎斗篷,无,324,300,350,s6-b7432-a0
1310,振奋盔甲＋坚定之心＋水银,无,324,300,350,s6-b7532-a0
1310,棘刺背心＋棘刺背心＋石像鬼石板甲,单身板甲,324,300,350,s6-b7606-a4
1330,死亡之刃＋冕卫＋振奋盔甲,无,323,300,350,s6-b466-a0
1330,海克斯科技枪刃＋适应性头盔＋坚定之心,无,323,300,350,s6-b1714-a0
1330,朔极之矛＋夜之锋刃＋饮血剑,无,323,300,350,s6-b1819-a0
1330,饮血剑＋鬼索的狂暴之刃＋海妖之怒,无,323,300,350,s6-b2927-a0
1330,饮血剑＋鬼索的狂暴之刃＋强袭者的链枷,无,323,300,350,s6-b2949-a0
1330,斯特拉克的挑战护手＋冕卫＋适应性头盔,无,323,300,350,s6-b3545-a0
1330,无尽之刃＋冕卫＋振奋盔甲,无,323,300,350,s6-b3952-a0
1330,鬼索的狂暴之刃＋圣盾使的誓约＋石像鬼石板甲,无,323,300,350,s6-b4759-a0
1330,鬼索的狂暴之刃＋正义之手＋坚定之心,无,323,300,350,s6-b4794-a0
1330,虚空之杖＋狂徒铠甲＋狂徒铠甲,无,323,300,350,s6-b5167-a0
1330,纳什之牙＋适应性头盔＋巨龙之爪,无,323,300,350,s6-b5928-a0
1330,纳什之牙＋石像鬼石板甲＋水银,单身板甲,323,300,350,s6-b5968-a4
1330,最后的轻语＋振奋盔甲＋正义之手,无,323,300,350,s6-b6165-a0
1330,蓝霸符＋狂徒铠甲＋狂徒铠甲,无,323,300,350,s6-b7312-a0
1330,坚定之心＋巨龙之爪＋薄暮法袍,无,323,300,350,s6-b7721-a0
1345,巨人杀手＋正义之手＋石像鬼石板甲,单身板甲,322,300,350,s6-b1172-a4
1345,海克斯科技枪刃＋莫雷洛秘典＋振奋盔甲,无,322,300,350,s6-b1655-a0
1345,朔极之矛＋饮血剑＋适应性头盔,无,322,300,350,s6-b1867-a0
1345,夜之锋刃＋蓝霸符＋石像鬼石板甲,单身板甲,322,300,350,s6-b2711-a4
1345,饮血剑＋饮血剑＋最后的轻语,无,322,300,350,s6-b2819-a0
1345,饮血剑＋无尽之刃＋巨龙之爪,无,322,300,350,s6-b2892-a0
1345,饮血剑＋泰坦的坚决＋蓝霸符,无,322,300,350,s6-b2985-a0
1345,饮血剑＋海妖之怒＋纳什之牙,无,322,300,350,s6-b3000-a0
1345,饮血剑＋冕卫＋棘刺背心,无,322,300,350,s6-b3113-a0
1345,斯特拉克的挑战护手＋莫雷洛秘典＋振奋盔甲,无,322,300,350,s6-b3579-a0
1345,红霸符＋圣盾使的誓约＋石像鬼石板甲,无,322,300,350,s6-b4408-a0
1345,虚空之杖＋圣盾使的誓约＋石像鬼石板甲,无,322,300,350,s6-b5084-a0
1345,虚空之杖＋振奋盔甲＋棘刺背心,无,322,300,350,s6-b5106-a0
1345,泰坦的坚决＋石像鬼石板甲＋坚定之心,单身板甲,322,300,350,s6-b5436-a4
1345,最后的轻语＋圣盾使的誓约＋石像鬼石板甲,无,322,300,350,s6-b6144-a0
1345,大天使之杖＋圣盾使的誓约＋石像鬼石板甲,无,322,300,350,s6-b6544-a0
1345,冕卫＋冕卫＋巨龙之爪,无,322,300,350,s6-b6643-a0
1345,冕卫＋圣盾使的誓约＋强袭者的链枷,无,322,300,350,s6-b6722-a0
1345,离子火花＋离子火花＋圣盾使的誓约,无,322,300,350,s6-b6805-a0
1345,蓝霸符＋圣盾使的誓约＋石像鬼石板甲,无,322,300,350,s6-b7229-a0
1345,正义之手＋棘刺背心＋巨龙之爪,无,322,300,350,s6-b7564-a0
1345,正义之手＋巨龙之爪＋水银,无,322,300,350,s6-b7592-a0
1367,死亡之刃＋饮血剑＋巨龙之爪,无,321,300,350,s6-b190-a0
1367,巨人杀手＋饮血剑＋纳什之牙,无,321,300,350,s6-b768-a0
1367,海克斯科技枪刃＋斯特拉克的挑战护手＋狂徒铠甲,无,321,300,350,s6-b1378-a0
1367,夜之锋刃＋适应性头盔＋狂徒铠甲,无,321,300,350,s6-b2742-a0
1367,饮血剑＋斯特拉克的挑战护手＋日炎斗篷,无,321,300,350,s6-b2862-a0
1367,饮血剑＋红霸符＋日炎斗篷,无,321,300,350,s6-b2917-a0
1367,饮血剑＋鬼索的狂暴之刃＋灭世者的死亡之帽,无,321,300,350,s6-b2930-a0
1367,饮血剑＋纳什之牙＋珠光护手,无,321,300,350,s6-b3029-a0
1367,饮血剑＋莫雷洛秘典＋棘刺背心,无,321,300,350,s6-b3146-a0
1367,饮血剑＋蓝霸符＋棘刺背心,无,321,300,350,s6-b3175-a0
1367,饮血剑＋坚定之心＋强袭者的链枷,无,321,300,350,s6-b3259-a0
1367,斯特拉克的挑战护手＋蓝霸符＋振奋盔甲,无,321,300,350,s6-b3608-a0
1367,红霸符＋振奋盔甲＋正义之手,无,321,300,350,s6-b4429-a0
1367,鬼索的狂暴之刃＋圣盾使的誓约＋巨龙之爪,无,321,300,350,s6-b4762-a0
1367,鬼索的狂暴之刃＋正义之手＋狂徒铠甲,无,321,300,350,s6-b4798-a0
1367,虚空之杖＋冕卫＋正义之手,无,321,300,350,s6-b5007-a0
1367,虚空之杖＋振奋盔甲＋日炎斗篷,无,321,300,350,s6-b5108-a0
1367,纳什之牙＋正义之手＋狂徒铠甲,无,321,300,350,s6-b5952-a0
1367,离子火花＋莫雷洛秘典＋振奋盔甲,无,321,300,350,s6-b6823-a0
1367,离子火花＋圣盾使的誓约＋薄暮法袍,无,321,300,350,s6-b6872-a0
1367,莫雷洛秘典＋圣盾使的誓约＋坚定之心,无,321,300,350,s6-b7006-a0
1367,莫雷洛秘典＋狂徒铠甲＋狂徒铠甲,无,321,300,350,s6-b7087-a0
1367,蓝霸符＋正义之手＋狂徒铠甲,无,321,300,350,s6-b7268-a0
1367,蓝霸符＋坚定之心＋狂徒铠甲,无,321,300,350,s6-b7298-a0
1367,振奋盔甲＋坚定之心＋强袭者的链枷,无,321,300,350,s6-b7534-a0
1367,正义之手＋石像鬼石板甲＋坚定之心,无,321,300,350,s6-b7571-a0
1367,正义之手＋薄暮法袍＋狂徒铠甲,无,321,300,350,s6-b7597-a0
1394,死亡之刃＋振奋盔甲＋石像鬼石板甲,无,320,300,350,s6-b567-a0
1394,死亡之刃＋振奋盔甲＋狂徒铠甲,无,320,300,350,s6-b573-a0
1394,巨人杀手＋饮血剑＋适应性头盔,无,320,300,350,s6-b778-a0
1394,海克斯科技枪刃＋纳什之牙＋正义之手,无,320,300,350,s6-b1545-a0
1394,海克斯科技枪刃＋离子火花＋石像鬼石板甲,单身板甲,320,300,350,s6-b1642-a4
1394,朔极之矛＋振奋盔甲＋坚定之心,无,320,300,350,s6-b2253-a0
1394,夜之锋刃＋棘刺背心＋石像鬼石板甲,单身板甲,320,300,350,s6-b2766-a4
1394,夜之锋刃＋石像鬼石板甲＋日炎斗篷,单身板甲,320,300,350,s6-b2775-a4
1394,饮血剑＋海妖之怒＋坚定之心,无,320,300,350,s6-b3016-a0
1394,饮血剑＋棘刺背心＋棘刺背心,无,320,300,350,s6-b3230-a0
1394,饮血剑＋水银＋强袭者的链枷,无,320,300,350,s6-b3271-a0
1394,斯特拉克的挑战护手＋冕卫＋坚定之心,无,320,300,350,s6-b3551-a0
1394,斯特拉克的挑战护手＋莫雷洛秘典＋巨龙之爪,无,320,300,350,s6-b3585-a0
1394,无尽之刃＋振奋盔甲＋石像鬼石板甲,无,320,300,350,s6-b4053-a0
1394,无尽之刃＋振奋盔甲＋狂徒铠甲,无,320,300,350,s6-b4059-a0
1394,虚空之杖＋适应性头盔＋振奋盔甲,无,320,300,350,s6-b5093-a0
1394,海妖之怒＋圣盾使的誓约＋正义之手,无,320,300,350,s6-b5658-a0
1394,海妖之怒＋圣盾使的誓约＋巨龙之爪,无,320,300,350,s6-b5663-a0
1394,大天使之杖＋适应性头盔＋正义之手,无,320,300,350,s6-b6554-a0
1394,莫雷洛秘典＋正义之手＋狂徒铠甲,无,320,300,350,s6-b7043-a0
1394,圣盾使的誓约＋正义之手＋水银,无,320,300,350,s6-b7358-a0
1394,圣盾使的誓约＋巨龙之爪＋水银,无,320,300,350,s6-b7393-a0
1394,适应性头盔＋日炎斗篷＋狂徒铠甲,无,320,300,350,s6-b7461-a0
1394,适应性头盔＋薄暮法袍＋狂徒铠甲,无,320,300,350,s6-b7476-a0
1394,棘刺背心＋石像鬼石板甲＋石像鬼石板甲,无,320,300,350,s6-b7614-a0
1419,巨人杀手＋饮血剑＋饮血剑,无,319,300,350,s6-b760-a0
1419,海克斯科技枪刃＋饮血剑＋蓝霸符,无,319,300,350,s6-b1337-a0
1419,海克斯科技枪刃＋虚空之杖＋石像鬼石板甲,单身板甲,319,300,350,s6-b1478-a4
1419,海克斯科技枪刃＋蓝霸符＋巨龙之爪,无,319,300,350,s6-b1690-a0
1419,朔极之矛＋适应性头盔＋巨龙之爪,无,319,300,350,s6-b2243-a0
1419,饮血剑＋鬼索的狂暴之刃＋珠光护手,无,319,300,350,s6-b2935-a0
1419,饮血剑＋鬼索的狂暴之刃＋水银,无,319,300,350,s6-b2947-a0
1419,饮血剑＋适应性头盔＋强袭者的链枷,无,319,300,350,s6-b3208-a0
1419,饮血剑＋棘刺背心＋日炎斗篷,无,319,300,350,s6-b3232-a0
1419,斯特拉克的挑战护手＋泰坦的坚决＋石像鬼石板甲,单身板甲,319,300,350,s6-b3426-a4
1419,虚空之杖＋振奋盔甲＋薄暮法袍,无,319,300,350,s6-b5111-a0
1419,泰坦的坚决＋适应性头盔＋狂徒铠甲,无,319,300,350,s6-b5402-a0
1419,泰坦的坚决＋巨龙之爪＋巨龙之爪,无,319,300,350,s6-b5455-a0
1419,纳什之牙＋日炎斗篷＋巨龙之爪,无,319,300,350,s6-b5973-a0
1419,最后的轻语＋振奋盔甲＋狂徒铠甲,无,319,300,350,s6-b6173-a0
1419,大天使之杖＋振奋盔甲＋坚定之心,无,319,300,350,s6-b6569-a0
1419,冕卫＋圣盾使的誓约＋水银,无,319,300,350,s6-b6720-a0
1419,冕卫＋正义之手＋水银,无,319,300,350,s6-b6753-a0
1419,离子火花＋石像鬼石板甲＋石像鬼石板甲,无,319,300,350,s6-b6918-a0
1419,莫雷洛秘典＋振奋盔甲＋日炎斗篷,无,319,300,350,s6-b7028-a0
1419,莫雷洛秘典＋振奋盔甲＋薄暮法袍,无,319,300,350,s6-b7031-a0
1419,莫雷洛秘典＋石像鬼石板甲＋巨龙之爪,无,319,300,350,s6-b7057-a0
1419,圣盾使的誓约＋圣盾使的誓约＋坚定之心,无,319,300,350,s6-b7322-a0
1419,石像鬼石板甲＋石像鬼石板甲＋薄暮法袍,无,319,300,350,s6-b7654-a0
1419,石像鬼石板甲＋巨龙之爪＋强袭者的链枷,无,319,300,350,s6-b7675-a0
1444,死亡之刃＋饮血剑＋适应性头盔,无,318,300,350,s6-b183-a0
1444,海克斯科技枪刃＋纳什之牙＋振奋盔甲,无,318,300,350,s6-b1544-a0
1444,海克斯科技枪刃＋莫雷洛秘典＋石像鬼石板甲,单身板甲,318,300,350,s6-b1658-a4
1444,海克斯科技枪刃＋蓝霸符＋振奋盔甲,无,318,300,350,s6-b1684-a0
1444,海克斯科技枪刃＋圣盾使的誓约＋薄暮法袍,无,318,300,350,s6-b1704-a0
1444,夜之锋刃＋冕卫＋适应性头盔,无,318,300,350,s6-b2645-a0
1444,夜之锋刃＋适应性头盔＋石像鬼石板甲,无,318,300,350,s6-b2736-a0
1444,夜之锋刃＋坚定之心＋巨龙之爪,无,318,300,350,s6-b2790-a0
1444,饮血剑＋无尽之刃＋纳什之牙,无,318,300,350,s6-b2875-a0
1444,饮血剑＋无尽之刃＋适应性头盔,无,318,300,350,s6-b2885-a0
1444,饮血剑＋虚空之杖＋日炎斗篷,无,318,300,350,s6-b2968-a0
1444,饮血剑＋虚空之杖＋水银,无,318,300,350,s6-b2972-a0
1444,饮血剑＋离子火花＋莫雷洛秘典,无,318,300,350,s6-b3123-a0
1444,斯特拉克的挑战护手＋鬼索的狂暴之刃＋石像鬼石板甲,无,318,300,350,s6-b3377-a0
1444,斯特拉克的挑战护手＋棘刺背心＋狂徒铠甲,无,318,300,350,s6-b3672-a0
1444,斯特拉克的挑战护手＋石像鬼石板甲＋强袭者的链枷,单身板甲,318,300,350,s6-b3681-a4
1444,斯特拉克的挑战护手＋薄暮法袍＋狂徒铠甲,无,318,300,350,s6-b3702-a0
1444,红霸符＋振奋盔甲＋狂徒铠甲,无,318,300,350,s6-b4437-a0
1444,鬼索的狂暴之刃＋离子火花＋正义之手,无,318,300,350,s6-b4699-a0
1444,鬼索的狂暴之刃＋莫雷洛秘典＋石像鬼石板甲,单身板甲,318,300,350,s6-b4717-a4
1444,鬼索的狂暴之刃＋振奋盔甲＋坚定之心,无,318,300,350,s6-b4784-a0
1444,泰坦的坚决＋正义之手＋巨龙之爪,无,318,300,350,s6-b5420-a0
1444,海妖之怒＋正义之手＋正义之手,无,318,300,350,s6-b5691-a0
1444,纳什之牙＋大天使之杖＋石像鬼石板甲,单身板甲,318,300,350,s6-b5820-a4
1444,正义之手＋水银＋狂徒铠甲,无,318,300,350,s6-b7600-a0
1469,海克斯科技枪刃＋石像鬼石板甲＋薄暮法袍,单身板甲,317,300,350,s6-b1754-a4
1469,朔极之矛＋棘刺背心＋巨龙之爪,无,317,300,350,s6-b2273-a0
1469,夜之锋刃＋饮血剑＋蓝霸符,无,317,300,350,s6-b2361-a0
1469,夜之锋刃＋鬼索的狂暴之刃＋石像鬼石板甲,单身板甲,317,300,350,s6-b2477-a4
1469,饮血剑＋斯特拉克的挑战护手＋棘刺背心,无,317,300,350,s6-b2860-a0
1469,饮血剑＋红霸符＋虚空之杖,无,317,300,350,s6-b2899-a0
1469,饮血剑＋鬼索的狂暴之刃＋鬼索的狂暴之刃,无,317,300,350,s6-b2924-a0
1469,饮血剑＋虚空之杖＋离子火花,无,317,300,350,s6-b2958-a0
1469,饮血剑＋海妖之怒＋适应性头盔,无,317,300,350,s6-b3010-a0
1469,斯特拉克的挑战护手＋鬼索的狂暴之刃＋正义之手,无,317,300,350,s6-b3375-a0
1469,斯特拉克的挑战护手＋纳什之牙＋冕卫,无,317,300,350,s6-b3461-a0
1469,斯特拉克的挑战护手＋圣盾使的誓约＋日炎斗篷,无,317,300,350,s6-b3625-a0
1469,无尽之刃＋正义之手＋正义之手,无,317,300,350,s6-b4061-a0
1469,纳什之牙＋圣盾使的誓约＋坚定之心,无,317,300,350,s6-b5915-a0
1469,纳什之牙＋狂徒铠甲＋狂徒铠甲,无,317,300,350,s6-b5996-a0
1469,冕卫＋巨龙之爪＋水银,无,317,300,350,s6-b6788-a0
1469,蓝霸符＋适应性头盔＋适应性头盔,无,317,300,350,s6-b7237-a0
1469,圣盾使的誓约＋棘刺背心＋薄暮法袍,无,317,300,350,s6-b7366-a0
1469,正义之手＋狂徒铠甲＋强袭者的链枷,无,317,300,350,s6-b7603-a0
1488,巨人杀手＋圣盾使的誓约＋石像鬼石板甲,无,316,300,350,s6-b1139-a0
1488,巨人杀手＋圣盾使的誓约＋狂徒铠甲,无,316,300,350,s6-b1145-a0
1488,海克斯科技枪刃＋斯特拉克的挑战护手＋适应性头盔,无,316,300,350,s6-b1368-a0
1488,海克斯科技枪刃＋鬼索的狂暴之刃＋巨龙之爪,无,316,300,350,s6-b1456-a0
1488,海克斯科技枪刃＋泰坦的坚决＋正义之手,无,316,300,350,s6-b1500-a0
1488,海克斯科技枪刃＋大天使之杖＋振奋盔甲,无,316,300,350,s6-b1604-a0
1488,海克斯科技枪刃＋石像鬼石板甲＋日炎斗篷,单身板甲,316,300,350,s6-b1751-a4
1488,朔极之矛＋斯特拉克的挑战护手＋石像鬼石板甲,无,316,300,350,s6-b1900-a0
1488,朔极之矛＋鬼索的狂暴之刃＋石像鬼石板甲,单身板甲,316,300,350,s6-b1981-a4
1488,饮血剑＋泰坦的坚决＋离子火花,无,316,300,350,s6-b2982-a0
1488,饮血剑＋纳什之牙＋适应性头盔,无,316,300,350,s6-b3032-a0
1488,饮血剑＋离子火花＋薄暮法袍,无,316,300,350,s6-b3135-a0
1488,斯特拉克的挑战护手＋海妖之怒＋石像鬼石板甲,单身板甲,316,300,350,s6-b3449-a4
1488,斯特拉克的挑战护手＋纳什之牙＋振奋盔甲,无,316,300,350,s6-b3468-a0
1488,斯特拉克的挑战护手＋蓝霸符＋石像鬼石板甲,无,316,300,350,s6-b3611-a0
1488,斯特拉克的挑战护手＋圣盾使的誓约＋薄暮法袍,无,316,300,350,s6-b3628-a0
1488,斯特拉克的挑战护手＋日炎斗篷＋狂徒铠甲,无,316,300,350,s6-b3687-a0
1488,泰坦的坚决＋石像鬼石板甲＋巨龙之爪,无,316,300,350,s6-b5437-a0
1488,海妖之怒＋冕卫＋狂徒铠甲,无,316,300,350,s6-b5591-a0
1488,纳什之牙＋最后的轻语＋石像鬼石板甲,单身板甲,316,300,350,s6-b5781-a4
1488,纳什之牙＋坚定之心＋狂徒铠甲,无,316,300,350,s6-b5982-a0
1488,冕卫＋离子火花＋正义之手,无,316,300,350,s6-b6655-a0
1488,蓝霸符＋日炎斗篷＋巨龙之爪,无,316,300,350,s6-b7289-a0
1488,适应性头盔＋正义之手＋强袭者的链枷,无,316,300,350,s6-b7438-a0
1488,石像鬼石板甲＋巨龙之爪＋水银,无,316,300,350,s6-b7673-a0
1513,海克斯科技枪刃＋饮血剑＋灭世者的死亡之帽,无,315,300,350,s6-b1331-a0
1513,海克斯科技枪刃＋蓝霸符＋正义之手,无,315,300,350,s6-b1685-a0
1513,海克斯科技枪刃＋圣盾使的誓约＋日炎斗篷,无,315,300,350,s6-b1701-a0
1513,海克斯科技枪刃＋棘刺背心＋石像鬼石板甲,单身板甲,315,300,350,s6-b1742-a4
1513,朔极之矛＋饮血剑＋薄暮法袍,无,315,300,350,s6-b1875-a0
1513,朔极之矛＋冕卫＋坚定之心,无,315,300,350,s6-b2155-a0
1513,朔极之矛＋石像鬼石板甲＋水银,单身板甲,315,300,350,s6-b2283-a4
1513,夜之锋刃＋斯特拉克的挑战护手＋狂徒铠甲,无,315,300,350,s6-b2402-a0
1513,夜之锋刃＋冕卫＋石像鬼石板甲,无,315,300,350,s6-b2649-a0
1513,夜之锋刃＋莫雷洛秘典＋振奋盔甲,无,315,300,350,s6-b2679-a0
1513,饮血剑＋斯特拉克的挑战护手＋泰坦的坚决,无,315,300,350,s6-b2845-a0
1513,饮血剑＋红霸符＋薄暮法袍,无,315,300,350,s6-b2920-a0
1513,饮血剑＋纳什之牙＋水银,无,315,300,350,s6-b3041-a0
1513,饮血剑＋冕卫＋离子火花,无,315,300,350,s6-b3105-a0
1513,饮血剑＋离子火花＋离子火花,无,315,300,350,s6-b3122-a0
1513,饮血剑＋水银＋水银,无,315,300,350,s6-b3269-a0
1513,斯特拉克的挑战护手＋斯特拉克的挑战护手＋正义之手,无,315,300,350,s6-b3294-a0
1513,无尽之刃＋圣盾使的誓约＋正义之手,无,315,300,350,s6-b4028-a0
1513,鬼索的狂暴之刃＋圣盾使的誓约＋狂徒铠甲,无,315,300,350,s6-b4765-a0
1513,泰坦的坚决＋适应性头盔＋巨龙之爪,无,315,300,350,s6-b5399-a0
1513,海妖之怒＋圣盾使的誓约＋狂徒铠甲,无,315,300,350,s6-b5666-a0
1513,纳什之牙＋巨龙之爪＋薄暮法袍,无,315,300,350,s6-b5985-a0
1513,冕卫＋蓝霸符＋坚定之心,无,315,300,350,s6-b6704-a0
1513,离子火花＋振奋盔甲＋水银,无,315,300,350,s6-b6896-a0
1513,圣盾使的誓约＋水银＋狂徒铠甲,无,315,300,350,s6-b7401-a0
1513,适应性头盔＋棘刺背心＋坚定之心,无,315,300,350,s6-b7442-a0
1513,石像鬼石板甲＋日炎斗篷＋坚定之心,无,315,300,350,s6-b7659-a0
1540,死亡之刃＋饮血剑＋鬼索的狂暴之刃,无,314,300,350,s6-b169-a0
1540,海克斯科技枪刃＋虚空之杖＋振奋盔甲,无,314,300,350,s6-b1475-a0
1540,海克斯科技枪刃＋冕卫＋石像鬼石板甲,无,314,300,350,s6-b1625-a0
1540,朔极之矛＋饮血剑＋日炎斗篷,无,314,300,350,s6-b1872-a0
1540,朔极之矛＋斯特拉克的挑战护手＋振奋盔甲,无,314,300,350,s6-b1897-a0
1540,朔极之矛＋斯特拉克的挑战护手＋巨龙之爪,无,314,300,350,s6-b1903-a0
1540,饮血剑＋斯特拉克的挑战护手＋离子火花,无,314,300,350,s6-b2852-a0
1540,饮血剑＋无尽之刃＋鬼索的狂暴之刃,无,314,300,350,s6-b2871-a0
1540,饮血剑＋虚空之杖＋薄暮法袍,无,314,300,350,s6-b2971-a0
1540,饮血剑＋莫雷洛秘典＋适应性头盔,无,314,300,350,s6-b3143-a0
1540,饮血剑＋适应性头盔＋水银,无,314,300,350,s6-b3206-a0
1540,斯特拉克的挑战护手＋日炎斗篷＋巨龙之爪,无,314,300,350,s6-b3684-a0
1540,红霸符＋石像鬼石板甲＋坚定之心,单身板甲,314,300,350,s6-b4460-a4
1540,泰坦的坚决＋圣盾使的誓约＋坚定之心,无,314,300,350,s6-b5386-a0
1540,纳什之牙＋振奋盔甲＋薄暮法袍,无,314,300,350,s6-b5940-a0
1540,离子火花＋蓝霸符＋巨龙之爪,无,314,300,350,s6-b6858-a0
1540,珠光护手＋正义之手＋石像鬼石板甲,单身板甲,314,300,350,s6-b7157-a4
1540,蓝霸符＋巨龙之爪＋薄暮法袍,无,314,300,350,s6-b7301-a0
1540,圣盾使的誓约＋狂徒铠甲＋强袭者的链枷,无,314,300,350,s6-b7404-a0
1559,死亡之刃＋石像鬼石板甲＋坚定之心,单身板甲,313,300,350,s6-b596-a4
1559,巨人杀手＋斯特拉克的挑战护手＋石像鬼石板甲,单身板甲,313,300,350,s6-b811-a4
1559,巨人杀手＋石像鬼石板甲＋坚定之心,单身板甲,313,300,350,s6-b1191-a4
1559,海克斯科技枪刃＋泰坦的坚决＋振奋盔甲,无,313,300,350,s6-b1499-a0
1559,朔极之矛＋圣盾使的誓约＋正义之手,无,313,300,350,s6-b2226-a0
1559,夜之锋刃＋饮血剑＋离子火花,无,313,300,350,s6-b2358-a0
1559,夜之锋刃＋斯特拉克的挑战护手＋圣盾使的誓约,无,313,300,350,s6-b2391-a0
1559,饮血剑＋虚空之杖＋适应性头盔,无,313,300,350,s6-b2963-a0
1559,饮血剑＋泰坦的坚决＋冕卫,无,313,300,350,s6-b2981-a0
1559,饮血剑＋灭世者的死亡之帽＋坚定之心,无,313,300,350,s6-b3079-a0
1559,饮血剑＋大天使之杖＋离子火花,无,313,300,350,s6-b3087-a0
1559,饮血剑＋珠光护手＋坚定之心,无,313,300,350,s6-b3164-a0
1559,斯特拉克的挑战护手＋泰坦的坚决＋圣盾使的誓约,无,313,300,350,s6-b3421-a0
1559,无尽之刃＋石像鬼石板甲＋坚定之心,单身板甲,313,300,350,s6-b4082-a4
1559,红霸符＋适应性头盔＋振奋盔甲,无,313,300,350,s6-b4417-a0
1559,红霸符＋正义之手＋巨龙之爪,无,313,300,350,s6-b4444-a0
1559,鬼索的狂暴之刃＋冕卫＋坚定之心,无,313,300,350,s6-b4686-a0
1559,泰坦的坚决＋纳什之牙＋正义之手,无,313,300,350,s6-b5229-a0
1559,纳什之牙＋振奋盔甲＋日炎斗篷,无,313,300,350,s6-b5937-a0
1559,灭世者的死亡之帽＋冕卫＋振奋盔甲,无,313,300,350,s6-b6276-a0
1559,灭世者的死亡之帽＋正义之手＋石像鬼石板甲,单身板甲,313,300,350,s6-b6387-a4
1559,灭世者的死亡之帽＋石像鬼石板甲＋坚定之心,单身板甲,313,300,350,s6-b6406-a4
1559,大天使之杖＋石像鬼石板甲＋坚定之心,单身板甲,313,300,350,s6-b6596-a4
1559,冕卫＋珠光护手＋振奋盔甲,无,313,300,350,s6-b6685-a0
1559,冕卫＋蓝霸符＋正义之手,无,313,300,350,s6-b6700-a0
1559,莫雷洛秘典＋适应性头盔＋狂徒铠甲,无,313,300,350,s6-b7022-a0
1559,珠光护手＋石像鬼石板甲＋坚定之心,单身板甲,313,300,350,s6-b7176-a4
1559,适应性头盔＋日炎斗篷＋坚定之心,无,313,300,350,s6-b7457-a0
1559,振奋盔甲＋棘刺背心＋水银,无,313,300,350,s6-b7511-a0
1559,正义之手＋石像鬼石板甲＋水银,无,313,300,350,s6-b7574-a0
1589,死亡之刃＋圣盾使的誓约＋振奋盔甲,无,312,300,350,s6-b541-a0
1589,死亡之刃＋圣盾使的誓约＋正义之手,无,312,300,350,s6-b542-a0
1589,海克斯科技枪刃＋饮血剑＋珠光护手,无,312,300,350,s6-b1336-a0
1589,海克斯科技枪刃＋鬼索的狂暴之刃＋振奋盔甲,无,312,300,350,s6-b1450-a0
1589,海克斯科技枪刃＋海妖之怒＋振奋盔甲,无,312,300,350,s6-b1522-a0
1589,海克斯科技枪刃＋纳什之牙＋巨龙之爪,无,312,300,350,s6-b1550-a0
1589,海克斯科技枪刃＋振奋盔甲＋水银,无,312,300,350,s6-b1728-a0
1589,海克斯科技枪刃＋振奋盔甲＋强袭者的链枷,无,312,300,350,s6-b1730-a0
1589,朔极之矛＋饮血剑＋斯特拉克的挑战护手,无,312,300,350,s6-b1850-a0
1589,朔极之矛＋鬼索的狂暴之刃＋振奋盔甲,无,312,300,350,s6-b1978-a0
1589,朔极之矛＋纳什之牙＋石像鬼石板甲,单身板甲,312,300,350,s6-b2075-a4
1589,朔极之矛＋离子火花＋振奋盔甲,无,312,300,350,s6-b2167-a0
1589,朔极之矛＋石像鬼石板甲＋强袭者的链枷,单身板甲,312,300,350,s6-b2285-a4
1589,饮血剑＋灭世者的死亡之帽＋蓝霸符,无,312,300,350,s6-b3071-a0
1589,饮血剑＋冕卫＋薄暮法袍,无,312,300,350,s6-b3118-a0
1589,饮血剑＋珠光护手＋蓝霸符,无,312,300,350,s6-b3156-a0
1589,斯特拉克的挑战护手＋离子火花＋适应性头盔,无,312,300,350,s6-b3562-a0
1589,斯特拉克的挑战护手＋离子火花＋巨龙之爪,无,312,300,350,s6-b3569-a0
1589,斯特拉克的挑战护手＋棘刺背心＋石像鬼石板甲,无,312,300,350,s6-b3666-a0
1589,无尽之刃＋圣盾使的誓约＋振奋盔甲,无,312,300,350,s6-b4027-a0
1589,红霸符＋纳什之牙＋石像鬼石板甲,单身板甲,312,300,350,s6-b4255-a4
1589,红霸符＋圣盾使的誓约＋振奋盔甲,无,312,300,350,s6-b4405-a0
1589,鬼索的狂暴之刃＋纳什之牙＋石像鬼石板甲,单身板甲,312,300,350,s6-b4606-a4
1589,鬼索的狂暴之刃＋冕卫＋圣盾使的誓约,无,312,300,350,s6-b4679-a0
1589,最后的轻语＋圣盾使的誓约＋振奋盔甲,无,312,300,350,s6-b6141-a0
1589,大天使之杖＋冕卫＋圣盾使的誓约,无,312,300,350,s6-b6464-a0
1589,大天使之杖＋适应性头盔＋振奋盔甲,无,312,300,350,s6-b6553-a0
1589,冕卫＋蓝霸符＋圣盾使的誓约,无,312,300,350,s6-b6697-a0
1589,离子火花＋适应性头盔＋坚定之心,无,312,300,350,s6-b6882-a0
1589,离子火花＋振奋盔甲＋强袭者的链枷,无,312,300,350,s6-b6898-a0
1589,莫雷洛秘典＋蓝霸符＋石像鬼石板甲,单身板甲,312,300,350,s6-b6991-a4
1589,蓝霸符＋振奋盔甲＋棘刺背心,无,312,300,350,s6-b7251-a0
1589,蓝霸符＋正义之手＋坚定之心,无,312,300,350,s6-b7264-a0
1589,蓝霸符＋石像鬼石板甲＋强袭者的链枷,单身板甲,312,300,350,s6-b7286-a4
1623,死亡之刃＋圣盾使的誓约＋巨龙之爪,无,311,300,350,s6-b547-a0
1623,海克斯科技枪刃＋朔极之矛＋巨龙之爪,无,311,300,350,s6-b1285-a0
1623,海克斯科技枪刃＋夜之锋刃＋圣盾使的誓约,无,311,300,350,s6-b1308-a0
1623,海克斯科技枪刃＋夜之锋刃＋石像鬼石板甲,单身板甲,311,300,350,s6-b1313-a4
1623,海克斯科技枪刃＋鬼索的狂暴之刃＋石像鬼石板甲,无,311,300,350,s6-b1453-a0
1623,海克斯科技枪刃＋蓝霸符＋石像鬼石板甲,无,311,300,350,s6-b1687-a0
1623,海克斯科技枪刃＋石像鬼石板甲＋石像鬼石板甲,无,311,300,350,s6-b1750-a0
1623,海克斯科技枪刃＋石像鬼石板甲＋强袭者的链枷,单身板甲,311,300,350,s6-b1757-a4
1623,朔极之矛＋冕卫＋正义之手,无,311,300,350,s6-b2151-a0
1623,饮血剑＋最后的轻语＋坚定之心,无,311,300,350,s6-b3059-a0
1623,饮血剑＋离子火花＋强袭者的链枷,无,311,300,350,s6-b3138-a0
1623,斯特拉克的挑战护手＋斯特拉克的挑战护手＋圣盾使的誓约,无,311,300,350,s6-b3291-a0
1623,斯特拉克的挑战护手＋纳什之牙＋正义之手,无,311,300,350,s6-b3469-a0
1623,斯特拉克的挑战护手＋灭世者的死亡之帽＋振奋盔甲,无,311,300,350,s6-b3509-a0
1623,斯特拉克的挑战护手＋珠光护手＋振奋盔甲,无,311,300,350,s6-b3594-a0
1623,斯特拉克的挑战护手＋正义之手＋水银,无,311,300,350,s6-b3662-a0
1623,无尽之刃＋圣盾使的誓约＋巨龙之爪,无,311,300,350,s6-b4033-a0
1623,红霸符＋圣盾使的誓约＋巨龙之爪,无,311,300,350,s6-b4411-a0
1623,鬼索的狂暴之刃＋离子火花＋振奋盔甲,无,311,300,350,s6-b4698-a0
1623,虚空之杖＋石像鬼石板甲＋坚定之心,单身板甲,311,300,350,s6-b5136-a4
1623,泰坦的坚决＋振奋盔甲＋日炎斗篷,无,311,300,350,s6-b5408-a0
1623,海妖之怒＋石像鬼石板甲＋巨龙之爪,无,311,300,350,s6-b5713-a0
1623,纳什之牙＋适应性头盔＋狂徒铠甲,无,311,300,350,s6-b5931-a0
1623,纳什之牙＋棘刺背心＋巨龙之爪,无,311,300,350,s6-b5958-a0
1623,最后的轻语＋圣盾使的誓约＋巨龙之爪,无,311,300,350,s6-b6147-a0
1623,大天使之杖＋冕卫＋狂徒铠甲,无,311,300,350,s6-b6475-a0
1623,离子火花＋适应性头盔＋适应性头盔,无,311,300,350,s6-b6876-a0
1623,离子火花＋棘刺背心＋巨龙之爪,无,311,300,350,s6-b6913-a0
1623,离子火花＋石像鬼石板甲＋坚定之心,无,311,300,350,s6-b6920-a0
1623,莫雷洛秘典＋石像鬼石板甲＋狂徒铠甲,无,311,300,350,s6-b7060-a0
1623,圣盾使的誓约＋棘刺背心＋日炎斗篷,无,311,300,350,s6-b7363-a0
1623,正义之手＋正义之手＋棘刺背心,无,311,300,350,s6-b7551-a0
1623,棘刺背心＋石像鬼石板甲＋坚定之心,无,311,300,350,s6-b7616-a0
1623,巨龙之爪＋巨龙之爪＋强袭者的链枷,无,311,300,350,s6-b7739-a0
1657,巨人杀手＋海克斯科技枪刃＋振奋盔甲,无,310,300,350,s6-b686-a0
1657,巨人杀手＋饮血剑＋坚定之心,无,310,300,350,s6-b784-a0
1657,巨人杀手＋冕卫＋圣盾使的誓约,无,310,300,350,s6-b1059-a0
1657,巨人杀手＋振奋盔甲＋坚定之心,无,310,300,350,s6-b1164-a0
1657,海克斯科技枪刃＋泰坦的坚决＋圣盾使的誓约,无,310,300,350,s6-b1497-a0
1657,海克斯科技枪刃＋大天使之杖＋石像鬼石板甲,单身板甲,310,300,350,s6-b1607-a4
1657,朔极之矛＋冕卫＋圣盾使的誓约,无,310,300,350,s6-b2148-a0
1657,朔极之矛＋适应性头盔＋适应性头盔,无,310,300,350,s6-b2236-a0
1657,朔极之矛＋振奋盔甲＋棘刺背心,无,310,300,350,s6-b2250-a0
1657,夜之锋刃＋夜之锋刃＋振奋盔甲,无,310,300,350,s6-b2334-a0
1657,夜之锋刃＋饮血剑＋日炎斗篷,无,310,300,350,s6-b2368-a0
1657,饮血剑＋无尽之刃＋坚定之心,无,310,300,350,s6-b2891-a0
1657,饮血剑＋海妖之怒＋水银,无,310,300,350,s6-b3019-a0
1657,饮血剑＋最后的轻语＋适应性头盔,无,310,300,350,s6-b3053-a0
1657,饮血剑＋冕卫＋日炎斗篷,无,310,300,350,s6-b3115-a0
1657,斯特拉克的挑战护手＋虚空之杖＋正义之手,无,310,300,350,s6-b3400-a0
1657,斯特拉克的挑战护手＋石像鬼石板甲＋日炎斗篷,无,310,300,350,s6-b3675-a0
1657,红霸符＋冕卫＋圣盾使的誓约,无,310,300,350,s6-b4328-a0
1657,最后的轻语＋振奋盔甲＋坚定之心,无,310,300,350,s6-b6169-a0
1657,灭世者的死亡之帽＋巨龙之爪＋狂徒铠甲,无,310,300,350,s6-b6428-a0
1657,离子火花＋蓝霸符＋正义之手,无,310,300,350,s6-b6853-a0
1657,离子火花＋坚定之心＋狂徒铠甲,无,310,300,350,s6-b6937-a0
1657,珠光护手＋巨龙之爪＋狂徒铠甲,无,310,300,350,s6-b7198-a0
1657,圣盾使的誓约＋棘刺背心＋棘刺背心,无,310,300,350,s6-b7361-a0
1657,棘刺背心＋棘刺背心＋巨龙之爪,无,310,300,350,s6-b7609-a0
1657,石像鬼石板甲＋坚定之心＋薄暮法袍,无,310,300,350,s6-b7667-a0
1683,巨人杀手＋石像鬼石板甲＋巨龙之爪,无,309,300,350,s6-b1192-a0
1683,海克斯科技枪刃＋海克斯科技枪刃＋巨龙之爪,无,309,300,350,s6-b1253-a0
1683,海克斯科技枪刃＋红霸符＋石像鬼石板甲,单身板甲,309,300,350,s6-b1427-a4
1683,朔极之矛＋鬼索的狂暴之刃＋正义之手,无,309,300,350,s6-b1979-a0
1683,朔极之矛＋海妖之怒＋石像鬼石板甲,单身板甲,309,300,350,s6-b2053-a4
1683,朔极之矛＋正义之手＋狂徒铠甲,无,309,300,350,s6-b2267-a0
1683,朔极之矛＋石像鬼石板甲＋坚定之心,无,309,300,350,s6-b2280-a0
1683,夜之锋刃＋饮血剑＋虚空之杖,无,309,300,350,s6-b2350-a0
1683,夜之锋刃＋离子火花＋圣盾使的誓约,无,309,300,350,s6-b2661-a0
1683,饮血剑＋饮血剑＋珠光护手,无,309,300,350,s6-b2825-a0
1683,饮血剑＋斯特拉克的挑战护手＋红霸符,无,309,300,350,s6-b2842-a0
1683,饮血剑＋泰坦的坚决＋日炎斗篷,无,309,300,350,s6-b2992-a0
1683,饮血剑＋大天使之杖＋日炎斗篷,无,309,300,350,s6-b3097-a0
1683,饮血剑＋蓝霸符＋日炎斗篷,无,309,300,350,s6-b3177-a0
1683,饮血剑＋蓝霸符＋强袭者的链枷,无,309,300,350,s6-b3183-a0
1683,饮血剑＋薄暮法袍＋薄暮法袍,无,309,300,350,s6-b3265-a0
1683,斯特拉克的挑战护手＋鬼索的狂暴之刃＋巨龙之爪,无,309,300,350,s6-b3380-a0
1683,斯特拉克的挑战护手＋灭世者的死亡之帽＋石像鬼石板甲,单身板甲,309,300,350,s6-b3512-a4
1683,斯特拉克的挑战护手＋大天使之杖＋石像鬼石板甲,单身板甲,309,300,350,s6-b3531-a4
1683,斯特拉克的挑战护手＋珠光护手＋石像鬼石板甲,单身板甲,309,300,350,s6-b3597-a4
1683,无尽之刃＋正义之手＋石像鬼石板甲,单身板甲,309,300,350,s6-b4063-a4
1683,红霸符＋振奋盔甲＋坚定之心,无,309,300,350,s6-b4433-a0
1683,红霸符＋巨龙之爪＋巨龙之爪,无,309,300,350,s6-b4479-a0
1683,鬼索的狂暴之刃＋石像鬼石板甲＋水银,单身板甲,309,300,350,s6-b4814-a4
1683,泰坦的坚决＋冕卫＋狂徒铠甲,无,309,300,350,s6-b5315-a0
1683,海妖之怒＋冕卫＋圣盾使的誓约,无,309,300,350,s6-b5580-a0
1683,海妖之怒＋适应性头盔＋振奋盔甲,无,309,300,350,s6-b5669-a0
1683,海妖之怒＋狂徒铠甲＋狂徒铠甲,无,309,300,350,s6-b5743-a0
1683,纳什之牙＋冕卫＋适应性头盔,无,309,300,350,s6-b5834-a0
1683,纳什之牙＋正义之手＋坚定之心,无,309,300,350,s6-b5948-a0
1683,莫雷洛秘典＋正义之手＋巨龙之爪,无,309,300,350,s6-b7040-a0
1683,蓝霸符＋蓝霸符＋圣盾使的誓约,无,309,300,350,s6-b7211-a0
1683,蓝霸符＋振奋盔甲＋日炎斗篷,无,309,300,350,s6-b7253-a0
1683,蓝霸符＋振奋盔甲＋薄暮法袍,无,309,300,350,s6-b7256-a0
1683,圣盾使的誓约＋日炎斗篷＋薄暮法袍,无,309,300,350,s6-b7381-a0
1683,适应性头盔＋振奋盔甲＋强袭者的链枷,无,309,300,350,s6-b7428-a0
1683,振奋盔甲＋棘刺背心＋强袭者的链枷,无,309,300,350,s6-b7513-a0
1683,正义之手＋正义之手＋日炎斗篷,无,309,300,350,s6-b7553-a0
1683,棘刺背心＋巨龙之爪＋薄暮法袍,无,309,300,350,s6-b7636-a0
1683,水银＋狂徒铠甲＋狂徒铠甲,无,309,300,350,s6-b7763-a0
1723,死亡之刃＋饮血剑＋坚定之心,无,308,300,350,s6-b189-a0
1723,巨人杀手＋斯特拉克的挑战护手＋振奋盔甲,无,308,300,350,s6-b808-a0
1723,海克斯科技枪刃＋坚定之心＋狂徒铠甲,无,308,300,350,s6-b1769-a0
1723,朔极之矛＋饮血剑＋珠光护手,无,308,300,350,s6-b1864-a0
1723,朔极之矛＋泰坦的坚决＋石像鬼石板甲,单身板甲,308,300,350,s6-b2030-a4
1723,夜之锋刃＋纳什之牙＋振奋盔甲,无,308,300,350,s6-b2568-a0
1723,饮血剑＋鬼索的狂暴之刃＋最后的轻语,无,308,300,350,s6-b2929-a0
1723,饮血剑＋大天使之杖＋水银,无,308,300,350,s6-b3101-a0
1723,斯特拉克的挑战护手＋离子火花＋石像鬼石板甲,无,308,300,350,s6-b3566-a0
1723,斯特拉克的挑战护手＋莫雷洛秘典＋圣盾使的誓约,无,308,300,350,s6-b3577-a0
1723,斯特拉克的挑战护手＋圣盾使的誓约＋圣盾使的誓约,无,308,300,350,s6-b3619-a0
1723,斯特拉克的挑战护手＋适应性头盔＋棘刺背心,无,308,300,350,s6-b3635-a0
1723,斯特拉克的挑战护手＋巨龙之爪＋水银,无,308,300,350,s6-b3697-a0
1723,最后的轻语＋石像鬼石板甲＋坚定之心,单身板甲,308,300,350,s6-b6196-a4
1723,灭世者的死亡之帽＋适应性头盔＋振奋盔甲,无,308,300,350,s6-b6363-a0
1723,灭世者的死亡之帽＋适应性头盔＋狂徒铠甲,无,308,300,350,s6-b6372-a0
1723,大天使之杖＋振奋盔甲＋日炎斗篷,无,308,300,350,s6-b6568-a0
1723,冕卫＋冕卫＋适应性头盔,无,308,300,350,s6-b6636-a0
1723,珠光护手＋适应性头盔＋振奋盔甲,无,308,300,350,s6-b7133-a0
1723,珠光护手＋适应性头盔＋狂徒铠甲,无,308,300,350,s6-b7142-a0
1723,适应性头盔＋坚定之心＋薄暮法袍,无,308,300,350,s6-b7465-a0
1723,适应性头盔＋巨龙之爪＋强袭者的链枷,无,308,300,350,s6-b7473-a0
1723,棘刺背心＋日炎斗篷＋巨龙之爪,无,308,300,350,s6-b7624-a0
1746,死亡之刃＋饮血剑＋纳什之牙,无,307,300,350,s6-b173-a0
1746,巨人杀手＋适应性头盔＋振奋盔甲,无,307,300,350,s6-b1148-a0
1746,巨人杀手＋适应性头盔＋正义之手,无,307,300,350,s6-b1149-a0
1746,巨人杀手＋巨龙之爪＋狂徒铠甲,无,307,300,350,s6-b1213-a0
1746,巨人杀手＋狂徒铠甲＋狂徒铠甲,无,307,300,350,s6-b1222-a0
1746,海克斯科技枪刃＋泰坦的坚决＋石像鬼石板甲,单身板甲,307,300,350,s6-b1502-a4
1746,海克斯科技枪刃＋圣盾使的誓约＋圣盾使的誓约,无,307,300,350,s6-b1695-a0
1746,朔极之矛＋饮血剑＋海妖之怒,无,307,300,350,s6-b1856-a0
1746,朔极之矛＋饮血剑＋大天使之杖,无,307,300,350,s6-b1860-a0
1746,朔极之矛＋莫雷洛秘典＋石像鬼石板甲,单身板甲,307,300,350,s6-b2186-a4
1746,朔极之矛＋日炎斗篷＋巨龙之爪,无,307,300,350,s6-b2288-a0
1746,朔极之矛＋狂徒铠甲＋狂徒铠甲,无,307,300,350,s6-b2311-a0
1746,夜之锋刃＋饮血剑＋莫雷洛秘典,无,307,300,350,s6-b2359-a0
1746,夜之锋刃＋圣盾使的誓约＋适应性头盔,无,307,300,350,s6-b2720-a0
1746,夜之锋刃＋圣盾使的誓约＋棘刺背心,无,307,300,350,s6-b2723-a0
1746,饮血剑＋斯特拉克的挑战护手＋强袭者的链枷,无,307,300,350,s6-b2868-a0
1746,饮血剑＋红霸符＋离子火花,无,307,300,350,s6-b2907-a0
1746,饮血剑＋虚空之杖＋泰坦的坚决,无,307,300,350,s6-b2951-a0
1746,饮血剑＋虚空之杖＋纳什之牙,无,307,300,350,s6-b2953-a0
1746,饮血剑＋泰坦的坚决＋棘刺背心,无,307,300,350,s6-b2990-a0
1746,斯特拉克的挑战护手＋虚空之杖＋狂徒铠甲,无,307,300,350,s6-b3408-a0
1746,斯特拉克的挑战护手＋海妖之怒＋振奋盔甲,无,307,300,350,s6-b3446-a0
1746,鬼索的狂暴之刃＋纳什之牙＋正义之手,无,307,300,350,s6-b4604-a0
1746,鬼索的狂暴之刃＋适应性头盔＋狂徒铠甲,无,307,300,350,s6-b4777-a0
1746,鬼索的狂暴之刃＋振奋盔甲＋棘刺背心,无,307,300,350,s6-b4781-a0
1746,虚空之杖＋纳什之牙＋石像鬼石板甲,单身板甲,307,300,350,s6-b4931-a4
1746,虚空之杖＋适应性头盔＋狂徒铠甲,无,307,300,350,s6-b5102-a0
1746,泰坦的坚决＋纳什之牙＋振奋盔甲,无,307,300,350,s6-b5228-a0
1746,泰坦的坚决＋蓝霸符＋正义之手,无,307,300,350,s6-b5369-a0
1746,纳什之牙＋冕卫＋日炎斗篷,无,307,300,350,s6-b5839-a0
1746,纳什之牙＋离子火花＋狂徒铠甲,无,307,300,350,s6-b5861-a0
1746,纳什之牙＋蓝霸符＋石像鬼石板甲,单身板甲,307,300,350,s6-b5900-a4
1746,大天使之杖＋圣盾使的誓约＋坚定之心,无,307,300,350,s6-b6546-a0
1746,莫雷洛秘典＋圣盾使的誓约＋适应性头盔,无,307,300,350,s6-b7000-a0
1746,蓝霸符＋蓝霸符＋振奋盔甲,无,307,300,350,s6-b7213-a0
1746,圣盾使的誓约＋薄暮法袍＋薄暮法袍,无,307,300,350,s6-b7396-a0
1746,正义之手＋巨龙之爪＋强袭者的链枷,无,307,300,350,s6-b7594-a0
1746,石像鬼石板甲＋狂徒铠甲＋强袭者的链枷,无,307,300,350,s6-b7684-a0
1784,死亡之刃＋正义之手＋石像鬼石板甲,单身板甲,306,300,350,s6-b577-a4
1784,海克斯科技枪刃＋鬼索的狂暴之刃＋冕卫,无,306,300,350,s6-b1443-a0
1784,海克斯科技枪刃＋离子火花＋适应性头盔,无,306,300,350,s6-b1638-a0
1784,朔极之矛＋坚定之心＋狂徒铠甲,无,306,300,350,s6-b2297-a0
1784,饮血剑＋红霸符＋强袭者的链枷,无,306,300,350,s6-b2923-a0
1784,饮血剑＋鬼索的狂暴之刃＋纳什之牙,无,306,300,350,s6-b2928-a0
1784,饮血剑＋鬼索的狂暴之刃＋蓝霸符,无,306,300,350,s6-b2936-a0
1784,饮血剑＋虚空之杖＋大天使之杖,无,306,300,350,s6-b2956-a0
1784,饮血剑＋纳什之牙＋纳什之牙,无,306,300,350,s6-b3022-a0
1784,饮血剑＋莫雷洛秘典＋日炎斗篷,无,306,300,350,s6-b3148-a0
1784,斯特拉克的挑战护手＋斯特拉克的挑战护手＋狂徒铠甲,无,306,300,350,s6-b3302-a0
1784,斯特拉克的挑战护手＋振奋盔甲＋水银,无,306,300,350,s6-b3652-a0
1784,斯特拉克的挑战护手＋正义之手＋坚定之心,无,306,300,350,s6-b3659-a0
1784,无尽之刃＋适应性头盔＋正义之手,无,306,300,350,s6-b4040-a0
1784,红霸符＋石像鬼石板甲＋狂徒铠甲,无,306,300,350,s6-b4464-a0
1784,虚空之杖＋冕卫＋圣盾使的誓约,无,306,300,350,s6-b5004-a0
1784,虚空之杖＋巨龙之爪＋巨龙之爪,无,306,300,350,s6-b5155-a0
1784,泰坦的坚决＋振奋盔甲＋水银,无,306,300,350,s6-b5412-a0
1784,最后的轻语＋圣盾使的誓约＋正义之手,无,306,300,350,s6-b6142-a0
1784,大天使之杖＋适应性头盔＋巨龙之爪,无,306,300,350,s6-b6559-a0
1784,大天使之杖＋正义之手＋巨龙之爪,无,306,300,350,s6-b6580-a0
1784,大天使之杖＋巨龙之爪＋巨龙之爪,无,306,300,350,s6-b6615-a0
1784,冕卫＋离子火花＋坚定之心,无,306,300,350,s6-b6659-a0
1784,冕卫＋正义之手＋日炎斗篷,无,306,300,350,s6-b6749-a0
1784,冕卫＋正义之手＋薄暮法袍,无,306,300,350,s6-b6752-a0
1784,离子火花＋蓝霸符＋振奋盔甲,无,306,300,350,s6-b6852-a0
1784,离子火花＋日炎斗篷＋巨龙之爪,无,306,300,350,s6-b6928-a0
1784,莫雷洛秘典＋圣盾使的誓约＋棘刺背心,无,306,300,350,s6-b7003-a0
1784,蓝霸符＋蓝霸符＋正义之手,无,306,300,350,s6-b7214-a0
1784,圣盾使的誓约＋日炎斗篷＋日炎斗篷,无,306,300,350,s6-b7378-a0
1784,适应性头盔＋适应性头盔＋日炎斗篷,无,306,300,350,s6-b7411-a0
1784,适应性头盔＋正义之手＋水银,无,306,300,350,s6-b7436-a0
1784,棘刺背心＋坚定之心＋狂徒铠甲,无,306,300,350,s6-b7633-a0
1784,坚定之心＋坚定之心＋坚定之心,无,306,300,350,s6-b7714-a0
1818,死亡之刃＋斯特拉克的挑战护手＋石像鬼石板甲,单身板甲,305,300,350,s6-b216-a4
1818,海克斯科技枪刃＋虚空之杖＋狂徒铠甲,无,305,300,350,s6-b1484-a0
1818,海克斯科技枪刃＋莫雷洛秘典＋圣盾使的誓约,无,305,300,350,s6-b1653-a0
1818,海克斯科技枪刃＋蓝霸符＋适应性头盔,无,305,300,350,s6-b1683-a0
1818,朔极之矛＋饮血剑＋灭世者的死亡之帽,无,305,300,350,s6-b1859-a0
1818,朔极之矛＋离子火花＋正义之手,无,305,300,350,s6-b2168-a0
1818,夜之锋刃＋饮血剑＋薄暮法袍,无,305,300,350,s6-b2371-a0
1818,夜之锋刃＋冕卫＋巨龙之爪,无,305,300,350,s6-b2652-a0
1818,夜之锋刃＋圣盾使的誓约＋薄暮法袍,无,305,300,350,s6-b2728-a0
1818,饮血剑＋斯特拉克的挑战护手＋大天使之杖,无,305,300,350,s6-b2850-a0
1818,饮血剑＋红霸符＋鬼索的狂暴之刃,无,305,300,350,s6-b2898-a0
1818,饮血剑＋大天使之杖＋冕卫,无,305,300,350,s6-b3086-a0
1818,饮血剑＋莫雷洛秘典＋莫雷洛秘典,无,305,300,350,s6-b3139-a0
1818,斯特拉克的挑战护手＋无尽之刃＋石像鬼石板甲,单身板甲,305,300,350,s6-b3324-a4
1818,斯特拉克的挑战护手＋最后的轻语＋石像鬼石板甲,单身板甲,305,300,350,s6-b3492-a4
1818,斯特拉克的挑战护手＋正义之手＋薄暮法袍,无,305,300,350,s6-b3661-a0
1818,斯特拉克的挑战护手＋石像鬼石板甲＋薄暮法袍,无,305,300,350,s6-b3678-a0
1818,红霸符＋圣盾使的誓约＋适应性头盔,无,305,300,350,s6-b4404-a0
1818,红霸符＋圣盾使的誓约＋正义之手,无,305,300,350,s6-b4406-a0
1818,鬼索的狂暴之刃＋离子火花＋巨龙之爪,无,305,300,350,s6-b4704-a0
1818,鬼索的狂暴之刃＋石像鬼石板甲＋强袭者的链枷,单身板甲,305,300,350,s6-b4816-a4
1818,泰坦的坚决＋石像鬼石板甲＋狂徒铠甲,无,305,300,350,s6-b5440-a0
1818,海妖之怒＋石像鬼石板甲＋狂徒铠甲,无,305,300,350,s6-b5716-a0
1818,灭世者的死亡之帽＋石像鬼石板甲＋巨龙之爪,无,305,300,350,s6-b6407-a0
1818,大天使之杖＋石像鬼石板甲＋巨龙之爪,无,305,300,350,s6-b6597-a0
1818,冕卫＋坚定之心＋薄暮法袍,无,305,300,350,s6-b6782-a0
1818,离子火花＋圣盾使的誓约＋圣盾使的誓约,无,305,300,350,s6-b6863-a0
1818,珠光护手＋石像鬼石板甲＋巨龙之爪,无,305,300,350,s6-b7177-a0
1818,蓝霸符＋石像鬼石板甲＋水银,单身板甲,305,300,350,s6-b7284-a4
1818,石像鬼石板甲＋日炎斗篷＋水银,单身板甲,305,300,350,s6-b7662-a4
1818,狂徒铠甲＋狂徒铠甲＋强袭者的链枷,无,305,300,350,s6-b7767-a0
1849,死亡之刃＋石像鬼石板甲＋巨龙之爪,无,304,300,350,s6-b597-a0
1849,巨人杀手＋朔极之矛＋石像鬼石板甲,单身板甲,304,300,350,s6-b721-a4
1849,巨人杀手＋饮血剑＋水银,无,304,300,350,s6-b787-a0
1849,海克斯科技枪刃＋海克斯科技枪刃＋适应性头盔,无,304,300,350,s6-b1246-a0
1849,海克斯科技枪刃＋海克斯科技枪刃＋狂徒铠甲,无,304,300,350,s6-b1256-a0
1849,海克斯科技枪刃＋纳什之牙＋圣盾使的誓约,无,304,300,350,s6-b1542-a0
1849,海克斯科技枪刃＋灭世者的死亡之帽＋圣盾使的誓约,无,304,300,350,s6-b1583-a0
1849,朔极之矛＋最后的轻语＋石像鬼石板甲,单身板甲,304,300,350,s6-b2096-a4
1849,朔极之矛＋圣盾使的誓约＋坚定之心,无,304,300,350,s6-b2230-a0
1849,朔极之矛＋正义之手＋坚定之心,无,304,300,350,s6-b2263-a0
1849,饮血剑＋斯特拉克的挑战护手＋薄暮法袍,无,304,300,350,s6-b2865-a0
1849,饮血剑＋海妖之怒＋日炎斗篷,无,304,300,350,s6-b3015-a0
1849,饮血剑＋大天使之杖＋薄暮法袍,无,304,300,350,s6-b3100-a0
1849,饮血剑＋冕卫＋强袭者的链枷,无,304,300,350,s6-b3121-a0
1849,饮血剑＋蓝霸符＋薄暮法袍,无,304,300,350,s6-b3180-a0
1849,饮血剑＋薄暮法袍＋强袭者的链枷,无,304,300,350,s6-b3268-a0
1849,斯特拉克的挑战护手＋莫雷洛秘典＋狂徒铠甲,无,304,300,350,s6-b3588-a0
1849,斯特拉克的挑战护手＋蓝霸符＋圣盾使的誓约,无,304,300,350,s6-b3606-a0
1849,斯特拉克的挑战护手＋蓝霸符＋正义之手,无,304,300,350,s6-b3609-a0
1849,无尽之刃＋石像鬼石板甲＋巨龙之爪,无,304,300,350,s6-b4083-a0
1849,红霸符＋离子火花＋振奋盔甲,无,304,300,350,s6-b4347-a0
1849,鬼索的狂暴之刃＋适应性头盔＋适应性头盔,无,304,300,350,s6-b4767-a0
1849,鬼索的狂暴之刃＋适应性头盔＋巨龙之爪,无,304,300,350,s6-b4774-a0
1849,鬼索的狂暴之刃＋正义之手＋薄暮法袍,无,304,300,350,s6-b4796-a0
1849,虚空之杖＋石像鬼石板甲＋狂徒铠甲,无,304,300,350,s6-b5140-a0
1849,泰坦的坚决＋蓝霸符＋石像鬼石板甲,单身板甲,304,300,350,s6-b5371-a4
1849,海妖之怒＋蓝霸符＋石像鬼石板甲,单身板甲,304,300,350,s6-b5647-a4
1849,冕卫＋莫雷洛秘典＋适应性头盔,无,304,300,350,s6-b6669-a0
1849,冕卫＋日炎斗篷＋坚定之心,无,304,300,350,s6-b6774-a0
1849,莫雷洛秘典＋石像鬼石板甲＋薄暮法袍,单身板甲,304,300,350,s6-b7058-a4
1849,珠光护手＋狂徒铠甲＋狂徒铠甲,无,304,300,350,s6-b7207-a0
1849,蓝霸符＋蓝霸符＋石像鬼石板甲,单身板甲,304,300,350,s6-b7216-a4
1849,适应性头盔＋适应性头盔＋薄暮法袍,无,304,300,350,s6-b7414-a0
1882,巨人杀手＋朔极之矛＋饮血剑,无,303,300,350,s6-b699-a0
1882,海克斯科技枪刃＋海克斯科技枪刃＋石像鬼石板甲,无,303,300,350,s6-b1250-a0
1882,海克斯科技枪刃＋朔极之矛＋正义之手,无,303,300,350,s6-b1280-a0
1882,朔极之矛＋饮血剑＋强袭者的链枷,无,303,300,350,s6-b1878-a0
1882,朔极之矛＋离子火花＋巨龙之爪,无,303,300,350,s6-b2173-a0
1882,朔极之矛＋巨龙之爪＋薄暮法袍,无,303,300,350,s6-b2300-a0
1882,饮血剑＋饮血剑＋无尽之刃,无,303,300,350,s6-b2812-a0
1882,饮血剑＋红霸符＋纳什之牙,无,303,300,350,s6-b2902-a0
1882,饮血剑＋红霸符＋冕卫,无,303,300,350,s6-b2906-a0
1882,饮血剑＋红霸符＋棘刺背心,无,303,300,350,s6-b2915-a0
1882,饮血剑＋虚空之杖＋虚空之杖,无,303,300,350,s6-b2950-a0
1882,饮血剑＋泰坦的坚决＋薄暮法袍,无,303,300,350,s6-b2995-a0
1882,饮血剑＋纳什之牙＋最后的轻语,无,303,300,350,s6-b3023-a0
1882,饮血剑＋莫雷洛秘典＋强袭者的链枷,无,303,300,350,s6-b3154-a0
1882,斯特拉克的挑战护手＋纳什之牙＋圣盾使的誓约,无,303,300,350,s6-b3466-a0
1882,斯特拉克的挑战护手＋大天使之杖＋圣盾使的誓约,无,303,300,350,s6-b3526-a0
1882,斯特拉克的挑战护手＋振奋盔甲＋强袭者的链枷,无,303,300,350,s6-b3654-a0
1882,斯特拉克的挑战护手＋巨龙之爪＋薄暮法袍,无,303,300,350,s6-b3696-a0
1882,红霸符＋石像鬼石板甲＋巨龙之爪,无,303,300,350,s6-b4461-a0
1882,鬼索的狂暴之刃＋泰坦的坚决＋正义之手,无,303,300,350,s6-b4559-a0
1882,鬼索的狂暴之刃＋棘刺背心＋巨龙之爪,无,303,300,350,s6-b4804-a0
1882,鬼索的狂暴之刃＋狂徒铠甲＋狂徒铠甲,无,303,300,350,s6-b4842-a0
1882,虚空之杖＋正义之手＋石像鬼石板甲,无,303,300,350,s6-b5117-a0
1882,泰坦的坚决＋冕卫＋圣盾使的誓约,无,303,300,350,s6-b5304-a0
1882,海妖之怒＋适应性头盔＋巨龙之爪,无,303,300,350,s6-b5675-a0
1882,海妖之怒＋振奋盔甲＋棘刺背心,无,303,300,350,s6-b5682-a0
1882,海妖之怒＋振奋盔甲＋日炎斗篷,无,303,300,350,s6-b5684-a0
1882,纳什之牙＋棘刺背心＋狂徒铠甲,无,303,300,350,s6-b5961-a0
1882,最后的轻语＋适应性头盔＋振奋盔甲,无,303,300,350,s6-b6153-a0
1882,离子火花＋石像鬼石板甲＋强袭者的链枷,单身板甲,303,300,350,s6-b6925-a4
1882,莫雷洛秘典＋棘刺背心＋石像鬼石板甲,单身板甲,303,300,350,s6-b7046-a4
1882,蓝霸符＋圣盾使的誓约＋坚定之心,无,303,300,350,s6-b7231-a0
1882,蓝霸符＋棘刺背心＋狂徒铠甲,无,303,300,350,s6-b7277-a0
1882,圣盾使的誓约＋圣盾使的誓约＋棘刺背心,无,303,300,350,s6-b7319-a0
1882,圣盾使的誓约＋适应性头盔＋水银,无,303,300,350,s6-b7337-a0
1882,适应性头盔＋适应性头盔＋水银,无,303,300,350,s6-b7415-a0
1882,适应性头盔＋巨龙之爪＋水银,无,303,300,350,s6-b7471-a0
1882,棘刺背心＋石像鬼石板甲＋强袭者的链枷,单身板甲,303,300,350,s6-b7621-a4
1882,石像鬼石板甲＋薄暮法袍＋水银,单身板甲,303,300,350,s6-b7677-a4
1882,坚定之心＋水银＋狂徒铠甲,无,303,300,350,s6-b7730-a0
1922,死亡之刃＋圣盾使的誓约＋狂徒铠甲,无,302,300,350,s6-b550-a0
1922,死亡之刃＋振奋盔甲＋坚定之心,无,302,300,350,s6-b569-a0
1922,巨人杀手＋饮血剑＋斯特拉克的挑战护手,无,302,300,350,s6-b761-a0
1922,巨人杀手＋振奋盔甲＋日炎斗篷,无,302,300,350,s6-b1163-a0
1922,海克斯科技枪刃＋纳什之牙＋石像鬼石板甲,无,302,300,350,s6-b1547-a0
1922,海克斯科技枪刃＋蓝霸符＋狂徒铠甲,无,302,300,350,s6-b1693-a0
1922,夜之锋刃＋圣盾使的誓约＋日炎斗篷,无,302,300,350,s6-b2725-a0
1922,饮血剑＋斯特拉克的挑战护手＋最后的轻语,无,302,300,350,s6-b2848-a0
1922,饮血剑＋红霸符＋适应性头盔,无,302,300,350,s6-b2912-a0
1922,饮血剑＋红霸符＋水银,无,302,300,350,s6-b2921-a0
1922,饮血剑＋虚空之杖＋强袭者的链枷,无,302,300,350,s6-b2974-a0
1922,饮血剑＋大天使之杖＋蓝霸符,无,302,300,350,s6-b3090-a0
1922,饮血剑＋棘刺背心＋强袭者的链枷,无,302,300,350,s6-b3238-a0
1922,饮血剑＋日炎斗篷＋强袭者的链枷,无,302,300,350,s6-b3253-a0
1922,斯特拉克的挑战护手＋斯特拉克的挑战护手＋石像鬼石板甲,无,302,300,350,s6-b3296-a0
1922,斯特拉克的挑战护手＋鬼索的狂暴之刃＋冕卫,无,302,300,350,s6-b3367-a0
1922,无尽之刃＋圣盾使的誓约＋狂徒铠甲,无,302,300,350,s6-b4036-a0
1922,无尽之刃＋振奋盔甲＋坚定之心,无,302,300,350,s6-b4055-a0
1922,红霸符＋圣盾使的誓约＋狂徒铠甲,无,302,300,350,s6-b4414-a0
1922,红霸符＋正义之手＋狂徒铠甲,无,302,300,350,s6-b4447-a0
1922,鬼索的狂暴之刃＋日炎斗篷＋巨龙之爪,无,302,300,350,s6-b4819-a0
1922,鬼索的狂暴之刃＋坚定之心＋狂徒铠甲,无,302,300,350,s6-b4828-a0
1922,虚空之杖＋适应性头盔＋正义之手,无,302,300,350,s6-b5094-a0
1922,泰坦的坚决＋离子火花＋圣盾使的誓约,无,302,300,350,s6-b5321-a0
1922,泰坦的坚决＋离子火花＋石像鬼石板甲,单身板甲,302,300,350,s6-b5326-a4
1922,泰坦的坚决＋石像鬼石板甲＋薄暮法袍,单身板甲,302,300,350,s6-b5438-a4
1922,海妖之怒＋圣盾使的誓约＋坚定之心,无,302,300,350,s6-b5662-a0
1922,海妖之怒＋振奋盔甲＋薄暮法袍,无,302,300,350,s6-b5687-a0
1922,海妖之怒＋正义之手＋狂徒铠甲,无,302,300,350,s6-b5699-a0
1922,最后的轻语＋离子火花＋振奋盔甲,无,302,300,350,s6-b6083-a0
1922,最后的轻语＋圣盾使的誓约＋狂徒铠甲,无,302,300,350,s6-b6150-a0
1922,灭世者的死亡之帽＋巨龙之爪＋巨龙之爪,无,302,300,350,s6-b6425-a0
1922,冕卫＋巨龙之爪＋强袭者的链枷,无,302,300,350,s6-b6790-a0
1922,离子火花＋莫雷洛秘典＋石像鬼石板甲,单身板甲,302,300,350,s6-b6826-a4
1922,离子火花＋正义之手＋石像鬼石板甲,无,302,300,350,s6-b6901-a0
1922,珠光护手＋巨龙之爪＋巨龙之爪,无,302,300,350,s6-b7195-a0
1922,圣盾使的誓约＋坚定之心＋水银,无,302,300,350,s6-b7388-a0
1922,圣盾使的誓约＋坚定之心＋强袭者的链枷,无,302,300,350,s6-b7390-a0
1922,振奋盔甲＋日炎斗篷＋水银,无,302,300,350,s6-b7526-a0
1922,石像鬼石板甲＋日炎斗篷＋强袭者的链枷,单身板甲,302,300,350,s6-b7664-a4
1922,石像鬼石板甲＋薄暮法袍＋强袭者的链枷,单身板甲,302,300,350,s6-b7679-a4
1922,坚定之心＋薄暮法袍＋狂徒铠甲,无,302,300,350,s6-b7727-a0
1964,巨人杀手＋纳什之牙＋石像鬼石板甲,单身板甲,301,300,350,s6-b986-a4
1964,巨人杀手＋适应性头盔＋巨龙之爪,无,301,300,350,s6-b1154-a0
1964,海克斯科技枪刃＋朔极之矛＋振奋盔甲,无,301,300,350,s6-b1279-a0
1964,海克斯科技枪刃＋夜之锋刃＋狂徒铠甲,无,301,300,350,s6-b1319-a0
1964,海克斯科技枪刃＋珠光护手＋圣盾使的誓约,无,301,300,350,s6-b1668-a0
1964,朔极之矛＋振奋盔甲＋日炎斗篷,无,301,300,350,s6-b2252-a0
1964,朔极之矛＋振奋盔甲＋薄暮法袍,无,301,300,350,s6-b2255-a0
1964,夜之锋刃＋夜之锋刃＋饮血剑,无,301,300,350,s6-b2315-a0
1964,夜之锋刃＋饮血剑＋棘刺背心,无,301,300,350,s6-b2366-a0
1964,夜之锋刃＋斯特拉克的挑战护手＋巨龙之爪,无,301,300,350,s6-b2399-a0
1964,夜之锋刃＋石像鬼石板甲＋石像鬼石板甲,无,301,300,350,s6-b2774-a0
1964,饮血剑＋海妖之怒＋冕卫,无,301,300,350,s6-b3004-a0
1964,饮血剑＋冕卫＋冕卫,无,301,300,350,s6-b3104-a0
1964,斯特拉克的挑战护手＋鬼索的狂暴之刃＋振奋盔甲,无,301,300,350,s6-b3374-a0
1964,斯特拉克的挑战护手＋虚空之杖＋圣盾使的誓约,无,301,300,350,s6-b3397-a0
1964,斯特拉克的挑战护手＋灭世者的死亡之帽＋圣盾使的誓约,无,301,300,350,s6-b3507-a0
1964,斯特拉克的挑战护手＋珠光护手＋圣盾使的誓约,无,301,300,350,s6-b3592-a0
1964,斯特拉克的挑战护手＋正义之手＋日炎斗篷,无,301,300,350,s6-b3658-a0
1964,鬼索的狂暴之刃＋蓝霸符＋正义之手,无,301,300,350,s6-b4744-a0
1964,虚空之杖＋适应性头盔＋巨龙之爪,无,301,300,350,s6-b5099-a0
1964,海妖之怒＋棘刺背心＋石像鬼石板甲,单身板甲,301,300,350,s6-b5702-a4
1964,纳什之牙＋莫雷洛秘典＋巨龙之爪,无,301,300,350,s6-b5874-a0
1964,纳什之牙＋圣盾使的誓约＋棘刺背心,无,301,300,350,s6-b5912-a0
1964,纳什之牙＋适应性头盔＋正义之手,无,301,300,350,s6-b5923-a0
1964,最后的轻语＋冕卫＋圣盾使的誓约,无,301,300,350,s6-b6064-a0
1964,最后的轻语＋冕卫＋狂徒铠甲,无,301,300,350,s6-b6075-a0
1964,灭世者的死亡之帽＋适应性头盔＋巨龙之爪,无,301,300,350,s6-b6369-a0
1964,冕卫＋棘刺背心＋坚定之心,无,301,300,350,s6-b6759-a0
1964,莫雷洛秘典＋石像鬼石板甲＋日炎斗篷,单身板甲,301,300,350,s6-b7055-a4
1964,珠光护手＋适应性头盔＋巨龙之爪,无,301,300,350,s6-b7139-a0
1964,蓝霸符＋坚定之心＋坚定之心,无,301,300,350,s6-b7294-a0
1964,振奋盔甲＋薄暮法袍＋水银,无,301,300,350,s6-b7541-a0
1964,振奋盔甲＋薄暮法袍＋强袭者的链枷,无,301,300,350,s6-b7543-a0
1964,正义之手＋棘刺背心＋石像鬼石板甲,无,301,300,350,s6-b7561-a0
1964,正义之手＋石像鬼石板甲＋日炎斗篷,无,301,300,350,s6-b7570-a0
1964,正义之手＋石像鬼石板甲＋薄暮法袍,无,301,300,350,s6-b7573-a0
1964,日炎斗篷＋日炎斗篷＋巨龙之爪,无,301,300,350,s6-b7688-a0
2001,死亡之刃＋朔极之矛＋饮血剑,无,300,300,350,s6-b104-a0
2001,死亡之刃＋饮血剑＋饮血剑,无,300,300,350,s6-b165-a0
2001,死亡之刃＋圣盾使的誓约＋石像鬼石板甲,无,300,300,350,s6-b544-a0
2001,巨人杀手＋圣盾使的誓约＋坚定之心,无,300,300,350,s6-b1141-a0
2001,巨人杀手＋石像鬼石板甲＋狂徒铠甲,无,300,300,350,s6-b1195-a0
2001,海克斯科技枪刃＋海克斯科技枪刃＋鬼索的狂暴之刃,无,300,300,350,s6-b1232-a0
2001,海克斯科技枪刃＋朔极之矛＋石像鬼石板甲,无,300,300,350,s6-b1282-a0
2001,海克斯科技枪刃＋无尽之刃＋振奋盔甲,无,300,300,350,s6-b1397-a0
2001,海克斯科技枪刃＋纳什之牙＋狂徒铠甲,无,300,300,350,s6-b1553-a0
2001,海克斯科技枪刃＋适应性头盔＋薄暮法袍,无,300,300,350,s6-b1716-a0
2001,海克斯科技枪刃＋正义之手＋坚定之心,无,300,300,350,s6-b1735-a0
2001,海克斯科技枪刃＋正义之手＋强袭者的链枷,无,300,300,350,s6-b1740-a0
2001,海克斯科技枪刃＋石像鬼石板甲＋坚定之心,无,300,300,350,s6-b1752-a0
2001,海克斯科技枪刃＋日炎斗篷＋狂徒铠甲,无,300,300,350,s6-b1763-a0
2001,朔极之矛＋夜之锋刃＋巨龙之爪,无,300,300,350,s6-b1844-a0
2001,朔极之矛＋饮血剑＋无尽之刃,无,300,300,350,s6-b1851-a0
2001,夜之锋刃＋饮血剑＋红霸符,无,300,300,350,s6-b2348-a0
2001,夜之锋刃＋饮血剑＋大天使之杖,无,300,300,350,s6-b2356-a0
2001,夜之锋刃＋斯特拉克的挑战护手＋正义之手,无,300,300,350,s6-b2394-a0
2001,夜之锋刃＋斯特拉克的挑战护手＋石像鬼石板甲,无,300,300,350,s6-b2396-a0
2001,夜之锋刃＋适应性头盔＋适应性头盔,无,300,300,350,s6-b2732-a0
2001,饮血剑＋红霸符＋莫雷洛秘典,无,300,300,350,s6-b2908-a0
2001,饮血剑＋灭世者的死亡之帽＋冕卫,无,300,300,350,s6-b3067-a0
2001,饮血剑＋大天使之杖＋棘刺背心,无,300,300,350,s6-b3095-a0
2001,饮血剑＋冕卫＋莫雷洛秘典,无,300,300,350,s6-b3106-a0
2001,斯特拉克的挑战护手＋虚空之杖＋巨龙之爪,无,300,300,350,s6-b3405-a0
2001,斯特拉克的挑战护手＋纳什之牙＋狂徒铠甲,无,300,300,350,s6-b3477-a0
2001,斯特拉克的挑战护手＋冕卫＋棘刺背心,无,300,300,350,s6-b3548-a0
2001,斯特拉克的挑战护手＋蓝霸符＋狂徒铠甲,无,300,300,350,s6-b3617-a0
2001,无尽之刃＋圣盾使的誓约＋石像鬼石板甲,无,300,300,350,s6-b4030-a0
2001,红霸符＋正义之手＋石像鬼石板甲,无,300,300,350,s6-b4441-a0
2001,虚空之杖＋石像鬼石板甲＋巨龙之爪,无,300,300,350,s6-b5137-a0
2001,泰坦的坚决＋坚定之心＋巨龙之爪,无,300,300,350,s6-b5450-a0
2001,海妖之怒＋离子火花＋振奋盔甲,无,300,300,350,s6-b5599-a0
2001,海妖之怒＋离子火花＋石像鬼石板甲,单身板甲,300,300,350,s6-b5602-a4
2001,海妖之怒＋适应性头盔＋正义之手,无,300,300,350,s6-b5670-a0
2001,最后的轻语＋石像鬼石板甲＋巨龙之爪,无,300,300,350,s6-b6197-a0
2001,灭世者的死亡之帽＋圣盾使的誓约＋石像鬼石板甲,无,300,300,350,s6-b6354-a0
2001,大天使之杖＋正义之手＋狂徒铠甲,无,300,300,350,s6-b6583-a0
2001,冕卫＋莫雷洛秘典＋石像鬼石板甲,无,300,300,350,s6-b6673-a0
2001,冕卫＋正义之手＋强袭者的链枷,无,300,300,350,s6-b6755-a0
2001,冕卫＋石像鬼石板甲＋强袭者的链枷,无,300,300,350,s6-b6772-a0
2001,离子火花＋石像鬼石板甲＋水银,单身板甲,300,300,350,s6-b6923-a4
2001,莫雷洛秘典＋莫雷洛秘典＋振奋盔甲,无,300,300,350,s6-b6959-a0
2001,莫雷洛秘典＋坚定之心＋巨龙之爪,无,300,300,350,s6-b7070-a0
2001,珠光护手＋圣盾使的誓约＋石像鬼石板甲,无,300,300,350,s6-b7124-a0
2001,蓝霸符＋圣盾使的誓约＋圣盾使的誓约,无,300,300,350,s6-b7224-a0
2001,蓝霸符＋正义之手＋棘刺背心,无,300,300,350,s6-b7261-a0
2001,蓝霸符＋正义之手＋日炎斗篷,无,300,300,350,s6-b7263-a0
2001,适应性头盔＋水银＋狂徒铠甲,无,300,300,350,s6-b7479-a0
2001,振奋盔甲＋日炎斗篷＋强袭者的链枷,无,300,300,350,s6-b7528-a0
2052,死亡之刃＋适应性头盔＋正义之手,无,299,250,300,s6-b554-a0
2052,海克斯科技枪刃＋饮血剑＋无尽之刃,无,299,250,300,s6-b1323-a0
2052,海克斯科技枪刃＋斯特拉克的挑战护手＋石像鬼石板甲,无,299,250,300,s6-b1372-a0
2052,海克斯科技枪刃＋最后的轻语＋振奋盔甲,无,299,250,300,s6-b1565-a0
2052,海克斯科技枪刃＋适应性头盔＋棘刺背心,无,299,250,300,s6-b1711-a0
2052,朔极之矛＋石像鬼石板甲＋石像鬼石板甲,无,299,250,300,s6-b2278-a0
2052,夜之锋刃＋饮血剑＋泰坦的坚决,无,299,250,300,s6-b2351-a0
2052,夜之锋刃＋斯特拉克的挑战护手＋适应性头盔,无,299,250,300,s6-b2392-a0
2052,夜之锋刃＋纳什之牙＋正义之手,无,299,250,300,s6-b2569-a0
2052,夜之锋刃＋振奋盔甲＋水银,无,299,250,300,s6-b2752-a0
2052,斯特拉克的挑战护手＋适应性头盔＋日炎斗篷,无,299,250,300,s6-b3637-a0
2052,斯特拉克的挑战护手＋坚定之心＋坚定之心,无,299,250,300,s6-b3689-a0
2052,鬼索的狂暴之刃＋鬼索的狂暴之刃＋石像鬼石板甲,单身板甲,299,250,300,s6-b4512-a4
2052,鬼索的狂暴之刃＋振奋盔甲＋薄暮法袍,无,299,250,300,s6-b4786-a0
2052,鬼索的狂暴之刃＋巨龙之爪＋薄暮法袍,无,299,250,300,s6-b4831-a0
2052,虚空之杖＋蓝霸符＋石像鬼石板甲,单身板甲,299,250,300,s6-b5071-a4
2052,泰坦的坚决＋石像鬼石板甲＋日炎斗篷,单身板甲,299,250,300,s6-b5435-a4
2052,海妖之怒＋石像鬼石板甲＋薄暮法袍,单身板甲,299,250,300,s6-b5714-a4
2052,纳什之牙＋离子火花＋圣盾使的誓约,无,299,250,300,s6-b5850-a0
2052,纳什之牙＋适应性头盔＋石像鬼石板甲,无,299,250,300,s6-b5925-a0
2052,纳什之牙＋石像鬼石板甲＋强袭者的链枷,单身板甲,299,250,300,s6-b5970-a4
2052,最后的轻语＋蓝霸符＋石像鬼石板甲,单身板甲,299,250,300,s6-b6131-a4
2052,大天使之杖＋蓝霸符＋石像鬼石板甲,单身板甲,299,250,300,s6-b6531-a4
2052,大天使之杖＋适应性头盔＋狂徒铠甲,无,299,250,300,s6-b6562-a0
2052,冕卫＋适应性头盔＋强袭者的链枷,无,299,250,300,s6-b6734-a0
2052,离子火花＋莫雷洛秘典＋圣盾使的誓约,无,299,250,300,s6-b6821-a0
2052,离子火花＋蓝霸符＋狂徒铠甲,无,299,250,300,s6-b6861-a0
2052,莫雷洛秘典＋圣盾使的誓约＋日炎斗篷,无,299,250,300,s6-b7005-a0
2052,莫雷洛秘典＋圣盾使的誓约＋薄暮法袍,无,299,250,300,s6-b7008-a0
2052,莫雷洛秘典＋适应性头盔＋石像鬼石板甲,无,299,250,300,s6-b7016-a0
2052,蓝霸符＋石像鬼石板甲＋薄暮法袍,无,299,250,300,s6-b7283-a0
2052,圣盾使的誓约＋圣盾使的誓约＋薄暮法袍,无,299,250,300,s6-b7324-a0
2052,适应性头盔＋适应性头盔＋棘刺背心,无,299,250,300,s6-b7409-a0
2052,适应性头盔＋石像鬼石板甲＋强袭者的链枷,无,299,250,300,s6-b7455-a0
2052,日炎斗篷＋坚定之心＋狂徒铠甲,无,299,250,300,s6-b7697-a0
2052,日炎斗篷＋巨龙之爪＋薄暮法袍,无,299,250,300,s6-b7700-a0
2088,死亡之刃＋适应性头盔＋振奋盔甲,无,298,250,300,s6-b553-a0
2088,海克斯科技枪刃＋朔极之矛＋冕卫,无,298,250,300,s6-b1272-a0
2088,海克斯科技枪刃＋红霸符＋振奋盔甲,无,298,250,300,s6-b1424-a0
2088,海克斯科技枪刃＋虚空之杖＋正义之手,无,298,250,300,s6-b1476-a0
2088,海克斯科技枪刃＋圣盾使的誓约＋强袭者的链枷,无,298,250,300,s6-b1707-a0
2088,海克斯科技枪刃＋日炎斗篷＋巨龙之爪,无,298,250,300,s6-b1760-a0
2088,朔极之矛＋斯特拉克的挑战护手＋正义之手,无,298,250,300,s6-b1898-a0
2088,夜之锋刃＋虚空之杖＋振奋盔甲,无,298,250,300,s6-b2499-a0
2088,夜之锋刃＋蓝霸符＋振奋盔甲,无,298,250,300,s6-b2708-a0
2088,夜之锋刃＋适应性头盔＋坚定之心,无,298,250,300,s6-b2738-a0
2088,夜之锋刃＋正义之手＋巨龙之爪,无,298,250,300,s6-b2760-a0
2088,饮血剑＋斯特拉克的挑战护手＋海妖之怒,无,298,250,300,s6-b2846-a0
2088,饮血剑＋虚空之杖＋棘刺背心,无,298,250,300,s6-b2966-a0
2088,斯特拉克的挑战护手＋冕卫＋水银,无,298,250,300,s6-b3554-a0
2088,无尽之刃＋适应性头盔＋振奋盔甲,无,298,250,300,s6-b4039-a0
2088,红霸符＋振奋盔甲＋棘刺背心,无,298,250,300,s6-b4430-a0
2088,虚空之杖＋圣盾使的誓约＋坚定之心,无,298,250,300,s6-b5086-a0
2088,泰坦的坚决＋离子火花＋振奋盔甲,无,298,250,300,s6-b5323-a0
2088,泰坦的坚决＋正义之手＋石像鬼石板甲,无,298,250,300,s6-b5417-a0
2088,纳什之牙＋纳什之牙＋巨龙之爪,无,298,250,300,s6-b5763-a0
2088,灭世者的死亡之帽＋石像鬼石板甲＋狂徒铠甲,无,298,250,300,s6-b6410-a0
2088,冕卫＋冕卫＋坚定之心,无,298,250,300,s6-b6642-a0
2088,莫雷洛秘典＋适应性头盔＋正义之手,无,298,250,300,s6-b7014-a0
2088,珠光护手＋石像鬼石板甲＋狂徒铠甲,无,298,250,300,s6-b7180-a0
2088,蓝霸符＋石像鬼石板甲＋日炎斗篷,无,298,250,300,s6-b7280-a0
2088,圣盾使的誓约＋圣盾使的誓约＋日炎斗篷,无,298,250,300,s6-b7321-a0
2088,坚定之心＋巨龙之爪＋水银,无,298,250,300,s6-b7722-a0
2115,巨人杀手＋适应性头盔＋狂徒铠甲,无,297,250,300,s6-b1157-a0
2115,巨人杀手＋巨龙之爪＋巨龙之爪,无,297,250,300,s6-b1210-a0
2115,海克斯科技枪刃＋虚空之杖＋圣盾使的誓约,无,297,250,300,s6-b1473-a0
2115,海克斯科技枪刃＋适应性头盔＋日炎斗篷,无,297,250,300,s6-b1713-a0
2115,朔极之矛＋泰坦的坚决＋正义之手,无,297,250,300,s6-b2028-a0
2115,夜之锋刃＋纳什之牙＋巨龙之爪,无,297,250,300,s6-b2574-a0
2115,斯特拉克的挑战护手＋适应性头盔＋薄暮法袍,无,297,250,300,s6-b3640-a0
2115,鬼索的狂暴之刃＋圣盾使的誓约＋坚定之心,无,297,250,300,s6-b4761-a0
2115,鬼索的狂暴之刃＋振奋盔甲＋日炎斗篷,无,297,250,300,s6-b4783-a0
2115,泰坦的坚决＋棘刺背心＋石像鬼石板甲,单身板甲,297,250,300,s6-b5426-a4
2115,海妖之怒＋冕卫＋石像鬼石板甲,无,297,250,300,s6-b5585-a0
2115,海妖之怒＋石像鬼石板甲＋日炎斗篷,单身板甲,297,250,300,s6-b5711-a4
2115,纳什之牙＋离子火花＋巨龙之爪,无,297,250,300,s6-b5858-a0
2115,离子火花＋蓝霸符＋石像鬼石板甲,无,297,250,300,s6-b6855-a0
2115,离子火花＋适应性头盔＋日炎斗篷,无,297,250,300,s6-b6881-a0
2115,蓝霸符＋适应性头盔＋石像鬼石板甲,无,297,250,300,s6-b7241-a0
2115,蓝霸符＋正义之手＋薄暮法袍,无,297,250,300,s6-b7266-a0
2115,坚定之心＋巨龙之爪＋强袭者的链枷,无,297,250,300,s6-b7724-a0
2133,死亡之刃＋海克斯科技枪刃＋饮血剑,无,296,250,300,s6-b72-a0
2133,海克斯科技枪刃＋纳什之牙＋冕卫,无,296,250,300,s6-b1537-a0
2133,海克斯科技枪刃＋离子火花＋狂徒铠甲,无,296,250,300,s6-b1648-a0
2133,朔极之矛＋冕卫＋适应性头盔,无,296,250,300,s6-b2149-a0
2133,朔极之矛＋蓝霸符＋石像鬼石板甲,单身板甲,296,250,300,s6-b2215-a4
2133,夜之锋刃＋鬼索的狂暴之刃＋正义之手,无,296,250,300,s6-b2475-a0
2133,夜之锋刃＋棘刺背心＋巨龙之爪,无,296,250,300,s6-b2769-a0
2133,夜之锋刃＋坚定之心＋狂徒铠甲,无,296,250,300,s6-b2793-a0
2133,饮血剑＋海妖之怒＋蓝霸符,无,296,250,300,s6-b3008-a0
2133,斯特拉克的挑战护手＋纳什之牙＋石像鬼石板甲,无,296,250,300,s6-b3471-a0
2133,斯特拉克的挑战护手＋冕卫＋薄暮法袍,无,296,250,300,s6-b3553-a0
2133,红霸符＋适应性头盔＋正义之手,无,296,250,300,s6-b4418-a0
2133,鬼索的狂暴之刃＋蓝霸符＋石像鬼石板甲,单身板甲,296,250,300,s6-b4746-a4
2133,泰坦的坚决＋纳什之牙＋石像鬼石板甲,单身板甲,296,250,300,s6-b5231-a4
2133,泰坦的坚决＋冕卫＋适应性头盔,无,296,250,300,s6-b5305-a0
2133,泰坦的坚决＋圣盾使的誓约＋日炎斗篷,无,296,250,300,s6-b5385-a0
2133,海妖之怒＋纳什之牙＋石像鬼石板甲,单身板甲,296,250,300,s6-b5507-a4
2133,海妖之怒＋冕卫＋适应性头盔,无,296,250,300,s6-b5581-a0
2133,海妖之怒＋巨龙之爪＋巨龙之爪,无,296,250,300,s6-b5731-a0
2133,纳什之牙＋莫雷洛秘典＋振奋盔甲,无,296,250,300,s6-b5868-a0
2133,纳什之牙＋圣盾使的誓约＋薄暮法袍,无,296,250,300,s6-b5917-a0
2133,冕卫＋蓝霸符＋适应性头盔,无,296,250,300,s6-b6698-a0
2133,冕卫＋适应性头盔＋水银,无,296,250,300,s6-b6732-a0
2133,离子火花＋棘刺背心＋狂徒铠甲,无,296,250,300,s6-b6916-a0
2133,石像鬼石板甲＋水银＋水银,单身板甲,296,250,300,s6-b7680-a4
2158,死亡之刃＋适应性头盔＋巨龙之爪,无,295,250,300,s6-b559-a0
2158,死亡之刃＋石像鬼石板甲＋狂徒铠甲,无,295,250,300,s6-b600-a0
2158,海克斯科技枪刃＋夜之锋刃＋正义之手,无,295,250,300,s6-b1311-a0
2158,夜之锋刃＋饮血剑＋强袭者的链枷,无,295,250,300,s6-b2374-a0
2158,夜之锋刃＋大天使之杖＋振奋盔甲,无,295,250,300,s6-b2628-a0
2158,饮血剑＋无尽之刃＋冕卫,无,295,250,300,s6-b2879-a0
2158,饮血剑＋无尽之刃＋蓝霸符,无,295,250,300,s6-b2883-a0
2158,饮血剑＋海妖之怒＋棘刺背心,无,295,250,300,s6-b3013-a0
2158,饮血剑＋最后的轻语＋水银,无,295,250,300,s6-b3062-a0
2158,饮血剑＋灭世者的死亡之帽＋棘刺背心,无,295,250,300,s6-b3076-a0
2158,饮血剑＋蓝霸符＋水银,无,295,250,300,s6-b3181-a0
2158,斯特拉克的挑战护手＋纳什之牙＋坚定之心,无,295,250,300,s6-b3473-a0
2158,斯特拉克的挑战护手＋冕卫＋离子火花,无,295,250,300,s6-b3540-a0
2158,无尽之刃＋适应性头盔＋巨龙之爪,无,295,250,300,s6-b4045-a0
2158,无尽之刃＋石像鬼石板甲＋狂徒铠甲,无,295,250,300,s6-b4086-a0
2158,红霸符＋适应性头盔＋巨龙之爪,无,295,250,300,s6-b4423-a0
2158,红霸符＋狂徒铠甲＋狂徒铠甲,无,295,250,300,s6-b4491-a0
2158,鬼索的狂暴之刃＋正义之手＋棘刺背心,无,295,250,300,s6-b4791-a0
2158,鬼索的狂暴之刃＋正义之手＋强袭者的链枷,无,295,250,300,s6-b4799-a0
2158,泰坦的坚决＋冕卫＋石像鬼石板甲,无,295,250,300,s6-b5309-a0
2158,纳什之牙＋圣盾使的誓约＋日炎斗篷,无,295,250,300,s6-b5914-a0
2158,纳什之牙＋薄暮法袍＋狂徒铠甲,无,295,250,300,s6-b5991-a0
2158,最后的轻语＋适应性头盔＋巨龙之爪,无,295,250,300,s6-b6159-a0
2158,最后的轻语＋石像鬼石板甲＋狂徒铠甲,无,295,250,300,s6-b6200-a0
2158,最后的轻语＋狂徒铠甲＋狂徒铠甲,无,295,250,300,s6-b6227-a0
2158,大天使之杖＋石像鬼石板甲＋狂徒铠甲,无,295,250,300,s6-b6600-a0
2158,离子火花＋圣盾使的誓约＋强袭者的链枷,无,295,250,300,s6-b6875-a0
2158,离子火花＋巨龙之爪＋薄暮法袍,无,295,250,300,s6-b6940-a0
2158,蓝霸符＋薄暮法袍＋狂徒铠甲,无,295,250,300,s6-b7307-a0
2158,圣盾使的誓约＋适应性头盔＋强袭者的链枷,无,295,250,300,s6-b7339-a0
2158,适应性头盔＋棘刺背心＋薄暮法袍,无,295,250,300,s6-b7444-a0
2189,死亡之刃＋斯特拉克的挑战护手＋振奋盔甲,无,294,250,300,s6-b213-a0
2189,死亡之刃＋巨龙之爪＋狂徒铠甲,无,294,250,300,s6-b618-a0
2189,海克斯科技枪刃＋大天使之杖＋圣盾使的誓约,无,294,250,300,s6-b1602-a0
2189,海克斯科技枪刃＋圣盾使的誓约＋水银,无,294,250,300,s6-b1705-a0
2189,海克斯科技枪刃＋棘刺背心＋巨龙之爪,无,294,250,300,s6-b1745-a0
2189,海克斯科技枪刃＋水银＋狂徒铠甲,无,294,250,300,s6-b1781-a0
2189,朔极之矛＋夜之锋刃＋振奋盔甲,无,294,250,300,s6-b1838-a0
2189,夜之锋刃＋蓝霸符＋正义之手,无,294,250,300,s6-b2709-a0
2189,饮血剑＋泰坦的坚决＋泰坦的坚决,无,294,250,300,s6-b2975-a0
2189,饮血剑＋泰坦的坚决＋莫雷洛秘典,无,294,250,300,s6-b2983-a0
2189,饮血剑＋泰坦的坚决＋强袭者的链枷,无,294,250,300,s6-b2998-a0
2189,饮血剑＋海妖之怒＋离子火花,无,294,250,300,s6-b3005-a0
2189,饮血剑＋冕卫＋珠光护手,无,294,250,300,s6-b3107-a0
2189,斯特拉克的挑战护手＋无尽之刃＋振奋盔甲,无,294,250,300,s6-b3321-a0
2189,斯特拉克的挑战护手＋冕卫＋日炎斗篷,无,294,250,300,s6-b3550-a0
2189,无尽之刃＋巨龙之爪＋狂徒铠甲,无,294,250,300,s6-b4104-a0
2189,鬼索的狂暴之刃＋鬼索的狂暴之刃＋正义之手,无,294,250,300,s6-b4510-a0
2189,鬼索的狂暴之刃＋正义之手＋水银,无,294,250,300,s6-b4797-a0
2189,泰坦的坚决＋莫雷洛秘典＋振奋盔甲,无,294,250,300,s6-b5339-a0
2189,泰坦的坚决＋圣盾使的誓约＋适应性头盔,无,294,250,300,s6-b5380-a0
2189,泰坦的坚决＋适应性头盔＋石像鬼石板甲,无,294,250,300,s6-b5396-a0
2189,海妖之怒＋适应性头盔＋狂徒铠甲,无,294,250,300,s6-b5678-a0
2189,海妖之怒＋正义之手＋巨龙之爪,无,294,250,300,s6-b5696-a0
2189,纳什之牙＋正义之手＋强袭者的链枷,无,294,250,300,s6-b5953-a0
2189,大天使之杖＋振奋盔甲＋棘刺背心,无,294,250,300,s6-b6566-a0
2189,离子火花＋适应性头盔＋棘刺背心,无,294,250,300,s6-b6879-a0
2189,适应性头盔＋石像鬼石板甲＋水银,无,294,250,300,s6-b7453-a0
2189,适应性头盔＋狂徒铠甲＋强袭者的链枷,无,294,250,300,s6-b7482-a0
2217,死亡之刃＋蓝霸符＋石像鬼石板甲,单身板甲,293,250,300,s6-b531-a4
2217,巨人杀手＋斯特拉克的挑战护手＋圣盾使的誓约,无,293,250,300,s6-b806-a0
2217,巨人杀手＋蓝霸符＋石像鬼石板甲,单身板甲,293,250,300,s6-b1126-a4
2217,海克斯科技枪刃＋鬼索的狂暴之刃＋圣盾使的誓约,无,293,250,300,s6-b1448-a0
2217,海克斯科技枪刃＋鬼索的狂暴之刃＋狂徒铠甲,无,293,250,300,s6-b1459-a0
2217,海克斯科技枪刃＋海妖之怒＋石像鬼石板甲,单身板甲,293,250,300,s6-b1525-a4
2217,朔极之矛＋朔极之矛＋石像鬼石板甲,单身板甲,293,250,300,s6-b1810-a4
2217,朔极之矛＋斯特拉克的挑战护手＋圣盾使的誓约,无,293,250,300,s6-b1895-a0
2217,朔极之矛＋红霸符＋石像鬼石板甲,单身板甲,293,250,300,s6-b1955-a4
2217,朔极之矛＋离子火花＋狂徒铠甲,无,293,250,300,s6-b2176-a0
2217,夜之锋刃＋鬼索的狂暴之刃＋振奋盔甲,无,293,250,300,s6-b2474-a0
2217,夜之锋刃＋离子火花＋巨龙之爪,无,293,250,300,s6-b2669-a0
2217,饮血剑＋斯特拉克的挑战护手＋斯特拉克的挑战护手,无,293,250,300,s6-b2840-a0
2217,斯特拉克的挑战护手＋斯特拉克的挑战护手＋适应性头盔,无,293,250,300,s6-b3292-a0
2217,斯特拉克的挑战护手＋红霸符＋振奋盔甲,无,293,250,300,s6-b3348-a0
2217,斯特拉克的挑战护手＋最后的轻语＋振奋盔甲,无,293,250,300,s6-b3489-a0
2217,斯特拉克的挑战护手＋蓝霸符＋坚定之心,无,293,250,300,s6-b3613-a0
2217,无尽之刃＋蓝霸符＋石像鬼石板甲,单身板甲,293,250,300,s6-b4017-a4
2217,红霸符＋蓝霸符＋石像鬼石板甲,单身板甲,293,250,300,s6-b4395-a4
2217,鬼索的狂暴之刃＋虚空之杖＋石像鬼石板甲,单身板甲,293,250,300,s6-b4537-a4
2217,鬼索的狂暴之刃＋大天使之杖＋石像鬼石板甲,单身板甲,293,250,300,s6-b4666-a4
2217,鬼索的狂暴之刃＋离子火花＋狂徒铠甲,无,293,250,300,s6-b4707-a0
2217,海妖之怒＋适应性头盔＋石像鬼石板甲,无,293,250,300,s6-b5672-a0
2217,海妖之怒＋坚定之心＋巨龙之爪,无,293,250,300,s6-b5726-a0
2217,纳什之牙＋纳什之牙＋石像鬼石板甲,无,293,250,300,s6-b5760-a0
2217,纳什之牙＋石像鬼石板甲＋石像鬼石板甲,无,293,250,300,s6-b5963-a0
2217,最后的轻语＋适应性头盔＋正义之手,无,293,250,300,s6-b6154-a0
2217,灭世者的死亡之帽＋蓝霸符＋正义之手,无,293,250,300,s6-b6339-a0
2217,灭世者的死亡之帽＋蓝霸符＋石像鬼石板甲,单身板甲,293,250,300,s6-b6341-a4
2217,冕卫＋蓝霸符＋日炎斗篷,无,293,250,300,s6-b6703-a0
2217,离子火花＋圣盾使的誓约＋水银,无,293,250,300,s6-b6873-a0
2217,莫雷洛秘典＋石像鬼石板甲＋石像鬼石板甲,无,293,250,300,s6-b7054-a0
2217,珠光护手＋蓝霸符＋正义之手,无,293,250,300,s6-b7109-a0
2217,珠光护手＋蓝霸符＋石像鬼石板甲,单身板甲,293,250,300,s6-b7111-a4
2217,蓝霸符＋正义之手＋强袭者的链枷,无,293,250,300,s6-b7269-a0
2217,正义之手＋坚定之心＋坚定之心,无,293,250,300,s6-b7584-a0
2217,石像鬼石板甲＋日炎斗篷＋日炎斗篷,无,293,250,300,s6-b7658-a0
2254,死亡之刃＋饮血剑＋冕卫,无,292,250,300,s6-b177-a0
2254,巨人杀手＋海克斯科技枪刃＋圣盾使的誓约,无,292,250,300,s6-b684-a0
2254,巨人杀手＋饮血剑＋冕卫,无,292,250,300,s6-b772-a0
2254,巨人杀手＋冕卫＋狂徒铠甲,无,292,250,300,s6-b1070-a0
2254,巨人杀手＋石像鬼石板甲＋日炎斗篷,单身板甲,292,250,300,s6-b1190-a4
2254,海克斯科技枪刃＋海妖之怒＋圣盾使的誓约,无,292,250,300,s6-b1520-a0
2254,海克斯科技枪刃＋蓝霸符＋圣盾使的誓约,无,292,250,300,s6-b1682-a0
2254,朔极之矛＋棘刺背心＋狂徒铠甲,无,292,250,300,s6-b2276-a0
2254,夜之锋刃＋石像鬼石板甲＋坚定之心,无,292,250,300,s6-b2776-a0
2254,夜之锋刃＋日炎斗篷＋巨龙之爪,无,292,250,300,s6-b2784-a0
2254,饮血剑＋斯特拉克的挑战护手＋莫雷洛秘典,无,292,250,300,s6-b2853-a0
2254,饮血剑＋灭世者的死亡之帽＋离子火花,无,292,250,300,s6-b3068-a0
2254,饮血剑＋离子火花＋珠光护手,无,292,250,300,s6-b3124-a0
2254,斯特拉克的挑战护手＋冕卫＋冕卫,无,292,250,300,s6-b3539-a0
2254,鬼索的狂暴之刃＋纳什之牙＋振奋盔甲,无,292,250,300,s6-b4603-a0
2254,泰坦的坚决＋冕卫＋巨龙之爪,无,292,250,300,s6-b5312-a0
2254,泰坦的坚决＋振奋盔甲＋薄暮法袍,无,292,250,300,s6-b5411-a0
2254,纳什之牙＋纳什之牙＋振奋盔甲,无,292,250,300,s6-b5757-a0
2254,纳什之牙＋离子火花＋正义之手,无,292,250,300,s6-b5853-a0
2254,纳什之牙＋日炎斗篷＋狂徒铠甲,无,292,250,300,s6-b5976-a0
2254,最后的轻语＋适应性头盔＋石像鬼石板甲,无,292,250,300,s6-b6156-a0
2254,莫雷洛秘典＋振奋盔甲＋水银,无,292,250,300,s6-b7032-a0
2254,蓝霸符＋日炎斗篷＋狂徒铠甲,无,292,250,300,s6-b7292-a0
2254,棘刺背心＋石像鬼石板甲＋水银,单身板甲,292,250,300,s6-b7619-a4
2254,巨龙之爪＋薄暮法袍＋薄暮法袍,无,292,250,300,s6-b7740-a0
2279,死亡之刃＋饮血剑＋蓝霸符,无,291,250,300,s6-b181-a0
2279,巨人杀手＋适应性头盔＋石像鬼石板甲,无,291,250,300,s6-b1151-a0
2279,巨人杀手＋坚定之心＋巨龙之爪,无,291,250,300,s6-b1205-a0
2279,海克斯科技枪刃＋灭世者的死亡之帽＋石像鬼石板甲,单身板甲,291,250,300,s6-b1588-a4
2279,朔极之矛＋斯特拉克的挑战护手＋狂徒铠甲,无,291,250,300,s6-b1906-a0
2279,朔极之矛＋冕卫＋离子火花,无,291,250,300,s6-b2144-a0
2279,朔极之矛＋适应性头盔＋石像鬼石板甲,无,291,250,300,s6-b2240-a0
2279,夜之锋刃＋夜之锋刃＋石像鬼石板甲,单身板甲,291,250,300,s6-b2337-a4
2279,饮血剑＋斯特拉克的挑战护手＋灭世者的死亡之帽,无,291,250,300,s6-b2849-a0
2279,饮血剑＋斯特拉克的挑战护手＋珠光护手,无,291,250,300,s6-b2854-a0
2279,饮血剑＋灭世者的死亡之帽＋薄暮法袍,无,291,250,300,s6-b3081-a0
2279,斯特拉克的挑战护手＋水银＋狂徒铠甲,无,291,250,300,s6-b3705-a0
2279,红霸符＋圣盾使的誓约＋坚定之心,无,291,250,300,s6-b4410-a0
2279,红霸符＋适应性头盔＋石像鬼石板甲,无,291,250,300,s6-b4420-a0
2279,鬼索的狂暴之刃＋海妖之怒＋石像鬼石板甲,单身板甲,291,250,300,s6-b4584-a4
2279,鬼索的狂暴之刃＋冕卫＋日炎斗篷,无,291,250,300,s6-b4685-a0
2279,鬼索的狂暴之刃＋适应性头盔＋石像鬼石板甲,无,291,250,300,s6-b4771-a0
2279,虚空之杖＋纳什之牙＋振奋盔甲,无,291,250,300,s6-b4928-a0
2279,虚空之杖＋冕卫＋巨龙之爪,无,291,250,300,s6-b5012-a0
2279,纳什之牙＋蓝霸符＋振奋盔甲,无,291,250,300,s6-b5897-a0
2279,最后的轻语＋振奋盔甲＋薄暮法袍,无,291,250,300,s6-b6171-a0
2279,灭世者的死亡之帽＋振奋盔甲＋坚定之心,无,291,250,300,s6-b6379-a0
2279,大天使之杖＋离子火花＋振奋盔甲,无,291,250,300,s6-b6483-a0
2279,离子火花＋离子火花＋巨龙之爪,无,291,250,300,s6-b6813-a0
2279,珠光护手＋振奋盔甲＋坚定之心,无,291,250,300,s6-b7149-a0
2279,适应性头盔＋棘刺背心＋日炎斗篷,无,291,250,300,s6-b7441-a0
2279,正义之手＋石像鬼石板甲＋强袭者的链枷,无,291,250,300,s6-b7576-a0
2306,死亡之刃＋振奋盔甲＋日炎斗篷,无,290,250,300,s6-b568-a0
2306,死亡之刃＋巨龙之爪＋巨龙之爪,无,290,250,300,s6-b615-a0
2306,巨人杀手＋饮血剑＋蓝霸符,无,290,250,300,s6-b776-a0
2306,巨人杀手＋饮血剑＋棘刺背心,无,290,250,300,s6-b781-a0
2306,海克斯科技枪刃＋朔极之矛＋狂徒铠甲,无,290,250,300,s6-b1288-a0
2306,朔极之矛＋正义之手＋棘刺背心,无,290,250,300,s6-b2260-a0
2306,夜之锋刃＋夜之锋刃＋圣盾使的誓约,无,290,250,300,s6-b2332-a0
2306,夜之锋刃＋纳什之牙＋狂徒铠甲,无,290,250,300,s6-b2577-a0
2306,夜之锋刃＋离子火花＋适应性头盔,无,290,250,300,s6-b2662-a0
2306,夜之锋刃＋正义之手＋石像鬼石板甲,无,290,250,300,s6-b2757-a0
2306,夜之锋刃＋巨龙之爪＋薄暮法袍,无,290,250,300,s6-b2796-a0
2306,饮血剑＋无尽之刃＋水银,无,290,250,300,s6-b2894-a0
2306,斯特拉克的挑战护手＋红霸符＋正义之手,无,290,250,300,s6-b3349-a0
2306,斯特拉克的挑战护手＋海妖之怒＋圣盾使的誓约,无,290,250,300,s6-b3444-a0
2306,斯特拉克的挑战护手＋圣盾使的誓约＋水银,无,290,250,300,s6-b3629-a0
2306,无尽之刃＋振奋盔甲＋日炎斗篷,无,290,250,300,s6-b4054-a0
2306,无尽之刃＋巨龙之爪＋巨龙之爪,无,290,250,300,s6-b4101-a0
2306,红霸符＋离子火花＋石像鬼石板甲,单身板甲,290,250,300,s6-b4350-a4
2306,红霸符＋振奋盔甲＋薄暮法袍,无,290,250,300,s6-b4435-a0
2306,红霸符＋石像鬼石板甲＋薄暮法袍,单身板甲,290,250,300,s6-b4462-a4
2306,鬼索的狂暴之刃＋海妖之怒＋正义之手,无,290,250,300,s6-b4582-a0
2306,虚空之杖＋纳什之牙＋正义之手,无,290,250,300,s6-b4929-a0
2306,最后的轻语＋圣盾使的誓约＋坚定之心,无,290,250,300,s6-b6146-a0
2306,最后的轻语＋振奋盔甲＋日炎斗篷,无,290,250,300,s6-b6168-a0
2306,最后的轻语＋巨龙之爪＋巨龙之爪,无,290,250,300,s6-b6215-a0
2306,大天使之杖＋圣盾使的誓约＋日炎斗篷,无,290,250,300,s6-b6545-a0
2306,大天使之杖＋振奋盔甲＋薄暮法袍,无,290,250,300,s6-b6571-a0
2306,离子火花＋石像鬼石板甲＋日炎斗篷,无,290,250,300,s6-b6919-a0
2306,莫雷洛秘典＋振奋盔甲＋强袭者的链枷,无,290,250,300,s6-b7034-a0
2306,适应性头盔＋日炎斗篷＋薄暮法袍,无,290,250,300,s6-b7459-a0
2306,石像鬼石板甲＋日炎斗篷＋薄暮法袍,无,290,250,300,s6-b7661-a0
2337,死亡之刃＋饮血剑＋水银,无,289,250,300,s6-b192-a0
2337,海克斯科技枪刃＋冕卫＋坚定之心,无,289,250,300,s6-b1627-a0
2337,海克斯科技枪刃＋珠光护手＋石像鬼石板甲,单身板甲,289,250,300,s6-b1673-a4
2337,朔极之矛＋饮血剑＋最后的轻语,无,289,250,300,s6-b1858-a0
2337,朔极之矛＋饮血剑＋莫雷洛秘典,无,289,250,300,s6-b1863-a0
2337,夜之锋刃＋蓝霸符＋狂徒铠甲,无,289,250,300,s6-b2717-a0
2337,饮血剑＋无尽之刃＋离子火花,无,289,250,300,s6-b2880-a0
2337,饮血剑＋红霸符＋红霸符,无,289,250,300,s6-b2897-a0
2337,饮血剑＋虚空之杖＋冕卫,无,289,250,300,s6-b2957-a0
2337,饮血剑＋灭世者的死亡之帽＋日炎斗篷,无,289,250,300,s6-b3078-a0
2337,饮血剑＋珠光护手＋棘刺背心,无,289,250,300,s6-b3161-a0
2337,饮血剑＋珠光护手＋日炎斗篷,无,289,250,300,s6-b3163-a0
2337,斯特拉克的挑战护手＋斯特拉克的挑战护手＋冕卫,无,289,250,300,s6-b3286-a0
2337,斯特拉克的挑战护手＋圣盾使的誓约＋强袭者的链枷,无,289,250,300,s6-b3631-a0
2337,红霸符＋振奋盔甲＋日炎斗篷,无,289,250,300,s6-b4432-a0
2337,鬼索的狂暴之刃＋石像鬼石板甲＋石像鬼石板甲,无,289,250,300,s6-b4809-a0
2337,泰坦的坚决＋振奋盔甲＋棘刺背心,无,289,250,300,s6-b5406-a0
2337,海妖之怒＋冕卫＋巨龙之爪,无,289,250,300,s6-b5588-a0
2337,纳什之牙＋正义之手＋棘刺背心,无,289,250,300,s6-b5945-a0
2337,纳什之牙＋正义之手＋水银,无,289,250,300,s6-b5951-a0
2337,最后的轻语＋冕卫＋适应性头盔,无,289,250,300,s6-b6065-a0
2337,离子火花＋棘刺背心＋石像鬼石板甲,无,289,250,300,s6-b6910-a0
2337,离子火花＋坚定之心＋坚定之心,无,289,250,300,s6-b6933-a0
2337,蓝霸符＋棘刺背心＋石像鬼石板甲,无,289,250,300,s6-b7271-a0
2337,圣盾使的誓约＋棘刺背心＋水银,无,289,250,300,s6-b7367-a0
2337,石像鬼石板甲＋石像鬼石板甲＋强袭者的链枷,无,289,250,300,s6-b7657-a0
2363,死亡之刃＋正义之手＋正义之手,无,288,250,300,s6-b575-a0
2363,死亡之刃＋石像鬼石板甲＋日炎斗篷,单身板甲,288,250,300,s6-b595-a4
2363,巨人杀手＋纳什之牙＋振奋盔甲,无,288,250,300,s6-b983-a0
2363,海克斯科技枪刃＋朔极之矛＋圣盾使的誓约,无,288,250,300,s6-b1277-a0
2363,海克斯科技枪刃＋夜之锋刃＋适应性头盔,无,288,250,300,s6-b1309-a0
2363,海克斯科技枪刃＋红霸符＋正义之手,无,288,250,300,s6-b1425-a0
2363,海克斯科技枪刃＋纳什之牙＋坚定之心,无,288,250,300,s6-b1549-a0
2363,朔极之矛＋虚空之杖＋石像鬼石板甲,单身板甲,288,250,300,s6-b2006-a4
2363,朔极之矛＋大天使之杖＋石像鬼石板甲,单身板甲,288,250,300,s6-b2135-a4
2363,夜之锋刃＋海妖之怒＋振奋盔甲,无,288,250,300,s6-b2546-a0
2363,饮血剑＋海妖之怒＋薄暮法袍,无,288,250,300,s6-b3018-a0
2363,饮血剑＋最后的轻语＋蓝霸符,无,288,250,300,s6-b3051-a0
2363,饮血剑＋蓝霸符＋蓝霸符,无,288,250,300,s6-b3170-a0
2363,饮血剑＋强袭者的链枷＋强袭者的链枷,无,288,250,300,s6-b3274-a0
2363,斯特拉克的挑战护手＋鬼索的狂暴之刃＋圣盾使的誓约,无,288,250,300,s6-b3372-a0
2363,斯特拉克的挑战护手＋泰坦的坚决＋巨龙之爪,无,288,250,300,s6-b3429-a0
2363,斯特拉克的挑战护手＋大天使之杖＋狂徒铠甲,无,288,250,300,s6-b3537-a0
2363,无尽之刃＋石像鬼石板甲＋日炎斗篷,单身板甲,288,250,300,s6-b4081-a4
2363,红霸符＋鬼索的狂暴之刃＋石像鬼石板甲,单身板甲,288,250,300,s6-b4161-a4
2363,鬼索的狂暴之刃＋冕卫＋离子火花,无,288,250,300,s6-b4675-a0
2363,鬼索的狂暴之刃＋棘刺背心＋狂徒铠甲,无,288,250,300,s6-b4807-a0
2363,海妖之怒＋纳什之牙＋振奋盔甲,无,288,250,300,s6-b5504-a0
2363,灭世者的死亡之帽＋石像鬼石板甲＋日炎斗篷,单身板甲,288,250,300,s6-b6405-a4
2363,大天使之杖＋石像鬼石板甲＋日炎斗篷,单身板甲,288,250,300,s6-b6595-a4
2363,冕卫＋石像鬼石板甲＋水银,无,288,250,300,s6-b6770-a0
2363,离子火花＋日炎斗篷＋狂徒铠甲,无,288,250,300,s6-b6931-a0
2363,珠光护手＋石像鬼石板甲＋日炎斗篷,单身板甲,288,250,300,s6-b7175-a4
2363,圣盾使的誓约＋棘刺背心＋强袭者的链枷,无,288,250,300,s6-b7369-a0
2363,适应性头盔＋日炎斗篷＋日炎斗篷,无,288,250,300,s6-b7456-a0
2363,棘刺背心＋石像鬼石板甲＋日炎斗篷,无,288,250,300,s6-b7615-a0
2363,棘刺背心＋石像鬼石板甲＋薄暮法袍,无,288,250,300,s6-b7618-a0
2363,棘刺背心＋薄暮法袍＋狂徒铠甲,无,288,250,300,s6-b7642-a0
2395,死亡之刃＋饮血剑＋离子火花,无,287,250,300,s6-b178-a0
2395,死亡之刃＋离子火花＋石像鬼石板甲,单身板甲,287,250,300,s6-b486-a4
2395,死亡之刃＋石像鬼石板甲＋薄暮法袍,单身板甲,287,250,300,s6-b598-a4
2395,海克斯科技枪刃＋无尽之刃＋圣盾使的誓约,无,287,250,300,s6-b1395-a0
2395,朔极之矛＋饮血剑＋水银,无,287,250,300,s6-b1876-a0
2395,朔极之矛＋斯特拉克的挑战护手＋冕卫,无,287,250,300,s6-b1890-a0
2395,朔极之矛＋离子火花＋圣盾使的誓约,无,287,250,300,s6-b2165-a0
2395,朔极之矛＋圣盾使的誓约＋棘刺背心,无,287,250,300,s6-b2227-a0
2395,朔极之矛＋正义之手＋薄暮法袍,无,287,250,300,s6-b2265-a0
2395,夜之锋刃＋冕卫＋坚定之心,无,287,250,300,s6-b2651-a0
2395,夜之锋刃＋蓝霸符＋巨龙之爪,无,287,250,300,s6-b2714-a0
2395,饮血剑＋虚空之杖＋蓝霸符,无,287,250,300,s6-b2961-a0
2395,斯特拉克的挑战护手＋鬼索的狂暴之刃＋狂徒铠甲,无,287,250,300,s6-b3383-a0
2395,斯特拉克的挑战护手＋莫雷洛秘典＋适应性头盔,无,287,250,300,s6-b3578-a0
2395,无尽之刃＋离子火花＋石像鬼石板甲,单身板甲,287,250,300,s6-b3972-a4
2395,无尽之刃＋石像鬼石板甲＋薄暮法袍,单身板甲,287,250,300,s6-b4084-a4
2395,红霸符＋石像鬼石板甲＋日炎斗篷,单身板甲,287,250,300,s6-b4459-a4
2395,鬼索的狂暴之刃＋虚空之杖＋正义之手,无,287,250,300,s6-b4535-a0
2395,虚空之杖＋石像鬼石板甲＋薄暮法袍,单身板甲,287,250,300,s6-b5138-a4
2395,纳什之牙＋正义之手＋薄暮法袍,无,287,250,300,s6-b5950-a0
2395,灭世者的死亡之帽＋离子火花＋石像鬼石板甲,单身板甲,287,250,300,s6-b6296-a4
2395,灭世者的死亡之帽＋石像鬼石板甲＋薄暮法袍,单身板甲,287,250,300,s6-b6408-a4
2395,灭世者的死亡之帽＋坚定之心＋巨龙之爪,无,287,250,300,s6-b6420-a0
2395,大天使之杖＋离子火花＋石像鬼石板甲,单身板甲,287,250,300,s6-b6486-a4
2395,大天使之杖＋振奋盔甲＋水银,无,287,250,300,s6-b6572-a0
2395,大天使之杖＋正义之手＋石像鬼石板甲,无,287,250,300,s6-b6577-a0
2395,大天使之杖＋坚定之心＋巨龙之爪,无,287,250,300,s6-b6610-a0
2395,离子火花＋离子火花＋狂徒铠甲,无,287,250,300,s6-b6816-a0
2395,离子火花＋珠光护手＋石像鬼石板甲,单身板甲,287,250,300,s6-b6841-a4
2395,离子火花＋适应性头盔＋薄暮法袍,无,287,250,300,s6-b6884-a0
2395,莫雷洛秘典＋适应性头盔＋坚定之心,无,287,250,300,s6-b7018-a0
2395,珠光护手＋石像鬼石板甲＋薄暮法袍,单身板甲,287,250,300,s6-b7178-a4
2395,珠光护手＋坚定之心＋巨龙之爪,无,287,250,300,s6-b7190-a0
2395,棘刺背心＋坚定之心＋坚定之心,无,287,250,300,s6-b7629-a0
2429,死亡之刃＋海克斯科技枪刃＋石像鬼石板甲,单身板甲,286,250,300,s6-b94-a4
2429,死亡之刃＋冕卫＋适应性头盔,无,286,250,300,s6-b465-a0
2429,巨人杀手＋饮血剑＋离子火花,无,286,250,300,s6-b773-a0
2429,巨人杀手＋冕卫＋适应性头盔,无,286,250,300,s6-b1060-a0
2429,海克斯科技枪刃＋海克斯科技枪刃＋海克斯科技枪刃,无,286,250,300,s6-b1225-a0
2429,海克斯科技枪刃＋斯特拉克的挑战护手＋鬼索的狂暴之刃,无,286,250,300,s6-b1354-a0
2429,海克斯科技枪刃＋无尽之刃＋石像鬼石板甲,单身板甲,286,250,300,s6-b1400-a4
2429,海克斯科技枪刃＋泰坦的坚决＋适应性头盔,无,286,250,300,s6-b1498-a0
2429,海克斯科技枪刃＋薄暮法袍＋狂徒铠甲,无,286,250,300,s6-b1778-a0
2429,朔极之矛＋莫雷洛秘典＋巨龙之爪,无,286,250,300,s6-b2189-a0
2429,朔极之矛＋蓝霸符＋振奋盔甲,无,286,250,300,s6-b2212-a0
2429,夜之锋刃＋莫雷洛秘典＋圣盾使的誓约,无,286,250,300,s6-b2677-a0
2429,夜之锋刃＋莫雷洛秘典＋石像鬼石板甲,单身板甲,286,250,300,s6-b2682-a4
2429,夜之锋刃＋石像鬼石板甲＋强袭者的链枷,单身板甲,286,250,300,s6-b2781-a4
2429,饮血剑＋最后的轻语＋棘刺背心,无,286,250,300,s6-b3056-a0
2429,饮血剑＋大天使之杖＋强袭者的链枷,无,286,250,300,s6-b3103-a0
2429,斯特拉克的挑战护手＋泰坦的坚决＋适应性头盔,无,286,250,300,s6-b3422-a0
2429,斯特拉克的挑战护手＋离子火花＋正义之手,无,286,250,300,s6-b3564-a0
2429,无尽之刃＋冕卫＋适应性头盔,无,286,250,300,s6-b3951-a0
2429,红霸符＋冕卫＋石像鬼石板甲,无,286,250,300,s6-b4333-a0
2429,鬼索的狂暴之刃＋正义之手＋日炎斗篷,无,286,250,300,s6-b4793-a0
2429,虚空之杖＋圣盾使的誓约＋适应性头盔,无,286,250,300,s6-b5080-a0
2429,虚空之杖＋圣盾使的誓约＋棘刺背心,无,286,250,300,s6-b5083-a0
2429,虚空之杖＋适应性头盔＋石像鬼石板甲,无,286,250,300,s6-b5096-a0
2429,虚空之杖＋棘刺背心＋石像鬼石板甲,单身板甲,286,250,300,s6-b5126-a4
2429,泰坦的坚决＋冕卫＋正义之手,无,286,250,300,s6-b5307-a0
2429,海妖之怒＋莫雷洛秘典＋振奋盔甲,无,286,250,300,s6-b5615-a0
2429,纳什之牙＋蓝霸符＋巨龙之爪,无,286,250,300,s6-b5903-a0
2429,纳什之牙＋振奋盔甲＋水银,无,286,250,300,s6-b5941-a0
2429,纳什之牙＋巨龙之爪＋水银,无,286,250,300,s6-b5986-a0
2429,最后的轻语＋正义之手＋巨龙之爪,无,286,250,300,s6-b6180-a0
2429,灭世者的死亡之帽＋冕卫＋适应性头盔,无,286,250,300,s6-b6275-a0
2429,灭世者的死亡之帽＋正义之手＋狂徒铠甲,无,286,250,300,s6-b6393-a0
2429,大天使之杖＋冕卫＋适应性头盔,无,286,250,300,s6-b6465-a0
2429,大天使之杖＋适应性头盔＋石像鬼石板甲,无,286,250,300,s6-b6556-a0
2429,冕卫＋离子火花＋棘刺背心,无,286,250,300,s6-b6656-a0
2429,冕卫＋珠光护手＋适应性头盔,无,286,250,300,s6-b6684-a0
2429,莫雷洛秘典＋正义之手＋石像鬼石板甲,无,286,250,300,s6-b7037-a0
2429,莫雷洛秘典＋棘刺背心＋巨龙之爪,无,286,250,300,s6-b7049-a0
2429,珠光护手＋正义之手＋狂徒铠甲,无,286,250,300,s6-b7163-a0
2429,蓝霸符＋圣盾使的誓约＋薄暮法袍,无,286,250,300,s6-b7233-a0
2429,正义之手＋坚定之心＋水银,无,286,250,300,s6-b7587-a0
2429,日炎斗篷＋坚定之心＋坚定之心,无,286,250,300,s6-b7693-a0
2429,日炎斗篷＋巨龙之爪＋水银,无,286,250,300,s6-b7701-a0
2429,坚定之心＋坚定之心＋薄暮法袍,无,286,250,300,s6-b7716-a0
2474,死亡之刃＋海克斯科技枪刃＋圣盾使的誓约,无,285,250,300,s6-b89-a0
2474,死亡之刃＋棘刺背心＋石像鬼石板甲,单身板甲,285,250,300,s6-b586-a4
2474,巨人杀手＋饮血剑＋薄暮法袍,无,285,250,300,s6-b786-a0
2474,巨人杀手＋鬼索的狂暴之刃＋正义之手,无,285,250,300,s6-b890-a0
2474,海克斯科技枪刃＋灭世者的死亡之帽＋振奋盔甲,无,285,250,300,s6-b1585-a0
2474,海克斯科技枪刃＋离子火花＋巨龙之爪,无,285,250,300,s6-b1645-a0
2474,朔极之矛＋朔极之矛＋振奋盔甲,无,285,250,300,s6-b1807-a0
2474,朔极之矛＋夜之锋刃＋石像鬼石板甲,无,285,250,300,s6-b1841-a0
2474,朔极之矛＋圣盾使的誓约＋薄暮法袍,无,285,250,300,s6-b2232-a0
2474,朔极之矛＋振奋盔甲＋水银,无,285,250,300,s6-b2256-a0
2474,朔极之矛＋薄暮法袍＋狂徒铠甲,无,285,250,300,s6-b2306-a0
2474,夜之锋刃＋红霸符＋振奋盔甲,无,285,250,300,s6-b2448-a0
2474,夜之锋刃＋蓝霸符＋石像鬼石板甲,无,285,250,300,s6-b2711-a0
2474,夜之锋刃＋振奋盔甲＋强袭者的链枷,无,285,250,300,s6-b2754-a0
2474,饮血剑＋无尽之刃＋棘刺背心,无,285,250,300,s6-b2888-a0
2474,饮血剑＋泰坦的坚决＋海妖之怒,无,285,250,300,s6-b2976-a0
2474,饮血剑＋泰坦的坚决＋大天使之杖,无,285,250,300,s6-b2980-a0
2474,饮血剑＋海妖之怒＋莫雷洛秘典,无,285,250,300,s6-b3006-a0
2474,饮血剑＋最后的轻语＋离子火花,无,285,250,300,s6-b3048-a0
2474,斯特拉克的挑战护手＋红霸符＋巨龙之爪,无,285,250,300,s6-b3354-a0
2474,无尽之刃＋棘刺背心＋石像鬼石板甲,单身板甲,285,250,300,s6-b4072-a4
2474,红霸符＋冕卫＋巨龙之爪,无,285,250,300,s6-b4336-a0
2474,红霸符＋棘刺背心＋石像鬼石板甲,单身板甲,285,250,300,s6-b4450-a4
2474,鬼索的狂暴之刃＋纳什之牙＋巨龙之爪,无,285,250,300,s6-b4609-a0
2474,鬼索的狂暴之刃＋冕卫＋冕卫,无,285,250,300,s6-b4674-a0
2474,虚空之杖＋离子火花＋石像鬼石板甲,单身板甲,285,250,300,s6-b5026-a4
2474,虚空之杖＋振奋盔甲＋水银,无,285,250,300,s6-b5112-a0
2474,海妖之怒＋圣盾使的誓约＋适应性头盔,无,285,250,300,s6-b5656-a0
2474,纳什之牙＋圣盾使的誓约＋圣盾使的誓约,无,285,250,300,s6-b5908-a0
2474,纳什之牙＋振奋盔甲＋强袭者的链枷,无,285,250,300,s6-b5943-a0
2474,灭世者的死亡之帽＋棘刺背心＋石像鬼石板甲,单身板甲,285,250,300,s6-b6396-a4
2474,灭世者的死亡之帽＋狂徒铠甲＋狂徒铠甲,无,285,250,300,s6-b6437-a0
2474,冕卫＋棘刺背心＋薄暮法袍,无,285,250,300,s6-b6761-a0
2474,珠光护手＋棘刺背心＋石像鬼石板甲,单身板甲,285,250,300,s6-b7166-a4
2474,适应性头盔＋棘刺背心＋棘刺背心,无,285,250,300,s6-b7439-a0
2509,死亡之刃＋饮血剑＋棘刺背心,无,284,250,300,s6-b186-a0
2509,死亡之刃＋坚定之心＋巨龙之爪,无,284,250,300,s6-b610-a0
2509,巨人杀手＋海克斯科技枪刃＋石像鬼石板甲,单身板甲,284,250,300,s6-b689-a4
2509,巨人杀手＋饮血剑＋泰坦的坚决,无,284,250,300,s6-b766-a0
2509,巨人杀手＋冕卫＋巨龙之爪,无,284,250,300,s6-b1067-a0
2509,海克斯科技枪刃＋最后的轻语＋石像鬼石板甲,单身板甲,284,250,300,s6-b1568-a4
2509,海克斯科技枪刃＋冕卫＋蓝霸符,无,284,250,300,s6-b1619-a0
2509,海克斯科技枪刃＋珠光护手＋振奋盔甲,无,284,250,300,s6-b1670-a0
2509,海克斯科技枪刃＋巨龙之爪＋薄暮法袍,无,284,250,300,s6-b1772-a0
2509,海克斯科技枪刃＋巨龙之爪＋水银,无,284,250,300,s6-b1773-a0
2509,朔极之矛＋饮血剑＋虚空之杖,无,284,250,300,s6-b1854-a0
2509,朔极之矛＋斯特拉克的挑战护手＋坚定之心,无,284,250,300,s6-b1902-a0
2509,朔极之矛＋冕卫＋日炎斗篷,无,284,250,300,s6-b2154-a0
2509,朔极之矛＋冕卫＋薄暮法袍,无,284,250,300,s6-b2157-a0
2509,夜之锋刃＋适应性头盔＋棘刺背心,无,284,250,300,s6-b2735-a0
2509,饮血剑＋莫雷洛秘典＋蓝霸符,无,284,250,300,s6-b3141-a0
2509,饮血剑＋珠光护手＋薄暮法袍,无,284,250,300,s6-b3166-a0
2509,斯特拉克的挑战护手＋离子火花＋坚定之心,无,284,250,300,s6-b3568-a0
2509,斯特拉克的挑战护手＋狂徒铠甲＋强袭者的链枷,无,284,250,300,s6-b3708-a0
2509,无尽之刃＋坚定之心＋巨龙之爪,无,284,250,300,s6-b4096-a0
2509,红霸符＋坚定之心＋巨龙之爪,无,284,250,300,s6-b4474-a0
2509,鬼索的狂暴之刃＋冕卫＋适应性头盔,无,284,250,300,s6-b4680-a0
2509,鬼索的狂暴之刃＋冕卫＋薄暮法袍,无,284,250,300,s6-b4688-a0
2509,虚空之杖＋石像鬼石板甲＋日炎斗篷,单身板甲,284,250,300,s6-b5135-a4
2509,泰坦的坚决＋蓝霸符＋振奋盔甲,无,284,250,300,s6-b5368-a0
2509,泰坦的坚决＋适应性头盔＋坚定之心,无,284,250,300,s6-b5398-a0
2509,海妖之怒＋蓝霸符＋振奋盔甲,无,284,250,300,s6-b5644-a0
2509,海妖之怒＋适应性头盔＋坚定之心,无,284,250,300,s6-b5674-a0
2509,纳什之牙＋珠光护手＋振奋盔甲,无,284,250,300,s6-b5883-a0
2509,纳什之牙＋正义之手＋日炎斗篷,无,284,250,300,s6-b5947-a0
2509,最后的轻语＋冕卫＋巨龙之爪,无,284,250,300,s6-b6072-a0
2509,最后的轻语＋石像鬼石板甲＋日炎斗篷,单身板甲,284,250,300,s6-b6195-a4
2509,灭世者的死亡之帽＋冕卫＋狂徒铠甲,无,284,250,300,s6-b6285-a0
2509,冕卫＋珠光护手＋狂徒铠甲,无,284,250,300,s6-b6694-a0
2509,冕卫＋蓝霸符＋棘刺背心,无,284,250,300,s6-b6701-a0
2509,冕卫＋蓝霸符＋薄暮法袍,无,284,250,300,s6-b6706-a0
2509,离子火花＋薄暮法袍＋狂徒铠甲,无,284,250,300,s6-b6946-a0
2509,蓝霸符＋适应性头盔＋坚定之心,无,284,250,300,s6-b7243-a0
2509,蓝霸符＋振奋盔甲＋水银,无,284,250,300,s6-b7257-a0
2509,适应性头盔＋坚定之心＋水银,无,284,250,300,s6-b7466-a0
2509,适应性头盔＋薄暮法袍＋薄暮法袍,无,284,250,300,s6-b7474-a0
2509,石像鬼石板甲＋石像鬼石板甲＋水银,无,284,250,300,s6-b7655-a0
2551,死亡之刃＋饮血剑＋斯特拉克的挑战护手,无,283,250,300,s6-b166-a0
2551,死亡之刃＋适应性头盔＋狂徒铠甲,无,283,250,300,s6-b562-a0
2551,巨人杀手＋饮血剑＋日炎斗篷,无,283,250,300,s6-b783-a0
2551,巨人杀手＋鬼索的狂暴之刃＋石像鬼石板甲,单身板甲,283,250,300,s6-b892-a4
2551,巨人杀手＋离子火花＋振奋盔甲,无,283,250,300,s6-b1078-a0
2551,巨人杀手＋离子火花＋石像鬼石板甲,单身板甲,283,250,300,s6-b1081-a4
2551,巨人杀手＋石像鬼石板甲＋薄暮法袍,单身板甲,283,250,300,s6-b1193-a4
2551,海克斯科技枪刃＋朔极之矛＋适应性头盔,无,283,250,300,s6-b1278-a0
2551,海克斯科技枪刃＋斯特拉克的挑战护手＋纳什之牙,无,283,250,300,s6-b1358-a0
2551,海克斯科技枪刃＋红霸符＋圣盾使的誓约,无,283,250,300,s6-b1422-a0
2551,朔极之矛＋夜之锋刃＋正义之手,无,283,250,300,s6-b1839-a0
2551,朔极之矛＋蓝霸符＋圣盾使的誓约,无,283,250,300,s6-b2210-a0
2551,朔极之矛＋蓝霸符＋正义之手,无,283,250,300,s6-b2213-a0
2551,朔极之矛＋圣盾使的誓约＋日炎斗篷,无,283,250,300,s6-b2229-a0
2551,朔极之矛＋正义之手＋日炎斗篷,无,283,250,300,s6-b2262-a0
2551,夜之锋刃＋适应性头盔＋薄暮法袍,无,283,250,300,s6-b2740-a0
2551,夜之锋刃＋石像鬼石板甲＋水银,单身板甲,283,250,300,s6-b2779-a4
2551,饮血剑＋斯特拉克的挑战护手＋无尽之刃,无,283,250,300,s6-b2841-a0
2551,斯特拉克的挑战护手＋纳什之牙＋适应性头盔,无,283,250,300,s6-b3467-a0
2551,斯特拉克的挑战护手＋莫雷洛秘典＋石像鬼石板甲,无,283,250,300,s6-b3582-a0
2551,斯特拉克的挑战护手＋棘刺背心＋坚定之心,无,283,250,300,s6-b3668-a0
2551,无尽之刃＋适应性头盔＋狂徒铠甲,无,283,250,300,s6-b4048-a0
2551,红霸符＋离子火花＋圣盾使的誓约,无,283,250,300,s6-b4345-a0
2551,红霸符＋适应性头盔＋狂徒铠甲,无,283,250,300,s6-b4426-a0
2551,鬼索的狂暴之刃＋泰坦的坚决＋石像鬼石板甲,单身板甲,283,250,300,s6-b4561-a4
2551,鬼索的狂暴之刃＋莫雷洛秘典＋振奋盔甲,无,283,250,300,s6-b4714-a0
2551,鬼索的狂暴之刃＋莫雷洛秘典＋正义之手,无,283,250,300,s6-b4715-a0
2551,鬼索的狂暴之刃＋蓝霸符＋振奋盔甲,无,283,250,300,s6-b4743-a0
2551,虚空之杖＋莫雷洛秘典＋振奋盔甲,无,283,250,300,s6-b5039-a0
2551,虚空之杖＋圣盾使的誓约＋薄暮法袍,无,283,250,300,s6-b5088-a0
2551,虚空之杖＋坚定之心＋巨龙之爪,无,283,250,300,s6-b5150-a0
2551,纳什之牙＋适应性头盔＋坚定之心,无,283,250,300,s6-b5927-a0
2551,纳什之牙＋石像鬼石板甲＋坚定之心,无,283,250,300,s6-b5965-a0
2551,纳什之牙＋石像鬼石板甲＋水银,无,283,250,300,s6-b5968-a0
2551,最后的轻语＋离子火花＋石像鬼石板甲,单身板甲,283,250,300,s6-b6086-a4
2551,最后的轻语＋适应性头盔＋狂徒铠甲,无,283,250,300,s6-b6162-a0
2551,最后的轻语＋石像鬼石板甲＋薄暮法袍,单身板甲,283,250,300,s6-b6198-a4
2551,大天使之杖＋圣盾使的誓约＋适应性头盔,无,283,250,300,s6-b6540-a0
2551,大天使之杖＋石像鬼石板甲＋薄暮法袍,单身板甲,283,250,300,s6-b6598-a4
2551,冕卫＋离子火花＋蓝霸符,无,283,250,300,s6-b6651-a0
2551,冕卫＋离子火花＋日炎斗篷,无,283,250,300,s6-b6658-a0
2551,离子火花＋石像鬼石板甲＋薄暮法袍,无,283,250,300,s6-b6922-a0
2551,莫雷洛秘典＋蓝霸符＋振奋盔甲,无,283,250,300,s6-b6988-a0
2551,珠光护手＋正义之手＋石像鬼石板甲,无,283,250,300,s6-b7157-a0
2551,圣盾使的誓约＋圣盾使的誓约＋圣盾使的誓约,无,283,250,300,s6-b7315-a0
2551,适应性头盔＋坚定之心＋强袭者的链枷,无,283,250,300,s6-b7468-a0
2551,棘刺背心＋棘刺背心＋狂徒铠甲,无,283,250,300,s6-b7612-a0
2551,石像鬼石板甲＋薄暮法袍＋薄暮法袍,无,283,250,300,s6-b7676-a0
2599,死亡之刃＋冕卫＋石像鬼石板甲,无,282,250,300,s6-b469-a0
2599,死亡之刃＋冕卫＋狂徒铠甲,无,282,250,300,s6-b475-a0
2599,巨人杀手＋蓝霸符＋正义之手,无,282,250,300,s6-b1124-a0
2599,巨人杀手＋正义之手＋巨龙之爪,无,282,250,300,s6-b1175-a0
2599,海克斯科技枪刃＋斯特拉克的挑战护手＋蓝霸符,无,282,250,300,s6-b1366-a0
2599,海克斯科技枪刃＋最后的轻语＋圣盾使的誓约,无,282,250,300,s6-b1563-a0
2599,海克斯科技枪刃＋离子火花＋正义之手,无,282,250,300,s6-b1640-a0
2599,海克斯科技枪刃＋蓝霸符＋坚定之心,无,282,250,300,s6-b1689-a0
2599,朔极之矛＋纳什之牙＋振奋盔甲,无,282,250,300,s6-b2072-a0
2599,朔极之矛＋日炎斗篷＋狂徒铠甲,无,282,250,300,s6-b2291-a0
2599,夜之锋刃＋圣盾使的誓约＋圣盾使的誓约,无,282,250,300,s6-b2719-a0
2599,饮血剑＋无尽之刃＋日炎斗篷,无,282,250,300,s6-b2890-a0
2599,斯特拉克的挑战护手＋正义之手＋强袭者的链枷,无,282,250,300,s6-b3664-a0
2599,无尽之刃＋冕卫＋石像鬼石板甲,无,282,250,300,s6-b3955-a0
2599,无尽之刃＋冕卫＋狂徒铠甲,无,282,250,300,s6-b3961-a0
2599,鬼索的狂暴之刃＋离子火花＋圣盾使的誓约,无,282,250,300,s6-b4696-a0
2599,泰坦的坚决＋棘刺背心＋巨龙之爪,无,282,250,300,s6-b5429-a0
2599,海妖之怒＋圣盾使的誓约＋日炎斗篷,无,282,250,300,s6-b5661-a0
2599,纳什之牙＋莫雷洛秘典＋狂徒铠甲,无,282,250,300,s6-b5877-a0
2599,灭世者的死亡之帽＋冕卫＋石像鬼石板甲,无,282,250,300,s6-b6279-a0
2599,灭世者的死亡之帽＋正义之手＋石像鬼石板甲,无,282,250,300,s6-b6387-a0
2599,大天使之杖＋圣盾使的誓约＋棘刺背心,无,282,250,300,s6-b6543-a0
2599,冕卫＋珠光护手＋石像鬼石板甲,无,282,250,300,s6-b6688-a0
2599,冕卫＋正义之手＋棘刺背心,无,282,250,300,s6-b6747-a0
2599,冕卫＋日炎斗篷＋薄暮法袍,无,282,250,300,s6-b6776-a0
2599,离子火花＋离子火花＋石像鬼石板甲,无,282,250,300,s6-b6810-a0
2599,莫雷洛秘典＋石像鬼石板甲＋坚定之心,无,282,250,300,s6-b7056-a0
2599,莫雷洛秘典＋石像鬼石板甲＋水银,单身板甲,282,250,300,s6-b7059-a4
2599,蓝霸符＋圣盾使的誓约＋棘刺背心,无,282,250,300,s6-b7228-a0
2599,圣盾使的誓约＋日炎斗篷＋水银,无,282,250,300,s6-b7382-a0
2599,圣盾使的誓约＋薄暮法袍＋强袭者的链枷,无,282,250,300,s6-b7399-a0
2599,棘刺背心＋巨龙之爪＋强袭者的链枷,无,282,250,300,s6-b7639-a0
2631,死亡之刃＋饮血剑＋日炎斗篷,无,281,250,300,s6-b188-a0
2631,死亡之刃＋饮血剑＋薄暮法袍,无,281,250,300,s6-b191-a0
2631,巨人杀手＋棘刺背心＋石像鬼石板甲,单身板甲,281,250,300,s6-b1181-a4
2631,海克斯科技枪刃＋莫雷洛秘典＋巨龙之爪,无,281,250,300,s6-b1661-a0
2631,朔极之矛＋泰坦的坚决＋振奋盔甲,无,281,250,300,s6-b2027-a0
2631,朔极之矛＋纳什之牙＋巨龙之爪,无,281,250,300,s6-b2078-a0
2631,夜之锋刃＋离子火花＋狂徒铠甲,无,281,250,300,s6-b2672-a0
2631,饮血剑＋无尽之刃＋薄暮法袍,无,281,250,300,s6-b2893-a0
2631,饮血剑＋纳什之牙＋蓝霸符,无,281,250,300,s6-b3030-a0
2631,饮血剑＋最后的轻语＋冕卫,无,281,250,300,s6-b3047-a0
2631,斯特拉克的挑战护手＋泰坦的坚决＋石像鬼石板甲,无,281,250,300,s6-b3426-a0
2631,斯特拉克的挑战护手＋海妖之怒＋石像鬼石板甲,无,281,250,300,s6-b3449-a0
2631,斯特拉克的挑战护手＋石像鬼石板甲＋强袭者的链枷,无,281,250,300,s6-b3681-a0
2631,红霸符＋冕卫＋适应性头盔,无,281,250,300,s6-b4329-a0
2631,鬼索的狂暴之刃＋泰坦的坚决＋振奋盔甲,无,281,250,300,s6-b4558-a0
2631,鬼索的狂暴之刃＋圣盾使的誓约＋棘刺背心,无,281,250,300,s6-b4758-a0
2631,鬼索的狂暴之刃＋薄暮法袍＋狂徒铠甲,无,281,250,300,s6-b4837-a0
2631,虚空之杖＋冕卫＋适应性头盔,无,281,250,300,s6-b5005-a0
2631,虚空之杖＋冕卫＋石像鬼石板甲,无,281,250,300,s6-b5009-a0
2631,虚空之杖＋石像鬼石板甲＋石像鬼石板甲,无,281,250,300,s6-b5134-a0
2631,泰坦的坚决＋坚定之心＋狂徒铠甲,无,281,250,300,s6-b5453-a0
2631,海妖之怒＋圣盾使的誓约＋薄暮法袍,无,281,250,300,s6-b5664-a0
2631,纳什之牙＋纳什之牙＋冕卫,无,281,250,300,s6-b5750-a0
2631,纳什之牙＋冕卫＋莫雷洛秘典,无,281,250,300,s6-b5830-a0
2631,最后的轻语＋棘刺背心＋石像鬼石板甲,单身板甲,281,250,300,s6-b6186-a4
2631,最后的轻语＋坚定之心＋巨龙之爪,无,281,250,300,s6-b6210-a0
2631,大天使之杖＋棘刺背心＋石像鬼石板甲,单身板甲,281,250,300,s6-b6586-a4
2631,离子火花＋离子火花＋适应性头盔,无,281,250,300,s6-b6806-a0
2631,离子火花＋正义之手＋坚定之心,无,281,250,300,s6-b6903-a0
2631,莫雷洛秘典＋蓝霸符＋巨龙之爪,无,281,250,300,s6-b6994-a0
2631,蓝霸符＋振奋盔甲＋强袭者的链枷,无,281,250,300,s6-b7259-a0
2631,圣盾使的誓约＋日炎斗篷＋强袭者的链枷,无,281,250,300,s6-b7384-a0
2631,圣盾使的誓约＋薄暮法袍＋水银,无,281,250,300,s6-b7397-a0
2664,死亡之刃＋海克斯科技枪刃＋振奋盔甲,无,280,250,300,s6-b91-a0
2664,死亡之刃＋冕卫＋巨龙之爪,无,280,250,300,s6-b472-a0
2664,海克斯科技枪刃＋离子火花＋石像鬼石板甲,无,280,250,300,s6-b1642-a0
2664,海克斯科技枪刃＋适应性头盔＋强袭者的链枷,无,280,250,300,s6-b1719-a0
2664,朔极之矛＋鬼索的狂暴之刃＋巨龙之爪,无,280,250,300,s6-b1984-a0
2664,朔极之矛＋冕卫＋棘刺背心,无,280,250,300,s6-b2152-a0
2664,朔极之矛＋莫雷洛秘典＋振奋盔甲,无,280,250,300,s6-b2183-a0
2664,夜之锋刃＋适应性头盔＋日炎斗篷,无,280,250,300,s6-b2737-a0
2664,饮血剑＋最后的轻语＋日炎斗篷,无,280,250,300,s6-b3058-a0
2664,饮血剑＋最后的轻语＋薄暮法袍,无,280,250,300,s6-b3061-a0
2664,饮血剑＋大天使之杖＋莫雷洛秘典,无,280,250,300,s6-b3088-a0
2664,斯特拉克的挑战护手＋鬼索的狂暴之刃＋坚定之心,无,280,250,300,s6-b3379-a0
2664,无尽之刃＋冕卫＋巨龙之爪,无,280,250,300,s6-b3958-a0
2664,鬼索的狂暴之刃＋最后的轻语＋石像鬼石板甲,单身板甲,280,250,300,s6-b4627-a4
2664,鬼索的狂暴之刃＋莫雷洛秘典＋巨龙之爪,无,280,250,300,s6-b4720-a0
2664,鬼索的狂暴之刃＋石像鬼石板甲＋坚定之心,无,280,250,300,s6-b4811-a0
2664,泰坦的坚决＋石像鬼石板甲＋石像鬼石板甲,无,280,250,300,s6-b5434-a0
2664,海妖之怒＋石像鬼石板甲＋石像鬼石板甲,无,280,250,300,s6-b5710-a0
2664,灭世者的死亡之帽＋冕卫＋巨龙之爪,无,280,250,300,s6-b6282-a0
2664,大天使之杖＋冕卫＋巨龙之爪,无,280,250,300,s6-b6472-a0
2664,冕卫＋冕卫＋离子火花,无,280,250,300,s6-b6631-a0
2664,冕卫＋珠光护手＋巨龙之爪,无,280,250,300,s6-b6691-a0
2664,离子火花＋蓝霸符＋圣盾使的誓约,无,280,250,300,s6-b6850-a0
2664,离子火花＋水银＋狂徒铠甲,无,280,250,300,s6-b6949-a0
2664,正义之手＋水银＋水银,无,280,250,300,s6-b7599-a0
2664,棘刺背心＋日炎斗篷＋狂徒铠甲,无,280,250,300,s6-b7627-a0
2664,棘刺背心＋水银＋狂徒铠甲,无,280,250,300,s6-b7645-a0
2691,巨人杀手＋适应性头盔＋坚定之心,无,279,250,300,s6-b1153-a0
2691,海克斯科技枪刃＋鬼索的狂暴之刃＋适应性头盔,无,279,250,300,s6-b1449-a0
2691,夜之锋刃＋鬼索的狂暴之刃＋狂徒铠甲,无,279,250,300,s6-b2483-a0
2691,夜之锋刃＋最后的轻语＋振奋盔甲,无,279,250,300,s6-b2589-a0
2691,饮血剑＋泰坦的坚决＋灭世者的死亡之帽,无,279,250,300,s6-b2979-a0
2691,饮血剑＋灭世者的死亡之帽＋水银,无,279,250,300,s6-b3082-a0
2691,饮血剑＋珠光护手＋水银,无,279,250,300,s6-b3167-a0
2691,斯特拉克的挑战护手＋红霸符＋狂徒铠甲,无,279,250,300,s6-b3357-a0
2691,斯特拉克的挑战护手＋泰坦的坚决＋狂徒铠甲,无,279,250,300,s6-b3432-a0
2691,斯特拉克的挑战护手＋坚定之心＋薄暮法袍,无,279,250,300,s6-b3691-a0
2691,红霸符＋莫雷洛秘典＋振奋盔甲,无,279,250,300,s6-b4363-a0
2691,鬼索的狂暴之刃＋圣盾使的誓约＋日炎斗篷,无,279,250,300,s6-b4760-a0
2691,虚空之杖＋圣盾使的誓约＋日炎斗篷,无,279,250,300,s6-b5085-a0
2691,纳什之牙＋纳什之牙＋圣盾使的誓约,无,279,250,300,s6-b5755-a0
2691,最后的轻语＋振奋盔甲＋棘刺背心,无,279,250,300,s6-b6166-a0
2691,冕卫＋莫雷洛秘典＋正义之手,无,279,250,300,s6-b6671-a0
2691,冕卫＋日炎斗篷＋日炎斗篷,无,279,250,300,s6-b6773-a0
2691,离子火花＋蓝霸符＋坚定之心,无,279,250,300,s6-b6857-a0
2691,莫雷洛秘典＋坚定之心＋狂徒铠甲,无,279,250,300,s6-b7073-a0
2691,蓝霸符＋圣盾使的誓约＋日炎斗篷,无,279,250,300,s6-b7230-a0
2691,蓝霸符＋正义之手＋水银,无,279,250,300,s6-b7267-a0
2691,日炎斗篷＋薄暮法袍＋狂徒铠甲,无,279,250,300,s6-b7706-a0
2713,死亡之刃＋斯特拉克的挑战护手＋圣盾使的誓约,无,278,250,300,s6-b211-a0
2713,巨人杀手＋饮血剑＋强袭者的链枷,无,278,250,300,s6-b789-a0
2713,巨人杀手＋冕卫＋石像鬼石板甲,无,278,250,300,s6-b1064-a0
2713,巨人杀手＋振奋盔甲＋水银,无,278,250,300,s6-b1167-a0
2713,海克斯科技枪刃＋纳什之牙＋适应性头盔,无,278,250,300,s6-b1543-a0
2713,朔极之矛＋夜之锋刃＋冕卫,无,278,250,300,s6-b1831-a0
2713,朔极之矛＋饮血剑＋纳什之牙,无,278,250,300,s6-b1857-a0
2713,朔极之矛＋正义之手＋强袭者的链枷,无,278,250,300,s6-b2268-a0
2713,夜之锋刃＋鬼索的狂暴之刃＋巨龙之爪,无,278,250,300,s6-b2480-a0
2713,夜之锋刃＋海妖之怒＋石像鬼石板甲,单身板甲,278,250,300,s6-b2549-a4
2713,饮血剑＋泰坦的坚决＋珠光护手,无,278,250,300,s6-b2984-a0
2713,斯特拉克的挑战护手＋无尽之刃＋圣盾使的誓约,无,278,250,300,s6-b3319-a0
2713,斯特拉克的挑战护手＋红霸符＋圣盾使的誓约,无,278,250,300,s6-b3346-a0
2713,斯特拉克的挑战护手＋泰坦的坚决＋正义之手,无,278,250,300,s6-b3424-a0
2713,斯特拉克的挑战护手＋最后的轻语＋圣盾使的誓约,无,278,250,300,s6-b3487-a0
2713,斯特拉克的挑战护手＋巨龙之爪＋强袭者的链枷,无,278,250,300,s6-b3699-a0
2713,无尽之刃＋正义之手＋石像鬼石板甲,无,278,250,300,s6-b4063-a0
2713,红霸符＋纳什之牙＋巨龙之爪,无,278,250,300,s6-b4258-a0
2713,鬼索的狂暴之刃＋圣盾使的誓约＋薄暮法袍,无,278,250,300,s6-b4763-a0
2713,鬼索的狂暴之刃＋日炎斗篷＋狂徒铠甲,无,278,250,300,s6-b4822-a0
2713,虚空之杖＋离子火花＋圣盾使的誓约,无,278,250,300,s6-b5021-a0
2713,泰坦的坚决＋日炎斗篷＋巨龙之爪,无,278,250,300,s6-b5444-a0
2713,海妖之怒＋冕卫＋坚定之心,无,278,250,300,s6-b5587-a0
2713,海妖之怒＋正义之手＋石像鬼石板甲,无,278,250,300,s6-b5693-a0
2713,纳什之牙＋纳什之牙＋狂徒铠甲,无,278,250,300,s6-b5766-a0
2713,纳什之牙＋大天使之杖＋巨龙之爪,无,278,250,300,s6-b5823-a0
2713,纳什之牙＋大天使之杖＋狂徒铠甲,无,278,250,300,s6-b5826-a0
2713,最后的轻语＋冕卫＋石像鬼石板甲,无,278,250,300,s6-b6069-a0
2713,灭世者的死亡之帽＋振奋盔甲＋日炎斗篷,无,278,250,300,s6-b6378-a0
2713,大天使之杖＋冕卫＋石像鬼石板甲,无,278,250,300,s6-b6469-a0
2713,大天使之杖＋圣盾使的誓约＋薄暮法袍,无,278,250,300,s6-b6548-a0
2713,冕卫＋冕卫＋薄暮法袍,无,278,250,300,s6-b6644-a0
2713,冕卫＋离子火花＋薄暮法袍,无,278,250,300,s6-b6661-a0
2713,冕卫＋薄暮法袍＋薄暮法袍,无,278,250,300,s6-b6791-a0
2713,莫雷洛秘典＋日炎斗篷＋巨龙之爪,无,278,250,300,s6-b7064-a0
2713,珠光护手＋振奋盔甲＋日炎斗篷,无,278,250,300,s6-b7148-a0
2713,石像鬼石板甲＋坚定之心＋强袭者的链枷,无,278,250,300,s6-b7670-a0
2713,日炎斗篷＋水银＋狂徒铠甲,无,278,250,300,s6-b7709-a0
2751,巨人杀手＋圣盾使的誓约＋日炎斗篷,无,277,250,300,s6-b1140-a0
2751,海克斯科技枪刃＋正义之手＋棘刺背心,无,277,250,300,s6-b1732-a0
2751,海克斯科技枪刃＋石像鬼石板甲＋日炎斗篷,无,277,250,300,s6-b1751-a0
2751,朔极之矛＋夜之锋刃＋狂徒铠甲,无,277,250,300,s6-b1847-a0
2751,朔极之矛＋鬼索的狂暴之刃＋圣盾使的誓约,无,277,250,300,s6-b1976-a0
2751,朔极之矛＋泰坦的坚决＋巨龙之爪,无,277,250,300,s6-b2033-a0
2751,朔极之矛＋珠光护手＋正义之手,无,277,250,300,s6-b2199-a0
2751,夜之锋刃＋饮血剑＋海妖之怒,无,277,250,300,s6-b2352-a0
2751,夜之锋刃＋泰坦的坚决＋石像鬼石板甲,单身板甲,277,250,300,s6-b2526-a4
2751,夜之锋刃＋棘刺背心＋狂徒铠甲,无,277,250,300,s6-b2772-a0
2751,斯特拉克的挑战护手＋日炎斗篷＋坚定之心,无,277,250,300,s6-b3683-a0
2751,海妖之怒＋蓝霸符＋正义之手,无,277,250,300,s6-b5645-a0
2751,纳什之牙＋纳什之牙＋正义之手,无,277,250,300,s6-b5758-a0
2751,纳什之牙＋大天使之杖＋振奋盔甲,无,277,250,300,s6-b5817-a0
2751,最后的轻语＋正义之手＋石像鬼石板甲,无,277,250,300,s6-b6177-a0
2751,灭世者的死亡之帽＋适应性头盔＋坚定之心,无,277,250,300,s6-b6368-a0
2751,大天使之杖＋冕卫＋正义之手,无,277,250,300,s6-b6467-a0
2751,大天使之杖＋离子火花＋圣盾使的誓约,无,277,250,300,s6-b6481-a0
2751,大天使之杖＋蓝霸符＋正义之手,无,277,250,300,s6-b6529-a0
2751,冕卫＋冕卫＋日炎斗篷,无,277,250,300,s6-b6641-a0
2751,冕卫＋离子火花＋离子火花,无,277,250,300,s6-b6648-a0
2751,冕卫＋棘刺背心＋日炎斗篷,无,277,250,300,s6-b6758-a0
2751,珠光护手＋适应性头盔＋坚定之心,无,277,250,300,s6-b7138-a0
2751,珠光护手＋正义之手＋巨龙之爪,无,277,250,300,s6-b7160-a0
2751,蓝霸符＋日炎斗篷＋坚定之心,无,277,250,300,s6-b7288-a0
2751,蓝霸符＋巨龙之爪＋强袭者的链枷,无,277,250,300,s6-b7304-a0
2751,棘刺背心＋棘刺背心＋石像鬼石板甲,无,277,250,300,s6-b7606-a0
2751,石像鬼石板甲＋坚定之心＋水银,无,277,250,300,s6-b7668-a0
2751,薄暮法袍＋薄暮法袍＋狂徒铠甲,无,277,250,300,s6-b7752-a0
2780,死亡之刃＋纳什之牙＋振奋盔甲,无,276,250,300,s6-b388-a0
2780,死亡之刃＋适应性头盔＋石像鬼石板甲,无,276,250,300,s6-b556-a0
2780,死亡之刃＋石像鬼石板甲＋石像鬼石板甲,无,276,250,300,s6-b594-a0
2780,巨人杀手＋莫雷洛秘典＋振奋盔甲,无,276,250,300,s6-b1094-a0
2780,海克斯科技枪刃＋海克斯科技枪刃＋冕卫,无,276,250,300,s6-b1240-a0
2780,海克斯科技枪刃＋朔极之矛＋斯特拉克的挑战护手,无,276,250,300,s6-b1261-a0
2780,海克斯科技枪刃＋棘刺背心＋石像鬼石板甲,无,276,250,300,s6-b1742-a0
2780,海克斯科技枪刃＋石像鬼石板甲＋薄暮法袍,无,276,250,300,s6-b1754-a0
2780,朔极之矛＋灭世者的死亡之帽＋正义之手,无,276,250,300,s6-b2114-a0
2780,朔极之矛＋石像鬼石板甲＋强袭者的链枷,无,276,250,300,s6-b2285-a0
2780,朔极之矛＋巨龙之爪＋强袭者的链枷,无,276,250,300,s6-b2303-a0
2780,夜之锋刃＋斯特拉克的挑战护手＋冕卫,无,276,250,300,s6-b2386-a0
2780,夜之锋刃＋冕卫＋正义之手,无,276,250,300,s6-b2647-a0
2780,夜之锋刃＋薄暮法袍＋狂徒铠甲,无,276,250,300,s6-b2802-a0
2780,饮血剑＋珠光护手＋强袭者的链枷,无,276,250,300,s6-b3169-a0
2780,无尽之刃＋纳什之牙＋振奋盔甲,无,276,250,300,s6-b3874-a0
2780,无尽之刃＋蓝霸符＋正义之手,无,276,250,300,s6-b4015-a0
2780,无尽之刃＋适应性头盔＋石像鬼石板甲,无,276,250,300,s6-b4042-a0
2780,无尽之刃＋石像鬼石板甲＋石像鬼石板甲,无,276,250,300,s6-b4080-a0
2780,红霸符＋圣盾使的誓约＋棘刺背心,无,276,250,300,s6-b4407-a0
2780,鬼索的狂暴之刃＋适应性头盔＋坚定之心,无,276,250,300,s6-b4773-a0
2780,泰坦的坚决＋正义之手＋水银,无,276,250,300,s6-b5422-a0
2780,海妖之怒＋棘刺背心＋巨龙之爪,无,276,250,300,s6-b5705-a0
2780,海妖之怒＋坚定之心＋狂徒铠甲,无,276,250,300,s6-b5729-a0
2780,纳什之牙＋灭世者的死亡之帽＋振奋盔甲,无,276,250,300,s6-b5798-a0
2780,最后的轻语＋石像鬼石板甲＋石像鬼石板甲,无,276,250,300,s6-b6194-a0
2780,灭世者的死亡之帽＋适应性头盔＋石像鬼石板甲,无,276,250,300,s6-b6366-a0
2780,灭世者的死亡之帽＋正义之手＋巨龙之爪,无,276,250,300,s6-b6390-a0
2780,灭世者的死亡之帽＋石像鬼石板甲＋石像鬼石板甲,无,276,250,300,s6-b6404-a0
2780,大天使之杖＋石像鬼石板甲＋石像鬼石板甲,无,276,250,300,s6-b6594-a0
2780,冕卫＋冕卫＋棘刺背心,无,276,250,300,s6-b6639-a0
2780,冕卫＋莫雷洛秘典＋坚定之心,无,276,250,300,s6-b6675-a0
2780,冕卫＋坚定之心＋强袭者的链枷,无,276,250,300,s6-b6785-a0
2780,珠光护手＋适应性头盔＋石像鬼石板甲,无,276,250,300,s6-b7136-a0
2780,珠光护手＋石像鬼石板甲＋石像鬼石板甲,无,276,250,300,s6-b7174-a0
2815,死亡之刃＋适应性头盔＋坚定之心,无,275,250,300,s6-b558-a0
2815,巨人杀手＋斯特拉克的挑战护手＋巨龙之爪,无,275,250,300,s6-b814-a0
2815,巨人杀手＋纳什之牙＋正义之手,无,275,250,300,s6-b984-a0
2815,巨人杀手＋正义之手＋石像鬼石板甲,无,275,250,300,s6-b1172-a0
2815,海克斯科技枪刃＋夜之锋刃＋巨龙之爪,无,275,250,300,s6-b1316-a0
2815,海克斯科技枪刃＋灭世者的死亡之帽＋适应性头盔,无,275,250,300,s6-b1584-a0
2815,海克斯科技枪刃＋正义之手＋薄暮法袍,无,275,250,300,s6-b1737-a0
2815,海克斯科技枪刃＋棘刺背心＋狂徒铠甲,无,275,250,300,s6-b1748-a0
2815,朔极之矛＋海妖之怒＋振奋盔甲,无,275,250,300,s6-b2050-a0
2815,夜之锋刃＋饮血剑＋无尽之刃,无,275,250,300,s6-b2347-a0
2815,夜之锋刃＋饮血剑＋灭世者的死亡之帽,无,275,250,300,s6-b2355-a0
2815,夜之锋刃＋饮血剑＋珠光护手,无,275,250,300,s6-b2360-a0
2815,饮血剑＋虚空之杖＋海妖之怒,无,275,250,300,s6-b2952-a0
2815,饮血剑＋大天使之杖＋大天使之杖,无,275,250,300,s6-b3085-a0
2815,斯特拉克的挑战护手＋海妖之怒＋巨龙之爪,无,275,250,300,s6-b3452-a0
2815,无尽之刃＋适应性头盔＋坚定之心,无,275,250,300,s6-b4044-a0
2815,红霸符＋鬼索的狂暴之刃＋正义之手,无,275,250,300,s6-b4159-a0
2815,鬼索的狂暴之刃＋大天使之杖＋正义之手,无,275,250,300,s6-b4664-a0
2815,虚空之杖＋纳什之牙＋巨龙之爪,无,275,250,300,s6-b4934-a0
2815,海妖之怒＋振奋盔甲＋水银,无,275,250,300,s6-b5688-a0
2815,纳什之牙＋最后的轻语＋巨龙之爪,无,275,250,300,s6-b5784-a0
2815,最后的轻语＋圣盾使的誓约＋适应性头盔,无,275,250,300,s6-b6140-a0
2815,灭世者的死亡之帽＋离子火花＋振奋盔甲,无,275,250,300,s6-b6293-a0
2815,大天使之杖＋振奋盔甲＋强袭者的链枷,无,275,250,300,s6-b6574-a0
2815,离子火花＋珠光护手＋振奋盔甲,无,275,250,300,s6-b6838-a0
2815,莫雷洛秘典＋圣盾使的誓约＋圣盾使的誓约,无,275,250,300,s6-b6999-a0
2815,振奋盔甲＋水银＋水银,无,275,250,300,s6-b7544-a0
2815,振奋盔甲＋水银＋强袭者的链枷,无,275,250,300,s6-b7546-a0
2815,薄暮法袍＋水银＋狂徒铠甲,无,275,250,300,s6-b7755-a0
2844,死亡之刃＋夜之锋刃＋饮血剑,无,274,250,300,s6-b135-a0
2844,死亡之刃＋振奋盔甲＋棘刺背心,无,274,250,300,s6-b566-a0
2844,海克斯科技枪刃＋海克斯科技枪刃＋斯特拉克的挑战护手,无,274,250,300,s6-b1229-a0
2844,海克斯科技枪刃＋泰坦的坚决＋巨龙之爪,无,274,250,300,s6-b1505-a0
2844,海克斯科技枪刃＋冕卫＋水银,无,274,250,300,s6-b1630-a0
2844,海克斯科技枪刃＋珠光护手＋适应性头盔,无,274,250,300,s6-b1669-a0
2844,海克斯科技枪刃＋坚定之心＋坚定之心,无,274,250,300,s6-b1765-a0
2844,朔极之矛＋巨龙之爪＋水银,无,274,250,300,s6-b2301-a0
2844,夜之锋刃＋海妖之怒＋圣盾使的誓约,无,274,250,300,s6-b2544-a0
2844,饮血剑＋红霸符＋泰坦的坚决,无,274,250,300,s6-b2900-a0
2844,斯特拉克的挑战护手＋灭世者的死亡之帽＋巨龙之爪,无,274,250,300,s6-b3515-a0
2844,斯特拉克的挑战护手＋大天使之杖＋适应性头盔,无,274,250,300,s6-b3527-a0
2844,斯特拉克的挑战护手＋大天使之杖＋巨龙之爪,无,274,250,300,s6-b3534-a0
2844,斯特拉克的挑战护手＋珠光护手＋巨龙之爪,无,274,250,300,s6-b3600-a0
2844,斯特拉克的挑战护手＋蓝霸符＋棘刺背心,无,274,250,300,s6-b3610-a0
2844,无尽之刃＋振奋盔甲＋棘刺背心,无,274,250,300,s6-b4052-a0
2844,红霸符＋纳什之牙＋振奋盔甲,无,274,250,300,s6-b4252-a0
2844,鬼索的狂暴之刃＋海妖之怒＋振奋盔甲,无,274,250,300,s6-b4581-a0
2844,鬼索的狂暴之刃＋纳什之牙＋石像鬼石板甲,无,274,250,300,s6-b4606-a0
2844,鬼索的狂暴之刃＋灭世者的死亡之帽＋振奋盔甲,无,274,250,300,s6-b4644-a0
2844,鬼索的狂暴之刃＋珠光护手＋振奋盔甲,无,274,250,300,s6-b4729-a0
2844,虚空之杖＋大天使之杖＋振奋盔甲,无,274,250,300,s6-b4988-a0
2844,虚空之杖＋蓝霸符＋正义之手,无,274,250,300,s6-b5069-a0
2844,虚空之杖＋石像鬼石板甲＋水银,单身板甲,274,250,300,s6-b5139-a4
2844,泰坦的坚决＋冕卫＋坚定之心,无,274,250,300,s6-b5311-a0
2844,泰坦的坚决＋巨龙之爪＋薄暮法袍,无,274,250,300,s6-b5456-a0
2844,海妖之怒＋纳什之牙＋正义之手,无,274,250,300,s6-b5505-a0
2844,纳什之牙＋最后的轻语＋振奋盔甲,无,274,250,300,s6-b5778-a0
2844,纳什之牙＋蓝霸符＋正义之手,无,274,250,300,s6-b5898-a0
2844,最后的轻语＋正义之手＋狂徒铠甲,无,274,250,300,s6-b6183-a0
2844,冕卫＋棘刺背心＋棘刺背心,无,274,250,300,s6-b6756-a0
2844,蓝霸符＋蓝霸符＋狂徒铠甲,无,274,250,300,s6-b7222-a0
2844,棘刺背心＋巨龙之爪＋水银,无,274,250,300,s6-b7637-a0
2844,日炎斗篷＋日炎斗篷＋狂徒铠甲,无,274,250,300,s6-b7691-a0
2878,死亡之刃＋离子火花＋振奋盔甲,无,273,250,300,s6-b483-a0
2878,死亡之刃＋圣盾使的誓约＋适应性头盔,无,273,250,300,s6-b540-a0
2878,巨人杀手＋朔极之矛＋巨龙之爪,无,273,250,300,s6-b724-a0
2878,巨人杀手＋圣盾使的誓约＋适应性头盔,无,273,250,300,s6-b1135-a0
2878,海克斯科技枪刃＋海克斯科技枪刃＋蓝霸符,无,273,250,300,s6-b1244-a0
2878,海克斯科技枪刃＋夜之锋刃＋石像鬼石板甲,无,273,250,300,s6-b1313-a0
2878,海克斯科技枪刃＋鬼索的狂暴之刃＋坚定之心,无,273,250,300,s6-b1455-a0
2878,朔极之矛＋灭世者的死亡之帽＋振奋盔甲,无,273,250,300,s6-b2113-a0
2878,朔极之矛＋珠光护手＋振奋盔甲,无,273,250,300,s6-b2198-a0
2878,朔极之矛＋振奋盔甲＋强袭者的链枷,无,273,250,300,s6-b2258-a0
2878,朔极之矛＋坚定之心＋坚定之心,无,273,250,300,s6-b2293-a0
2878,夜之锋刃＋红霸符＋石像鬼石板甲,单身板甲,273,250,300,s6-b2451-a4
2878,夜之锋刃＋虚空之杖＋石像鬼石板甲,单身板甲,273,250,300,s6-b2502-a4
2878,夜之锋刃＋大天使之杖＋石像鬼石板甲,单身板甲,273,250,300,s6-b2631-a4
2878,夜之锋刃＋圣盾使的誓约＋强袭者的链枷,无,273,250,300,s6-b2731-a0
2878,饮血剑＋海妖之怒＋强袭者的链枷,无,273,250,300,s6-b3021-a0
2878,饮血剑＋灭世者的死亡之帽＋强袭者的链枷,无,273,250,300,s6-b3084-a0
2878,斯特拉克的挑战护手＋海妖之怒＋适应性头盔,无,273,250,300,s6-b3445-a0
2878,斯特拉克的挑战护手＋适应性头盔＋水银,无,273,250,300,s6-b3641-a0
2878,斯特拉克的挑战护手＋适应性头盔＋强袭者的链枷,无,273,250,300,s6-b3643-a0
2878,斯特拉克的挑战护手＋石像鬼石板甲＋水银,无,273,250,300,s6-b3679-a0
2878,无尽之刃＋纳什之牙＋石像鬼石板甲,单身板甲,273,250,300,s6-b3877-a4
2878,无尽之刃＋离子火花＋振奋盔甲,无,273,250,300,s6-b3969-a0
2878,无尽之刃＋圣盾使的誓约＋适应性头盔,无,273,250,300,s6-b4026-a0
2878,无尽之刃＋正义之手＋巨龙之爪,无,273,250,300,s6-b4066-a0
2878,红霸符＋蓝霸符＋正义之手,无,273,250,300,s6-b4393-a0
2878,红霸符＋石像鬼石板甲＋石像鬼石板甲,无,273,250,300,s6-b4458-a0
2878,鬼索的狂暴之刃＋最后的轻语＋正义之手,无,273,250,300,s6-b4625-a0
2878,鬼索的狂暴之刃＋振奋盔甲＋水银,无,273,250,300,s6-b4787-a0
2878,虚空之杖＋振奋盔甲＋强袭者的链枷,无,273,250,300,s6-b5114-a0
2878,泰坦的坚决＋离子火花＋巨龙之爪,无,273,250,300,s6-b5329-a0
2878,泰坦的坚决＋蓝霸符＋巨龙之爪,无,273,250,300,s6-b5374-a0
2878,纳什之牙＋珠光护手＋石像鬼石板甲,单身板甲,273,250,300,s6-b5886-a4
2878,纳什之牙＋蓝霸符＋狂徒铠甲,无,273,250,300,s6-b5906-a0
2878,最后的轻语＋莫雷洛秘典＋振奋盔甲,无,273,250,300,s6-b6099-a0
2878,灭世者的死亡之帽＋圣盾使的誓约＋适应性头盔,无,273,250,300,s6-b6350-a0
2878,大天使之杖＋莫雷洛秘典＋振奋盔甲,无,273,250,300,s6-b6499-a0
2878,冕卫＋冕卫＋正义之手,无,273,250,300,s6-b6638-a0
2878,离子火花＋巨龙之爪＋强袭者的链枷,无,273,250,300,s6-b6943-a0
2878,莫雷洛秘典＋莫雷洛秘典＋圣盾使的誓约,无,273,250,300,s6-b6957-a0
2878,莫雷洛秘典＋蓝霸符＋正义之手,无,273,250,300,s6-b6989-a0
2878,珠光护手＋圣盾使的誓约＋适应性头盔,无,273,250,300,s6-b7120-a0
2878,蓝霸符＋坚定之心＋薄暮法袍,无,273,250,300,s6-b7296-a0
2878,圣盾使的誓约＋圣盾使的誓约＋强袭者的链枷,无,273,250,300,s6-b7327-a0
2878,日炎斗篷＋巨龙之爪＋强袭者的链枷,无,273,250,300,s6-b7703-a0
2878,坚定之心＋狂徒铠甲＋强袭者的链枷,无,273,250,300,s6-b7733-a0
2924,巨人杀手＋斯特拉克的挑战护手＋适应性头盔,无,272,250,300,s6-b807-a0
2924,巨人杀手＋石像鬼石板甲＋石像鬼石板甲,无,272,250,300,s6-b1189-a0
2924,海克斯科技枪刃＋斯特拉克的挑战护手＋坚定之心,无,272,250,300,s6-b1374-a0
2924,海克斯科技枪刃＋红霸符＋巨龙之爪,无,272,250,300,s6-b1430-a0
2924,海克斯科技枪刃＋大天使之杖＋巨龙之爪,无,272,250,300,s6-b1610-a0
2924,海克斯科技枪刃＋莫雷洛秘典＋适应性头盔,无,272,250,300,s6-b1654-a0
2924,朔极之矛＋饮血剑＋蓝霸符,无,272,250,300,s6-b1865-a0
2924,朔极之矛＋大天使之杖＋正义之手,无,272,250,300,s6-b2133-a0
2924,朔极之矛＋冕卫＋冕卫,无,272,250,300,s6-b2143-a0
2924,朔极之矛＋圣盾使的誓约＋圣盾使的誓约,无,272,250,300,s6-b2223-a0
2924,朔极之矛＋适应性头盔＋坚定之心,无,272,250,300,s6-b2242-a0
2924,夜之锋刃＋纳什之牙＋圣盾使的誓约,无,272,250,300,s6-b2566-a0
2924,夜之锋刃＋冕卫＋离子火花,无,272,250,300,s6-b2640-a0
2924,夜之锋刃＋离子火花＋石像鬼石板甲,无,272,250,300,s6-b2666-a0
2924,夜之锋刃＋石像鬼石板甲＋日炎斗篷,无,272,250,300,s6-b2775-a0
2924,夜之锋刃＋石像鬼石板甲＋薄暮法袍,无,272,250,300,s6-b2778-a0
2924,夜之锋刃＋日炎斗篷＋狂徒铠甲,无,272,250,300,s6-b2787-a0
2924,饮血剑＋无尽之刃＋泰坦的坚决,无,272,250,300,s6-b2873-a0
2924,斯特拉克的挑战护手＋鬼索的狂暴之刃＋适应性头盔,无,272,250,300,s6-b3373-a0
2924,斯特拉克的挑战护手＋虚空之杖＋适应性头盔,无,272,250,300,s6-b3398-a0
2924,斯特拉克的挑战护手＋灭世者的死亡之帽＋适应性头盔,无,272,250,300,s6-b3508-a0
2924,斯特拉克的挑战护手＋离子火花＋棘刺背心,无,272,250,300,s6-b3565-a0
2924,斯特拉克的挑战护手＋珠光护手＋适应性头盔,无,272,250,300,s6-b3593-a0
2924,斯特拉克的挑战护手＋正义之手＋棘刺背心,无,272,250,300,s6-b3656-a0
2924,无尽之刃＋鬼索的狂暴之刃＋正义之手,无,272,250,300,s6-b3781-a0
2924,红霸符＋圣盾使的誓约＋薄暮法袍,无,272,250,300,s6-b4412-a0
2924,鬼索的狂暴之刃＋纳什之牙＋圣盾使的誓约,无,272,250,300,s6-b4601-a0
2924,虚空之杖＋适应性头盔＋适应性头盔,无,272,250,300,s6-b5092-a0
2924,海妖之怒＋蓝霸符＋巨龙之爪,无,272,250,300,s6-b5650-a0
2924,海妖之怒＋石像鬼石板甲＋坚定之心,无,272,250,300,s6-b5712-a0
2924,纳什之牙＋适应性头盔＋棘刺背心,无,272,250,300,s6-b5924-a0
2924,离子火花＋棘刺背心＋坚定之心,无,272,250,300,s6-b6912-a0
2924,莫雷洛秘典＋莫雷洛秘典＋石像鬼石板甲,单身板甲,272,250,300,s6-b6962-a4
2924,莫雷洛秘典＋适应性头盔＋适应性头盔,无,272,250,300,s6-b7012-a0
2924,莫雷洛秘典＋石像鬼石板甲＋强袭者的链枷,单身板甲,272,250,300,s6-b7061-a4
2924,蓝霸符＋巨龙之爪＋水银,无,272,250,300,s6-b7302-a0
2924,正义之手＋日炎斗篷＋坚定之心,无,272,250,300,s6-b7578-a0
2924,石像鬼石板甲＋强袭者的链枷＋强袭者的链枷,单身板甲,272,250,300,s6-b7685-a4
2962,死亡之刃＋鬼索的狂暴之刃＋正义之手,无,271,250,300,s6-b295-a0
2962,死亡之刃＋蓝霸符＋正义之手,无,271,250,300,s6-b529-a0
2962,死亡之刃＋正义之手＋巨龙之爪,无,271,250,300,s6-b580-a0
2962,死亡之刃＋狂徒铠甲＋狂徒铠甲,无,271,250,300,s6-b627-a0
2962,巨人杀手＋饮血剑＋红霸符,无,271,250,300,s6-b763-a0
2962,巨人杀手＋饮血剑＋虚空之杖,无,271,250,300,s6-b765-a0
2962,巨人杀手＋坚定之心＋狂徒铠甲,无,271,250,300,s6-b1208-a0
2962,海克斯科技枪刃＋朔极之矛＋坚定之心,无,271,250,300,s6-b1284-a0
2962,海克斯科技枪刃＋无尽之刃＋适应性头盔,无,271,250,300,s6-b1396-a0
2962,海克斯科技枪刃＋适应性头盔＋水银,无,271,250,300,s6-b1717-a0
2962,海克斯科技枪刃＋正义之手＋日炎斗篷,无,271,250,300,s6-b1734-a0
2962,朔极之矛＋海妖之怒＋正义之手,无,271,250,300,s6-b2051-a0
2962,朔极之矛＋正义之手＋水银,无,271,250,300,s6-b2266-a0
2962,夜之锋刃＋冕卫＋薄暮法袍,无,271,250,300,s6-b2653-a0
2962,夜之锋刃＋圣盾使的誓约＋水银,无,271,250,300,s6-b2729-a0
2962,饮血剑＋红霸符＋蓝霸符,无,271,250,300,s6-b2910-a0
2962,斯特拉克的挑战护手＋冕卫＋蓝霸符,无,271,250,300,s6-b3543-a0
2962,无尽之刃＋正义之手＋狂徒铠甲,无,271,250,300,s6-b4069-a0
2962,无尽之刃＋狂徒铠甲＋狂徒铠甲,无,271,250,300,s6-b4113-a0
2962,鬼索的狂暴之刃＋振奋盔甲＋强袭者的链枷,无,271,250,300,s6-b4789-a0
2962,虚空之杖＋虚空之杖＋振奋盔甲,无,271,250,300,s6-b4859-a0
2962,虚空之杖＋适应性头盔＋坚定之心,无,271,250,300,s6-b5098-a0
2962,虚空之杖＋石像鬼石板甲＋坚定之心,无,271,250,300,s6-b5136-a0
2962,泰坦的坚决＋圣盾使的誓约＋圣盾使的誓约,无,271,250,300,s6-b5379-a0
2962,泰坦的坚决＋圣盾使的誓约＋薄暮法袍,无,271,250,300,s6-b5388-a0
2962,泰坦的坚决＋石像鬼石板甲＋坚定之心,无,271,250,300,s6-b5436-a0
2962,纳什之牙＋冕卫＋薄暮法袍,无,271,250,300,s6-b5842-a0
2962,最后的轻语＋适应性头盔＋坚定之心,无,271,250,300,s6-b6158-a0
2962,灭世者的死亡之帽＋振奋盔甲＋水银,无,271,250,300,s6-b6382-a0
2962,大天使之杖＋适应性头盔＋坚定之心,无,271,250,300,s6-b6558-a0
2962,离子火花＋莫雷洛秘典＋巨龙之爪,无,271,250,300,s6-b6829-a0
2962,莫雷洛秘典＋蓝霸符＋狂徒铠甲,无,271,250,300,s6-b6997-a0
2962,莫雷洛秘典＋巨龙之爪＋薄暮法袍,无,271,250,300,s6-b7076-a0
2962,珠光护手＋振奋盔甲＋水银,无,271,250,300,s6-b7152-a0
2962,蓝霸符＋棘刺背心＋坚定之心,无,271,250,300,s6-b7273-a0
2962,圣盾使的誓约＋圣盾使的誓约＋水银,无,271,250,300,s6-b7325-a0
2962,正义之手＋坚定之心＋薄暮法袍,无,271,250,300,s6-b7586-a0
2999,死亡之刃＋正义之手＋石像鬼石板甲,无,270,250,300,s6-b577-a0
2999,巨人杀手＋夜之锋刃＋饮血剑,无,270,250,300,s6-b730-a0
2999,巨人杀手＋振奋盔甲＋棘刺背心,无,270,250,300,s6-b1161-a0
2999,巨人杀手＋正义之手＋狂徒铠甲,无,270,250,300,s6-b1178-a0
2999,巨人杀手＋日炎斗篷＋巨龙之爪,无,270,250,300,s6-b1199-a0
2999,海克斯科技枪刃＋泰坦的坚决＋狂徒铠甲,无,270,250,300,s6-b1508-a0
2999,海克斯科技枪刃＋大天使之杖＋适应性头盔,无,270,250,300,s6-b1603-a0
2999,海克斯科技枪刃＋大天使之杖＋正义之手,无,270,250,300,s6-b1605-a0
2999,海克斯科技枪刃＋冕卫＋离子火花,无,270,250,300,s6-b1616-a0
2999,海克斯科技枪刃＋巨龙之爪＋强袭者的链枷,无,270,250,300,s6-b1775-a0
2999,朔极之矛＋鬼索的狂暴之刃＋狂徒铠甲,无,270,250,300,s6-b1987-a0
2999,朔极之矛＋海妖之怒＋巨龙之爪,无,270,250,300,s6-b2056-a0
2999,朔极之矛＋大天使之杖＋振奋盔甲,无,270,250,300,s6-b2132-a0
2999,夜之锋刃＋纳什之牙＋冕卫,无,270,250,300,s6-b2561-a0
2999,夜之锋刃＋最后的轻语＋石像鬼石板甲,单身板甲,270,250,300,s6-b2592-a4
2999,饮血剑＋红霸符＋最后的轻语,无,270,250,300,s6-b2903-a0
2999,饮血剑＋虚空之杖＋最后的轻语,无,270,250,300,s6-b2954-a0
2999,斯特拉克的挑战护手＋离子火花＋蓝霸符,无,270,250,300,s6-b3560-a0
2999,红霸符＋纳什之牙＋正义之手,无,270,250,300,s6-b4253-a0
2999,红霸符＋圣盾使的誓约＋日炎斗篷,无,270,250,300,s6-b4409-a0
2999,红霸符＋石像鬼石板甲＋水银,单身板甲,270,250,300,s6-b4463-a4
2999,鬼索的狂暴之刃＋巨龙之爪＋水银,无,270,250,300,s6-b4832-a0
2999,海妖之怒＋圣盾使的誓约＋圣盾使的誓约,无,270,250,300,s6-b5655-a0
2999,纳什之牙＋最后的轻语＋正义之手,无,270,250,300,s6-b5779-a0
2999,纳什之牙＋水银＋狂徒铠甲,无,270,250,300,s6-b5994-a0
2999,最后的轻语＋圣盾使的誓约＋日炎斗篷,无,270,250,300,s6-b6145-a0
2999,灭世者的死亡之帽＋振奋盔甲＋棘刺背心,无,270,250,300,s6-b6376-a0
2999,灭世者的死亡之帽＋坚定之心＋狂徒铠甲,无,270,250,300,s6-b6423-a0
2999,冕卫＋坚定之心＋水银,无,270,250,300,s6-b6783-a0
2999,离子火花＋日炎斗篷＋坚定之心,无,270,250,300,s6-b6927-a0
2999,珠光护手＋振奋盔甲＋棘刺背心,无,270,250,300,s6-b7146-a0
2999,珠光护手＋坚定之心＋狂徒铠甲,无,270,250,300,s6-b7193-a0
2999,蓝霸符＋蓝霸符＋巨龙之爪,无,270,250,300,s6-b7219-a0
2999,适应性头盔＋适应性头盔＋强袭者的链枷,无,270,250,300,s6-b7417-a0
2999,正义之手＋棘刺背心＋坚定之心,无,270,250,300,s6-b7563-a0
2999,石像鬼石板甲＋水银＋强袭者的链枷,单身板甲,270,250,300,s6-b7682-a4
3035,死亡之刃＋夜之锋刃＋石像鬼石板甲,单身板甲,269,250,300,s6-b157-a4
3035,死亡之刃＋饮血剑＋泰坦的坚决,无,269,250,300,s6-b171-a0
3035,巨人杀手＋海克斯科技枪刃＋适应性头盔,无,269,250,300,s6-b685-a0
3035,巨人杀手＋夜之锋刃＋石像鬼石板甲,单身板甲,269,250,300,s6-b752-a4
3035,巨人杀手＋饮血剑＋莫雷洛秘典,无,269,250,300,s6-b774-a0
3035,海克斯科技枪刃＋海克斯科技枪刃＋朔极之矛,无,269,250,300,s6-b1226-a0
3035,海克斯科技枪刃＋虚空之杖＋适应性头盔,无,269,250,300,s6-b1474-a0
3035,海克斯科技枪刃＋冕卫＋棘刺背心,无,269,250,300,s6-b1624-a0
3035,海克斯科技枪刃＋冕卫＋薄暮法袍,无,269,250,300,s6-b1629-a0
3035,海克斯科技枪刃＋莫雷洛秘典＋狂徒铠甲,无,269,250,300,s6-b1664-a0
3035,海克斯科技枪刃＋石像鬼石板甲＋水银,无,269,250,300,s6-b1755-a0
3035,朔极之矛＋无尽之刃＋正义之手,无,269,250,300,s6-b1926-a0
3035,朔极之矛＋泰坦的坚决＋石像鬼石板甲,无,269,250,300,s6-b2030-a0
3035,朔极之矛＋纳什之牙＋正义之手,无,269,250,300,s6-b2073-a0
3035,朔极之矛＋纳什之牙＋狂徒铠甲,无,269,250,300,s6-b2081-a0
3035,朔极之矛＋石像鬼石板甲＋日炎斗篷,无,269,250,300,s6-b2279-a0
3035,夜之锋刃＋无尽之刃＋石像鬼石板甲,单身板甲,269,250,300,s6-b2424-a4
3035,夜之锋刃＋灭世者的死亡之帽＋石像鬼石板甲,单身板甲,269,250,300,s6-b2612-a4
3035,夜之锋刃＋冕卫＋日炎斗篷,无,269,250,300,s6-b2650-a0
3035,夜之锋刃＋珠光护手＋石像鬼石板甲,单身板甲,269,250,300,s6-b2697-a4
3035,夜之锋刃＋正义之手＋水银,无,269,250,300,s6-b2762-a0
3035,饮血剑＋无尽之刃＋强袭者的链枷,无,269,250,300,s6-b2896-a0
3035,饮血剑＋虚空之杖＋灭世者的死亡之帽,无,269,250,300,s6-b2955-a0
3035,饮血剑＋虚空之杖＋珠光护手,无,269,250,300,s6-b2960-a0
3035,饮血剑＋泰坦的坚决＋最后的轻语,无,269,250,300,s6-b2978-a0
3035,斯特拉克的挑战护手＋虚空之杖＋石像鬼石板甲,无,269,250,300,s6-b3402-a0
3035,红霸符＋适应性头盔＋坚定之心,无,269,250,300,s6-b4422-a0
3035,红霸符＋棘刺背心＋巨龙之爪,无,269,250,300,s6-b4453-a0
3035,鬼索的狂暴之刃＋鬼索的狂暴之刃＋振奋盔甲,无,269,250,300,s6-b4509-a0
3035,鬼索的狂暴之刃＋灭世者的死亡之帽＋正义之手,无,269,250,300,s6-b4645-a0
3035,鬼索的狂暴之刃＋珠光护手＋正义之手,无,269,250,300,s6-b4730-a0
3035,泰坦的坚决＋正义之手＋坚定之心,无,269,250,300,s6-b5419-a0
3035,海妖之怒＋日炎斗篷＋巨龙之爪,无,269,250,300,s6-b5720-a0
3035,纳什之牙＋莫雷洛秘典＋圣盾使的誓约,无,269,250,300,s6-b5866-a0
3035,纳什之牙＋蓝霸符＋石像鬼石板甲,无,269,250,300,s6-b5900-a0
3035,大天使之杖＋坚定之心＋狂徒铠甲,无,269,250,300,s6-b6613-a0
3035,莫雷洛秘典＋圣盾使的誓约＋强袭者的链枷,无,269,250,300,s6-b7011-a0
3035,巨龙之爪＋薄暮法袍＋强袭者的链枷,无,269,250,300,s6-b7743-a0
3073,死亡之刃＋斯特拉克的挑战护手＋石像鬼石板甲,无,268,250,300,s6-b216-a0
3073,巨人杀手＋鬼索的狂暴之刃＋振奋盔甲,无,268,250,300,s6-b889-a0
3073,海克斯科技枪刃＋狂徒铠甲＋强袭者的链枷,无,268,250,300,s6-b1784-a0
3073,朔极之矛＋虚空之杖＋振奋盔甲,无,268,250,300,s6-b2003-a0
3073,朔极之矛＋莫雷洛秘典＋狂徒铠甲,无,268,250,300,s6-b2192-a0
3073,夜之锋刃＋冕卫＋蓝霸符,无,268,250,300,s6-b2643-a0
3073,饮血剑＋红霸符＋海妖之怒,无,268,250,300,s6-b2901-a0
3073,斯特拉克的挑战护手＋斯特拉克的挑战护手＋坚定之心,无,268,250,300,s6-b3298-a0
3073,斯特拉克的挑战护手＋无尽之刃＋石像鬼石板甲,无,268,250,300,s6-b3324-a0
3073,斯特拉克的挑战护手＋红霸符＋石像鬼石板甲,无,268,250,300,s6-b3351-a0
3073,斯特拉克的挑战护手＋灭世者的死亡之帽＋石像鬼石板甲,无,268,250,300,s6-b3512-a0
3073,斯特拉克的挑战护手＋珠光护手＋石像鬼石板甲,无,268,250,300,s6-b3597-a0
3073,斯特拉克的挑战护手＋蓝霸符＋日炎斗篷,无,268,250,300,s6-b3612-a0
3073,红霸符＋冕卫＋正义之手,无,268,250,300,s6-b4331-a0
3073,红霸符＋蓝霸符＋振奋盔甲,无,268,250,300,s6-b4392-a0
3073,红霸符＋蓝霸符＋巨龙之爪,无,268,250,300,s6-b4398-a0
3073,鬼索的狂暴之刃＋鬼索的狂暴之刃＋巨龙之爪,无,268,250,300,s6-b4515-a0
3073,鬼索的狂暴之刃＋虚空之杖＋巨龙之爪,无,268,250,300,s6-b4540-a0
3073,鬼索的狂暴之刃＋莫雷洛秘典＋狂徒铠甲,无,268,250,300,s6-b4723-a0
3073,虚空之杖＋蓝霸符＋巨龙之爪,无,268,250,300,s6-b5074-a0
3073,虚空之杖＋棘刺背心＋巨龙之爪,无,268,250,300,s6-b5129-a0
3073,泰坦的坚决＋纳什之牙＋巨龙之爪,无,268,250,300,s6-b5234-a0
3073,海妖之怒＋离子火花＋巨龙之爪,无,268,250,300,s6-b5605-a0
3073,海妖之怒＋莫雷洛秘典＋圣盾使的誓约,无,268,250,300,s6-b5613-a0
3073,纳什之牙＋冕卫＋水银,无,268,250,300,s6-b5843-a0
3073,纳什之牙＋适应性头盔＋薄暮法袍,无,268,250,300,s6-b5929-a0
3073,最后的轻语＋蓝霸符＋巨龙之爪,无,268,250,300,s6-b6134-a0
3073,灭世者的死亡之帽＋棘刺背心＋巨龙之爪,无,268,250,300,s6-b6399-a0
3073,大天使之杖＋蓝霸符＋巨龙之爪,无,268,250,300,s6-b6534-a0
3073,莫雷洛秘典＋蓝霸符＋石像鬼石板甲,无,268,250,300,s6-b6991-a0
3073,珠光护手＋棘刺背心＋巨龙之爪,无,268,250,300,s6-b7169-a0
3073,日炎斗篷＋坚定之心＋薄暮法袍,无,268,250,300,s6-b7695-a0
3105,死亡之刃＋棘刺背心＋巨龙之爪,无,267,250,300,s6-b589-a0
3105,死亡之刃＋石像鬼石板甲＋坚定之心,无,267,250,300,s6-b596-a0
3105,巨人杀手＋海克斯科技枪刃＋正义之手,无,267,250,300,s6-b687-a0
3105,巨人杀手＋朔极之矛＋振奋盔甲,无,267,250,300,s6-b718-a0
3105,巨人杀手＋振奋盔甲＋薄暮法袍,无,267,250,300,s6-b1166-a0
3105,海克斯科技枪刃＋离子火花＋蓝霸符,无,267,250,300,s6-b1636-a0
3105,海克斯科技枪刃＋莫雷洛秘典＋正义之手,无,267,250,300,s6-b1656-a0
3105,海克斯科技枪刃＋蓝霸符＋棘刺背心,无,267,250,300,s6-b1686-a0
3105,朔极之矛＋斯特拉克的挑战护手＋棘刺背心,无,267,250,300,s6-b1899-a0
3105,朔极之矛＋虚空之杖＋正义之手,无,267,250,300,s6-b2004-a0
3105,朔极之矛＋纳什之牙＋石像鬼石板甲,无,267,250,300,s6-b2075-a0
3105,朔极之矛＋最后的轻语＋巨龙之爪,无,267,250,300,s6-b2099-a0
3105,朔极之矛＋蓝霸符＋适应性头盔,无,267,250,300,s6-b2211-a0
3105,夜之锋刃＋饮血剑＋最后的轻语,无,267,250,300,s6-b2354-a0
3105,夜之锋刃＋泰坦的坚决＋振奋盔甲,无,267,250,300,s6-b2523-a0
3105,夜之锋刃＋棘刺背心＋石像鬼石板甲,无,267,250,300,s6-b2766-a0
3105,夜之锋刃＋坚定之心＋坚定之心,无,267,250,300,s6-b2789-a0
3105,饮血剑＋红霸符＋大天使之杖,无,267,250,300,s6-b2905-a0
3105,斯特拉克的挑战护手＋灭世者的死亡之帽＋狂徒铠甲,无,267,250,300,s6-b3518-a0
3105,斯特拉克的挑战护手＋大天使之杖＋正义之手,无,267,250,300,s6-b3529-a0
3105,斯特拉克的挑战护手＋莫雷洛秘典＋正义之手,无,267,250,300,s6-b3580-a0
3105,斯特拉克的挑战护手＋珠光护手＋狂徒铠甲,无,267,250,300,s6-b3603-a0
3105,无尽之刃＋棘刺背心＋巨龙之爪,无,267,250,300,s6-b4075-a0
3105,无尽之刃＋石像鬼石板甲＋坚定之心,无,267,250,300,s6-b4082-a0
3105,红霸符＋虚空之杖＋振奋盔甲,无,267,250,300,s6-b4183-a0
3105,红霸符＋泰坦的坚决＋振奋盔甲,无,267,250,300,s6-b4207-a0
3105,红霸符＋纳什之牙＋石像鬼石板甲,无,267,250,300,s6-b4255-a0
3105,红霸符＋适应性头盔＋适应性头盔,无,267,250,300,s6-b4416-a0
3105,鬼索的狂暴之刃＋虚空之杖＋振奋盔甲,无,267,250,300,s6-b4534-a0
3105,鬼索的狂暴之刃＋大天使之杖＋振奋盔甲,无,267,250,300,s6-b4663-a0
3105,泰坦的坚决＋适应性头盔＋适应性头盔,无,267,250,300,s6-b5392-a0
3105,海妖之怒＋冕卫＋正义之手,无,267,250,300,s6-b5583-a0
3105,纳什之牙＋圣盾使的誓约＋强袭者的链枷,无,267,250,300,s6-b5920-a0
3105,纳什之牙＋狂徒铠甲＋强袭者的链枷,无,267,250,300,s6-b5997-a0
3105,最后的轻语＋适应性头盔＋适应性头盔,无,267,250,300,s6-b6152-a0
3105,最后的轻语＋石像鬼石板甲＋坚定之心,无,267,250,300,s6-b6196-a0
3105,灭世者的死亡之帽＋振奋盔甲＋薄暮法袍,无,267,250,300,s6-b6381-a0
3105,灭世者的死亡之帽＋石像鬼石板甲＋坚定之心,无,267,250,300,s6-b6406-a0
3105,大天使之杖＋适应性头盔＋适应性头盔,无,267,250,300,s6-b6552-a0
3105,大天使之杖＋石像鬼石板甲＋坚定之心,无,267,250,300,s6-b6596-a0
3105,珠光护手＋振奋盔甲＋薄暮法袍,无,267,250,300,s6-b7151-a0
3105,珠光护手＋石像鬼石板甲＋坚定之心,无,267,250,300,s6-b7176-a0
3147,死亡之刃＋斯特拉克的挑战护手＋巨龙之爪,无,266,250,300,s6-b219-a0
3147,海克斯科技枪刃＋珠光护手＋正义之手,无,266,250,300,s6-b1671-a0
3147,朔极之矛＋夜之锋刃＋斯特拉克的挑战护手,无,266,250,300,s6-b1820-a0
3147,朔极之矛＋斯特拉克的挑战护手＋薄暮法袍,无,266,250,300,s6-b1904-a0
3147,朔极之矛＋泰坦的坚决＋狂徒铠甲,无,266,250,300,s6-b2036-a0
3147,朔极之矛＋莫雷洛秘典＋正义之手,无,266,250,300,s6-b2184-a0
3147,朔极之矛＋棘刺背心＋石像鬼石板甲,无,266,250,300,s6-b2270-a0
3147,朔极之矛＋石像鬼石板甲＋薄暮法袍,无,266,250,300,s6-b2282-a0
3147,夜之锋刃＋斯特拉克的挑战护手＋坚定之心,无,266,250,300,s6-b2398-a0
3147,斯特拉克的挑战护手＋斯特拉克的挑战护手＋蓝霸符,无,266,250,300,s6-b3290-a0
3147,斯特拉克的挑战护手＋无尽之刃＋巨龙之爪,无,266,250,300,s6-b3327-a0
3147,斯特拉克的挑战护手＋海妖之怒＋狂徒铠甲,无,266,250,300,s6-b3455-a0
3147,斯特拉克的挑战护手＋最后的轻语＋巨龙之爪,无,266,250,300,s6-b3495-a0
3147,斯特拉克的挑战护手＋棘刺背心＋薄暮法袍,无,266,250,300,s6-b3670-a0
3147,鬼索的狂暴之刃＋纳什之牙＋狂徒铠甲,无,266,250,300,s6-b4612-a0
3147,鬼索的狂暴之刃＋冕卫＋棘刺背心,无,266,250,300,s6-b4683-a0
3147,虚空之杖＋坚定之心＋狂徒铠甲,无,266,250,300,s6-b5153-a0
3147,泰坦的坚决＋莫雷洛秘典＋石像鬼石板甲,单身板甲,266,250,300,s6-b5342-a4
3147,泰坦的坚决＋石像鬼石板甲＋水银,单身板甲,266,250,300,s6-b5439-a4
3147,泰坦的坚决＋石像鬼石板甲＋强袭者的链枷,单身板甲,266,250,300,s6-b5441-a4
3147,海妖之怒＋莫雷洛秘典＋石像鬼石板甲,单身板甲,266,250,300,s6-b5618-a4
3147,海妖之怒＋适应性头盔＋棘刺背心,无,266,250,300,s6-b5671-a0
3147,海妖之怒＋石像鬼石板甲＋强袭者的链枷,单身板甲,266,250,300,s6-b5717-a4
3147,纳什之牙＋纳什之牙＋适应性头盔,无,266,250,300,s6-b5756-a0
3147,纳什之牙＋灭世者的死亡之帽＋正义之手,无,266,250,300,s6-b5799-a0
3147,纳什之牙＋冕卫＋离子火花,无,266,250,300,s6-b5829-a0
3147,纳什之牙＋冕卫＋棘刺背心,无,266,250,300,s6-b5837-a0
3147,纳什之牙＋珠光护手＋正义之手,无,266,250,300,s6-b5884-a0
3147,纳什之牙＋巨龙之爪＋强袭者的链枷,无,266,250,300,s6-b5988-a0
3147,灭世者的死亡之帽＋日炎斗篷＋巨龙之爪,无,266,250,300,s6-b6414-a0
3147,大天使之杖＋日炎斗篷＋巨龙之爪,无,266,250,300,s6-b6604-a0
3147,离子火花＋正义之手＋棘刺背心,无,266,250,300,s6-b6900-a0
3147,莫雷洛秘典＋适应性头盔＋棘刺背心,无,266,250,300,s6-b7015-a0
3147,珠光护手＋日炎斗篷＋巨龙之爪,无,266,250,300,s6-b7184-a0
3147,适应性头盔＋棘刺背心＋水银,无,266,250,300,s6-b7445-a0
3147,棘刺背心＋坚定之心＋薄暮法袍,无,266,250,300,s6-b7631-a0
3147,日炎斗篷＋日炎斗篷＋坚定之心,无,266,250,300,s6-b7687-a0
3147,巨龙之爪＋薄暮法袍＋水银,无,266,250,300,s6-b7741-a0
3185,死亡之刃＋朔极之矛＋石像鬼石板甲,单身板甲,265,250,300,s6-b126-a4
3185,死亡之刃＋圣盾使的誓约＋坚定之心,无,265,250,300,s6-b546-a0
3185,巨人杀手＋朔极之矛＋正义之手,无,265,250,300,s6-b719-a0
3185,巨人杀手＋冕卫＋正义之手,无,265,250,300,s6-b1062-a0
3185,海克斯科技枪刃＋斯特拉克的挑战护手＋水银,无,265,250,300,s6-b1377-a0
3185,海克斯科技枪刃＋红霸符＋适应性头盔,无,265,250,300,s6-b1423-a0
3185,海克斯科技枪刃＋冕卫＋日炎斗篷,无,265,250,300,s6-b1626-a0
3185,朔极之矛＋斯特拉克的挑战护手＋离子火花,无,265,250,300,s6-b1891-a0
3185,朔极之矛＋斯特拉克的挑战护手＋日炎斗篷,无,265,250,300,s6-b1901-a0
3185,朔极之矛＋无尽之刃＋石像鬼石板甲,单身板甲,265,250,300,s6-b1928-a4
3185,朔极之矛＋红霸符＋正义之手,无,265,250,300,s6-b1953-a0
3185,朔极之矛＋鬼索的狂暴之刃＋适应性头盔,无,265,250,300,s6-b1977-a0
3185,朔极之矛＋灭世者的死亡之帽＋石像鬼石板甲,单身板甲,265,250,300,s6-b2116-a4
3185,朔极之矛＋离子火花＋石像鬼石板甲,无,265,250,300,s6-b2170-a0
3185,朔极之矛＋珠光护手＋石像鬼石板甲,单身板甲,265,250,300,s6-b2201-a4
3185,夜之锋刃＋鬼索的狂暴之刃＋圣盾使的誓约,无,265,250,300,s6-b2472-a0
3185,夜之锋刃＋正义之手＋坚定之心,无,265,250,300,s6-b2759-a0
3185,斯特拉克的挑战护手＋离子火花＋日炎斗篷,无,265,250,300,s6-b3567-a0
3185,斯特拉克的挑战护手＋蓝霸符＋薄暮法袍,无,265,250,300,s6-b3615-a0
3185,无尽之刃＋纳什之牙＋正义之手,无,265,250,300,s6-b3875-a0
3185,无尽之刃＋圣盾使的誓约＋坚定之心,无,265,250,300,s6-b4032-a0
3185,红霸符＋海妖之怒＋振奋盔甲,无,265,250,300,s6-b4230-a0
3185,红霸符＋石像鬼石板甲＋强袭者的链枷,单身板甲,265,250,300,s6-b4465-a4
3185,虚空之杖＋虚空之杖＋石像鬼石板甲,单身板甲,265,250,300,s6-b4862-a4
3185,虚空之杖＋纳什之牙＋狂徒铠甲,无,265,250,300,s6-b4937-a0
3185,虚空之杖＋莫雷洛秘典＋石像鬼石板甲,单身板甲,265,250,300,s6-b5042-a4
3185,泰坦的坚决＋适应性头盔＋棘刺背心,无,265,250,300,s6-b5395-a0
3185,纳什之牙＋纳什之牙＋坚定之心,无,265,250,300,s6-b5762-a0
3185,最后的轻语＋莫雷洛秘典＋石像鬼石板甲,单身板甲,265,250,300,s6-b6102-a4
3185,最后的轻语＋振奋盔甲＋水银,无,265,250,300,s6-b6172-a0
3185,灭世者的死亡之帽＋圣盾使的誓约＋坚定之心,无,265,250,300,s6-b6356-a0
3185,珠光护手＋圣盾使的誓约＋坚定之心,无,265,250,300,s6-b7126-a0
3185,蓝霸符＋水银＋狂徒铠甲,无,265,250,300,s6-b7310-a0
3185,适应性头盔＋棘刺背心＋强袭者的链枷,无,265,250,300,s6-b7447-a0
3185,棘刺背心＋日炎斗篷＋坚定之心,无,265,250,300,s6-b7623-a0
3220,死亡之刃＋朔极之矛＋振奋盔甲,无,264,250,300,s6-b123-a0
3220,死亡之刃＋朔极之矛＋正义之手,无,264,250,300,s6-b124-a0
3220,死亡之刃＋饮血剑＋强袭者的链枷,无,264,250,300,s6-b194-a0
3220,死亡之刃＋斯特拉克的挑战护手＋适应性头盔,无,264,250,300,s6-b212-a0
3220,死亡之刃＋蓝霸符＋振奋盔甲,无,264,250,300,s6-b528-a0
3220,死亡之刃＋蓝霸符＋巨龙之爪,无,264,250,300,s6-b534-a0
3220,死亡之刃＋振奋盔甲＋薄暮法袍,无,264,250,300,s6-b571-a0
3220,巨人杀手＋饮血剑＋大天使之杖,无,264,250,300,s6-b771-a0
3220,巨人杀手＋斯特拉克的挑战护手＋石像鬼石板甲,无,264,250,300,s6-b811-a0
3220,巨人杀手＋蓝霸符＋巨龙之爪,无,264,250,300,s6-b1129-a0
3220,巨人杀手＋棘刺背心＋巨龙之爪,无,264,250,300,s6-b1184-a0
3220,海克斯科技枪刃＋泰坦的坚决＋石像鬼石板甲,无,264,250,300,s6-b1502-a0
3220,海克斯科技枪刃＋海妖之怒＋适应性头盔,无,264,250,300,s6-b1521-a0
3220,海克斯科技枪刃＋灭世者的死亡之帽＋正义之手,无,264,250,300,s6-b1586-a0
3220,朔极之矛＋朔极之矛＋巨龙之爪,无,264,250,300,s6-b1813-a0
3220,朔极之矛＋饮血剑＋红霸符,无,264,250,300,s6-b1852-a0
3220,朔极之矛＋无尽之刃＋振奋盔甲,无,264,250,300,s6-b1925-a0
3220,朔极之矛＋红霸符＋振奋盔甲,无,264,250,300,s6-b1952-a0
3220,朔极之矛＋海妖之怒＋石像鬼石板甲,无,264,250,300,s6-b2053-a0
3220,朔极之矛＋最后的轻语＋振奋盔甲,无,264,250,300,s6-b2093-a0
3220,朔极之矛＋蓝霸符＋巨龙之爪,无,264,250,300,s6-b2218-a0
3220,夜之锋刃＋夜之锋刃＋巨龙之爪,无,264,250,300,s6-b2340-a0
3220,饮血剑＋海妖之怒＋大天使之杖,无,264,250,300,s6-b3003-a0
3220,斯特拉克的挑战护手＋无尽之刃＋适应性头盔,无,264,250,300,s6-b3320-a0
3220,斯特拉克的挑战护手＋红霸符＋适应性头盔,无,264,250,300,s6-b3347-a0
3220,斯特拉克的挑战护手＋最后的轻语＋适应性头盔,无,264,250,300,s6-b3488-a0
3220,斯特拉克的挑战护手＋最后的轻语＋石像鬼石板甲,无,264,250,300,s6-b3492-a0
3220,斯特拉克的挑战护手＋大天使之杖＋石像鬼石板甲,无,264,250,300,s6-b3531-a0
3220,无尽之刃＋蓝霸符＋振奋盔甲,无,264,250,300,s6-b4014-a0
3220,无尽之刃＋蓝霸符＋巨龙之爪,无,264,250,300,s6-b4020-a0
3220,无尽之刃＋振奋盔甲＋薄暮法袍,无,264,250,300,s6-b4057-a0
3220,红霸符＋振奋盔甲＋水银,无,264,250,300,s6-b4436-a0
3220,鬼索的狂暴之刃＋蓝霸符＋巨龙之爪,无,264,250,300,s6-b4749-a0
3220,泰坦的坚决＋蓝霸符＋石像鬼石板甲,无,264,250,300,s6-b5371-a0
3220,泰坦的坚决＋蓝霸符＋狂徒铠甲,无,264,250,300,s6-b5377-a0
3220,海妖之怒＋蓝霸符＋石像鬼石板甲,无,264,250,300,s6-b5647-a0
3220,海妖之怒＋蓝霸符＋狂徒铠甲,无,264,250,300,s6-b5653-a0
3220,海妖之怒＋巨龙之爪＋薄暮法袍,无,264,250,300,s6-b5732-a0
3220,纳什之牙＋石像鬼石板甲＋日炎斗篷,无,264,250,300,s6-b5964-a0
3220,最后的轻语＋棘刺背心＋巨龙之爪,无,264,250,300,s6-b6189-a0
3220,灭世者的死亡之帽＋蓝霸符＋振奋盔甲,无,264,250,300,s6-b6338-a0
3220,灭世者的死亡之帽＋蓝霸符＋巨龙之爪,无,264,250,300,s6-b6344-a0
3220,大天使之杖＋棘刺背心＋巨龙之爪,无,264,250,300,s6-b6589-a0
3220,离子火花＋离子火花＋坚定之心,无,264,250,300,s6-b6812-a0
3220,莫雷洛秘典＋石像鬼石板甲＋日炎斗篷,无,264,250,300,s6-b7055-a0
3220,珠光护手＋蓝霸符＋振奋盔甲,无,264,250,300,s6-b7108-a0
3220,珠光护手＋蓝霸符＋巨龙之爪,无,264,250,300,s6-b7114-a0
3220,蓝霸符＋蓝霸符＋适应性头盔,无,264,250,300,s6-b7212-a0
3220,蓝霸符＋石像鬼石板甲＋强袭者的链枷,无,264,250,300,s6-b7286-a0
3269,死亡之刃＋振奋盔甲＋水银,无,263,250,300,s6-b572-a0
3269,死亡之刃＋坚定之心＋狂徒铠甲,无,263,250,300,s6-b613-a0
3269,巨人杀手＋蓝霸符＋振奋盔甲,无,263,250,300,s6-b1123-a0
3269,巨人杀手＋圣盾使的誓约＋圣盾使的誓约,无,263,250,300,s6-b1134-a0
3269,巨人杀手＋石像鬼石板甲＋坚定之心,无,263,250,300,s6-b1191-a0
3269,海克斯科技枪刃＋大天使之杖＋狂徒铠甲,无,263,250,300,s6-b1613-a0
3269,夜之锋刃＋斯特拉克的挑战护手＋纳什之牙,无,263,250,300,s6-b2382-a0
3269,夜之锋刃＋红霸符＋圣盾使的誓约,无,263,250,300,s6-b2446-a0
3269,饮血剑＋无尽之刃＋虚空之杖,无,263,250,300,s6-b2872-a0
3269,饮血剑＋海妖之怒＋海妖之怒,无,263,250,300,s6-b2999-a0
3269,饮血剑＋最后的轻语＋强袭者的链枷,无,263,250,300,s6-b3064-a0
3269,斯特拉克的挑战护手＋纳什之牙＋纳什之牙,无,263,250,300,s6-b3457-a0
3269,斯特拉克的挑战护手＋冕卫＋莫雷洛秘典,无,263,250,300,s6-b3541-a0
3269,斯特拉克的挑战护手＋冕卫＋强袭者的链枷,无,263,250,300,s6-b3556-a0
3269,无尽之刃＋振奋盔甲＋水银,无,263,250,300,s6-b4058-a0
3269,无尽之刃＋坚定之心＋狂徒铠甲,无,263,250,300,s6-b4099-a0
3269,红霸符＋大天使之杖＋振奋盔甲,无,263,250,300,s6-b4312-a0
3269,红霸符＋石像鬼石板甲＋坚定之心,无,263,250,300,s6-b4460-a0
3269,红霸符＋坚定之心＋狂徒铠甲,无,263,250,300,s6-b4477-a0
3269,鬼索的狂暴之刃＋圣盾使的誓约＋圣盾使的誓约,无,263,250,300,s6-b4754-a0
3269,虚空之杖＋圣盾使的誓约＋圣盾使的誓约,无,263,250,300,s6-b5079-a0
3269,泰坦的坚决＋莫雷洛秘典＋圣盾使的誓约,无,263,250,300,s6-b5337-a0
3269,海妖之怒＋离子火花＋圣盾使的誓约,无,263,250,300,s6-b5597-a0
3269,纳什之牙＋圣盾使的誓约＋水银,无,263,250,300,s6-b5918-a0
3269,纳什之牙＋适应性头盔＋日炎斗篷,无,263,250,300,s6-b5926-a0
3269,最后的轻语＋蓝霸符＋振奋盔甲,无,263,250,300,s6-b6128-a0
3269,最后的轻语＋圣盾使的誓约＋薄暮法袍,无,263,250,300,s6-b6148-a0
3269,最后的轻语＋坚定之心＋狂徒铠甲,无,263,250,300,s6-b6213-a0
3269,灭世者的死亡之帽＋圣盾使的誓约＋圣盾使的誓约,无,263,250,300,s6-b6349-a0
3269,莫雷洛秘典＋适应性头盔＋日炎斗篷,无,263,250,300,s6-b7017-a0
3269,莫雷洛秘典＋棘刺背心＋狂徒铠甲,无,263,250,300,s6-b7052-a0
3269,珠光护手＋圣盾使的誓约＋圣盾使的誓约,无,263,250,300,s6-b7119-a0
3269,蓝霸符＋狂徒铠甲＋强袭者的链枷,无,263,250,300,s6-b7313-a0
3269,适应性头盔＋日炎斗篷＋水银,无,263,250,300,s6-b7460-a0
3269,适应性头盔＋日炎斗篷＋强袭者的链枷,无,263,250,300,s6-b7462-a0
3304,死亡之刃＋鬼索的狂暴之刃＋振奋盔甲,无,262,250,300,s6-b294-a0
3304,死亡之刃＋冕卫＋圣盾使的誓约,无,262,250,300,s6-b464-a0
3304,巨人杀手＋朔极之矛＋狂徒铠甲,无,262,250,300,s6-b727-a0
3304,巨人杀手＋夜之锋刃＋振奋盔甲,无,262,250,300,s6-b749-a0
3304,海克斯科技枪刃＋冕卫＋莫雷洛秘典,无,262,250,300,s6-b1617-a0
3304,海克斯科技枪刃＋蓝霸符＋薄暮法袍,无,262,250,300,s6-b1691-a0
3304,朔极之矛＋海妖之怒＋冕卫,无,262,250,300,s6-b2043-a0
3304,朔极之矛＋最后的轻语＋正义之手,无,262,250,300,s6-b2094-a0
3304,朔极之矛＋冕卫＋水银,无,262,250,300,s6-b2158-a0
3304,夜之锋刃＋冕卫＋冕卫,无,262,250,300,s6-b2639-a0
3304,饮血剑＋海妖之怒＋灭世者的死亡之帽,无,262,250,300,s6-b3002-a0
3304,无尽之刃＋鬼索的狂暴之刃＋振奋盔甲,无,262,250,300,s6-b3780-a0
3304,无尽之刃＋冕卫＋圣盾使的誓约,无,262,250,300,s6-b3950-a0
3304,红霸符＋振奋盔甲＋强袭者的链枷,无,262,250,300,s6-b4438-a0
3304,鬼索的狂暴之刃＋蓝霸符＋圣盾使的誓约,无,262,250,300,s6-b4741-a0
3304,虚空之杖＋海妖之怒＋振奋盔甲,无,262,250,300,s6-b4906-a0
3304,虚空之杖＋日炎斗篷＋巨龙之爪,无,262,250,300,s6-b5144-a0
3304,泰坦的坚决＋离子火花＋狂徒铠甲,无,262,250,300,s6-b5332-a0
3304,泰坦的坚决＋适应性头盔＋薄暮法袍,无,262,250,300,s6-b5400-a0
3304,泰坦的坚决＋棘刺背心＋狂徒铠甲,无,262,250,300,s6-b5432-a0
3304,泰坦的坚决＋薄暮法袍＋狂徒铠甲,无,262,250,300,s6-b5462-a0
3304,海妖之怒＋纳什之牙＋巨龙之爪,无,262,250,300,s6-b5510-a0
3304,纳什之牙＋离子火花＋适应性头盔,无,262,250,300,s6-b5851-a0
3304,纳什之牙＋蓝霸符＋圣盾使的誓约,无,262,250,300,s6-b5895-a0
3304,灭世者的死亡之帽＋冕卫＋圣盾使的誓约,无,262,250,300,s6-b6274-a0
3304,冕卫＋冕卫＋冕卫,无,262,250,300,s6-b6630-a0
3304,冕卫＋珠光护手＋圣盾使的誓约,无,262,250,300,s6-b6683-a0
3304,莫雷洛秘典＋适应性头盔＋薄暮法袍,无,262,250,300,s6-b7020-a0
3332,死亡之刃＋纳什之牙＋石像鬼石板甲,单身板甲,261,250,300,s6-b391-a4
3332,死亡之刃＋冕卫＋坚定之心,无,261,250,300,s6-b471-a0
3332,死亡之刃＋日炎斗篷＋巨龙之爪,无,261,250,300,s6-b604-a0
3332,巨人杀手＋饮血剑＋灭世者的死亡之帽,无,261,250,300,s6-b770-a0
3332,巨人杀手＋饮血剑＋珠光护手,无,261,250,300,s6-b775-a0
3332,巨人杀手＋离子火花＋巨龙之爪,无,261,250,300,s6-b1084-a0
3332,巨人杀手＋莫雷洛秘典＋石像鬼石板甲,单身板甲,261,250,300,s6-b1097-a4
3332,海克斯科技枪刃＋海克斯科技枪刃＋纳什之牙,无,261,250,300,s6-b1236-a0
3332,海克斯科技枪刃＋石像鬼石板甲＋强袭者的链枷,无,261,250,300,s6-b1757-a0
3332,朔极之矛＋海妖之怒＋狂徒铠甲,无,261,250,300,s6-b2059-a0
3332,朔极之矛＋水银＋狂徒铠甲,无,261,250,300,s6-b2309-a0
3332,夜之锋刃＋夜之锋刃＋适应性头盔,无,261,250,300,s6-b2333-a0
3332,饮血剑＋灭世者的死亡之帽＋灭世者的死亡之帽,无,261,250,300,s6-b3065-a0
3332,饮血剑＋灭世者的死亡之帽＋珠光护手,无,261,250,300,s6-b3070-a0
3332,斯特拉克的挑战护手＋鬼索的狂暴之刃＋日炎斗篷,无,261,250,300,s6-b3378-a0
3332,斯特拉克的挑战护手＋海妖之怒＋冕卫,无,261,250,300,s6-b3439-a0
3332,斯特拉克的挑战护手＋蓝霸符＋适应性头盔,无,261,250,300,s6-b3607-a0
3332,斯特拉克的挑战护手＋棘刺背心＋棘刺背心,无,261,250,300,s6-b3665-a0
3332,斯特拉克的挑战护手＋棘刺背心＋日炎斗篷,无,261,250,300,s6-b3667-a0
3332,无尽之刃＋冕卫＋坚定之心,无,261,250,300,s6-b3957-a0
3332,无尽之刃＋日炎斗篷＋巨龙之爪,无,261,250,300,s6-b4090-a0
3332,红霸符＋鬼索的狂暴之刃＋振奋盔甲,无,261,250,300,s6-b4158-a0
3332,红霸符＋冕卫＋坚定之心,无,261,250,300,s6-b4335-a0
3332,红霸符＋莫雷洛秘典＋石像鬼石板甲,单身板甲,261,250,300,s6-b4366-a4
3332,红霸符＋圣盾使的誓约＋圣盾使的誓约,无,261,250,300,s6-b4403-a0
3332,红霸符＋日炎斗篷＋巨龙之爪,无,261,250,300,s6-b4468-a0
3332,鬼索的狂暴之刃＋虚空之杖＋狂徒铠甲,无,261,250,300,s6-b4543-a0
3332,鬼索的狂暴之刃＋泰坦的坚决＋狂徒铠甲,无,261,250,300,s6-b4567-a0
3332,鬼索的狂暴之刃＋最后的轻语＋振奋盔甲,无,261,250,300,s6-b4624-a0
3332,鬼索的狂暴之刃＋冕卫＋莫雷洛秘典,无,261,250,300,s6-b4676-a0
3332,鬼索的狂暴之刃＋棘刺背心＋石像鬼石板甲,无,261,250,300,s6-b4801-a0
3332,鬼索的狂暴之刃＋石像鬼石板甲＋日炎斗篷,无,261,250,300,s6-b4810-a0
3332,虚空之杖＋泰坦的坚决＋振奋盔甲,无,261,250,300,s6-b4883-a0
3332,虚空之杖＋冕卫＋坚定之心,无,261,250,300,s6-b5011-a0
3332,泰坦的坚决＋离子火花＋适应性头盔,无,261,250,300,s6-b5322-a0
3332,海妖之怒＋纳什之牙＋狂徒铠甲,无,261,250,300,s6-b5513-a0
3332,海妖之怒＋大天使之杖＋振奋盔甲,无,261,250,300,s6-b5564-a0
3332,海妖之怒＋适应性头盔＋薄暮法袍,无,261,250,300,s6-b5676-a0
3332,海妖之怒＋棘刺背心＋狂徒铠甲,无,261,250,300,s6-b5708-a0
3332,海妖之怒＋石像鬼石板甲＋水银,单身板甲,261,250,300,s6-b5715-a4
3332,纳什之牙＋灭世者的死亡之帽＋石像鬼石板甲,单身板甲,261,250,300,s6-b5801-a4
3332,纳什之牙＋蓝霸符＋适应性头盔,无,261,250,300,s6-b5896-a0
3332,纳什之牙＋棘刺背心＋石像鬼石板甲,无,261,250,300,s6-b5955-a0
3332,最后的轻语＋蓝霸符＋正义之手,无,261,250,300,s6-b6129-a0
3332,最后的轻语＋圣盾使的誓约＋圣盾使的誓约,无,261,250,300,s6-b6139-a0
3332,最后的轻语＋石像鬼石板甲＋强袭者的链枷,单身板甲,261,250,300,s6-b6201-a4
3332,最后的轻语＋日炎斗篷＋巨龙之爪,无,261,250,300,s6-b6204-a0
3332,灭世者的死亡之帽＋冕卫＋坚定之心,无,261,250,300,s6-b6281-a0
3332,冕卫＋珠光护手＋坚定之心,无,261,250,300,s6-b6690-a0
3332,离子火花＋正义之手＋水银,无,261,250,300,s6-b6906-a0
3332,离子火花＋坚定之心＋薄暮法袍,无,261,250,300,s6-b6935-a0
3332,莫雷洛秘典＋棘刺背心＋石像鬼石板甲,无,261,250,300,s6-b7046-a0
3332,莫雷洛秘典＋薄暮法袍＋狂徒铠甲,无,261,250,300,s6-b7082-a0
3332,莫雷洛秘典＋水银＋狂徒铠甲,无,261,250,300,s6-b7085-a0
3332,蓝霸符＋适应性头盔＋日炎斗篷,无,261,250,300,s6-b7242-a0
3332,适应性头盔＋薄暮法袍＋强袭者的链枷,无,261,250,300,s6-b7477-a0
3332,正义之手＋坚定之心＋强袭者的链枷,无,261,250,300,s6-b7589-a0
3332,正义之手＋水银＋强袭者的链枷,无,261,250,300,s6-b7601-a0
3332,坚定之心＋薄暮法袍＋薄暮法袍,无,261,250,300,s6-b7725-a0
3391,死亡之刃＋圣盾使的誓约＋圣盾使的誓约,无,260,250,300,s6-b539-a0
3391,巨人杀手＋斯特拉克的挑战护手＋狂徒铠甲,无,260,250,300,s6-b817-a0
3391,巨人杀手＋巨龙之爪＋薄暮法袍,无,260,250,300,s6-b1211-a0
3391,海克斯科技枪刃＋海克斯科技枪刃＋虚空之杖,无,260,250,300,s6-b1233-a0
3391,海克斯科技枪刃＋海妖之怒＋正义之手,无,260,250,300,s6-b1523-a0
3391,海克斯科技枪刃＋海妖之怒＋巨龙之爪,无,260,250,300,s6-b1528-a0
3391,朔极之矛＋朔极之矛＋饮血剑,无,260,250,300,s6-b1788-a0
3391,朔极之矛＋夜之锋刃＋圣盾使的誓约,无,260,250,300,s6-b1836-a0
3391,朔极之矛＋斯特拉克的挑战护手＋斯特拉克的挑战护手,无,260,250,300,s6-b1879-a0
3391,朔极之矛＋红霸符＋巨龙之爪,无,260,250,300,s6-b1958-a0
3391,朔极之矛＋虚空之杖＋石像鬼石板甲,无,260,250,300,s6-b2006-a0
3391,朔极之矛＋泰坦的坚决＋冕卫,无,260,250,300,s6-b2020-a0
3391,夜之锋刃＋虚空之杖＋圣盾使的誓约,无,260,250,300,s6-b2497-a0
3391,夜之锋刃＋大天使之杖＋圣盾使的誓约,无,260,250,300,s6-b2626-a0
3391,饮血剑＋海妖之怒＋珠光护手,无,260,250,300,s6-b3007-a0
3391,饮血剑＋最后的轻语＋灭世者的死亡之帽,无,260,250,300,s6-b3045-a0
3391,饮血剑＋最后的轻语＋珠光护手,无,260,250,300,s6-b3050-a0
3391,饮血剑＋灭世者的死亡之帽＋莫雷洛秘典,无,260,250,300,s6-b3069-a0
3391,斯特拉克的挑战护手＋纳什之牙＋莫雷洛秘典,无,260,250,300,s6-b3463-a0
3391,斯特拉克的挑战护手＋离子火花＋薄暮法袍,无,260,250,300,s6-b3570-a0
3391,无尽之刃＋圣盾使的誓约＋圣盾使的誓约,无,260,250,300,s6-b4025-a0
3391,鬼索的狂暴之刃＋巨龙之爪＋强袭者的链枷,无,260,250,300,s6-b4834-a0
3391,虚空之杖＋巨龙之爪＋薄暮法袍,无,260,250,300,s6-b5156-a0
3391,海妖之怒＋适应性头盔＋适应性头盔,无,260,250,300,s6-b5668-a0
3391,纳什之牙＋石像鬼石板甲＋薄暮法袍,无,260,250,300,s6-b5967-a0
3391,灭世者的死亡之帽＋巨龙之爪＋薄暮法袍,无,260,250,300,s6-b6426-a0
3391,冕卫＋冕卫＋蓝霸符,无,260,250,300,s6-b6634-a0
3391,冕卫＋蓝霸符＋水银,无,260,250,300,s6-b6707-a0
3391,离子火花＋正义之手＋日炎斗篷,无,260,250,300,s6-b6902-a0
3391,离子火花＋巨龙之爪＋水银,无,260,250,300,s6-b6941-a0
3391,莫雷洛秘典＋石像鬼石板甲＋薄暮法袍,无,260,250,300,s6-b7058-a0
3391,珠光护手＋巨龙之爪＋薄暮法袍,无,260,250,300,s6-b7196-a0
3391,蓝霸符＋适应性头盔＋棘刺背心,无,260,250,300,s6-b7240-a0
3391,石像鬼石板甲＋日炎斗篷＋强袭者的链枷,无,260,250,300,s6-b7664-a0
3425,死亡之刃＋海克斯科技枪刃＋适应性头盔,无,259,250,300,s6-b90-a0
3425,死亡之刃＋饮血剑＋海妖之怒,无,259,250,300,s6-b172-a0
3425,死亡之刃＋纳什之牙＋正义之手,无,259,250,300,s6-b389-a0
3425,死亡之刃＋莫雷洛秘典＋石像鬼石板甲,单身板甲,259,250,300,s6-b502-a4
3425,死亡之刃＋蓝霸符＋石像鬼石板甲,无,259,250,300,s6-b531-a0
3425,巨人杀手＋饮血剑＋海妖之怒,无,259,250,300,s6-b767-a0
3425,海克斯科技枪刃＋朔极之矛＋离子火花,无,259,250,300,s6-b1273-a0
3425,海克斯科技枪刃＋无尽之刃＋正义之手,无,259,250,300,s6-b1398-a0
3425,海克斯科技枪刃＋虚空之杖＋冕卫,无,259,250,300,s6-b1468-a0
3425,海克斯科技枪刃＋虚空之杖＋巨龙之爪,无,259,250,300,s6-b1481-a0
3425,海克斯科技枪刃＋蓝霸符＋日炎斗篷,无,259,250,300,s6-b1688-a0
3425,朔极之矛＋鬼索的狂暴之刃＋冕卫,无,259,250,300,s6-b1971-a0
3425,朔极之矛＋虚空之杖＋巨龙之爪,无,259,250,300,s6-b2009-a0
3425,朔极之矛＋大天使之杖＋巨龙之爪,无,259,250,300,s6-b2138-a0
3425,朔极之矛＋石像鬼石板甲＋水银,无,259,250,300,s6-b2283-a0
3425,朔极之矛＋狂徒铠甲＋强袭者的链枷,无,259,250,300,s6-b2312-a0
3425,夜之锋刃＋斯特拉克的挑战护手＋蓝霸符,无,259,250,300,s6-b2390-a0
3425,夜之锋刃＋莫雷洛秘典＋巨龙之爪,无,259,250,300,s6-b2685-a0
3425,夜之锋刃＋巨龙之爪＋强袭者的链枷,无,259,250,300,s6-b2799-a0
3425,饮血剑＋无尽之刃＋海妖之怒,无,259,250,300,s6-b2874-a0
3425,饮血剑＋最后的轻语＋莫雷洛秘典,无,259,250,300,s6-b3049-a0
3425,饮血剑＋莫雷洛秘典＋珠光护手,无,259,250,300,s6-b3140-a0
3425,斯特拉克的挑战护手＋鬼索的狂暴之刃＋薄暮法袍,无,259,250,300,s6-b3381-a0
3425,斯特拉克的挑战护手＋泰坦的坚决＋冕卫,无,259,250,300,s6-b3416-a0
3425,斯特拉克的挑战护手＋海妖之怒＋正义之手,无,259,250,300,s6-b3447-a0
3425,斯特拉克的挑战护手＋离子火花＋离子火花,无,259,250,300,s6-b3557-a0
3425,无尽之刃＋纳什之牙＋狂徒铠甲,无,259,250,300,s6-b3883-a0
3425,无尽之刃＋莫雷洛秘典＋石像鬼石板甲,单身板甲,259,250,300,s6-b3988-a4
3425,无尽之刃＋蓝霸符＋石像鬼石板甲,无,259,250,300,s6-b4017-a0
3425,红霸符＋纳什之牙＋狂徒铠甲,无,259,250,300,s6-b4261-a0
3425,鬼索的狂暴之刃＋大天使之杖＋狂徒铠甲,无,259,250,300,s6-b4672-a0
3425,鬼索的狂暴之刃＋石像鬼石板甲＋水银,无,259,250,300,s6-b4814-a0
3425,鬼索的狂暴之刃＋坚定之心＋坚定之心,无,259,250,300,s6-b4824-a0
3425,虚空之杖＋石像鬼石板甲＋强袭者的链枷,单身板甲,259,250,300,s6-b5141-a4
3425,泰坦的坚决＋海妖之怒＋石像鬼石板甲,单身板甲,259,250,300,s6-b5209-a4
3425,泰坦的坚决＋纳什之牙＋圣盾使的誓约,无,259,250,300,s6-b5226-a0
3425,泰坦的坚决＋振奋盔甲＋强袭者的链枷,无,259,250,300,s6-b5414-a0
3425,泰坦的坚决＋日炎斗篷＋狂徒铠甲,无,259,250,300,s6-b5447-a0
3425,海妖之怒＋纳什之牙＋圣盾使的誓约,无,259,250,300,s6-b5502-a0
3425,海妖之怒＋离子火花＋适应性头盔,无,259,250,300,s6-b5598-a0
3425,纳什之牙＋最后的轻语＋狂徒铠甲,无,259,250,300,s6-b5787-a0
3425,纳什之牙＋离子火花＋石像鬼石板甲,无,259,250,300,s6-b5855-a0
3425,灭世者的死亡之帽＋莫雷洛秘典＋石像鬼石板甲,单身板甲,259,250,300,s6-b6312-a4
3425,灭世者的死亡之帽＋蓝霸符＋石像鬼石板甲,无,259,250,300,s6-b6341-a0
3425,大天使之杖＋蓝霸符＋振奋盔甲,无,259,250,300,s6-b6528-a0
3425,大天使之杖＋石像鬼石板甲＋强袭者的链枷,单身板甲,259,250,300,s6-b6601-a4
3425,冕卫＋珠光护手＋正义之手,无,259,250,300,s6-b6686-a0
3425,离子火花＋莫雷洛秘典＋石像鬼石板甲,无,259,250,300,s6-b6826-a0
3425,莫雷洛秘典＋珠光护手＋石像鬼石板甲,单身板甲,259,250,300,s6-b6977-a4
3425,莫雷洛秘典＋圣盾使的誓约＋水银,无,259,250,300,s6-b7009-a0
3425,莫雷洛秘典＋日炎斗篷＋狂徒铠甲,无,259,250,300,s6-b7067-a0
3425,珠光护手＋蓝霸符＋石像鬼石板甲,无,259,250,300,s6-b7111-a0
3425,蓝霸符＋石像鬼石板甲＋水银,无,259,250,300,s6-b7284-a0
3425,适应性头盔＋薄暮法袍＋水银,无,259,250,300,s6-b7475-a0
3425,正义之手＋薄暮法袍＋水银,无,259,250,300,s6-b7596-a0
3425,棘刺背心＋狂徒铠甲＋强袭者的链枷,无,259,250,300,s6-b7648-a0
3425,坚定之心＋坚定之心＋水银,无,259,250,300,s6-b7717-a0
3425,水银＋水银＋狂徒铠甲,无,259,250,300,s6-b7761-a0
3483,死亡之刃＋饮血剑＋虚空之杖,无,258,250,300,s6-b170-a0
3483,死亡之刃＋离子火花＋巨龙之爪,无,258,250,300,s6-b489-a0
3483,巨人杀手＋巨人杀手＋饮血剑,无,258,250,300,s6-b634-a0
3483,巨人杀手＋饮血剑＋无尽之刃,无,258,250,300,s6-b762-a0
3483,巨人杀手＋红霸符＋振奋盔甲,无,258,250,300,s6-b863-a0
3483,巨人杀手＋石像鬼石板甲＋强袭者的链枷,单身板甲,258,250,300,s6-b1196-a4
3483,海克斯科技枪刃＋海克斯科技枪刃＋水银,无,258,250,300,s6-b1255-a0
3483,海克斯科技枪刃＋红霸符＋狂徒铠甲,无,258,250,300,s6-b1433-a0
3483,海克斯科技枪刃＋灭世者的死亡之帽＋巨龙之爪,无,258,250,300,s6-b1591-a0
3483,朔极之矛＋红霸符＋石像鬼石板甲,无,258,250,300,s6-b1955-a0
3483,夜之锋刃＋鬼索的狂暴之刃＋冕卫,无,258,250,300,s6-b2467-a0
3483,饮血剑＋珠光护手＋珠光护手,无,258,250,300,s6-b3155-a0
3483,斯特拉克的挑战护手＋虚空之杖＋冕卫,无,258,250,300,s6-b3392-a0
3483,斯特拉克的挑战护手＋日炎斗篷＋薄暮法袍,无,258,250,300,s6-b3685-a0
3483,无尽之刃＋离子火花＋巨龙之爪,无,258,250,300,s6-b3975-a0
3483,红霸符＋鬼索的狂暴之刃＋巨龙之爪,无,258,250,300,s6-b4164-a0
3483,红霸符＋离子火花＋巨龙之爪,无,258,250,300,s6-b4353-a0
3483,虚空之杖＋蓝霸符＋振奋盔甲,无,258,250,300,s6-b5068-a0
3483,虚空之杖＋正义之手＋水银,无,258,250,300,s6-b5122-a0
3483,泰坦的坚决＋离子火花＋正义之手,无,258,250,300,s6-b5324-a0
3483,泰坦的坚决＋圣盾使的誓约＋水银,无,258,250,300,s6-b5389-a0
3483,泰坦的坚决＋适应性头盔＋日炎斗篷,无,258,250,300,s6-b5397-a0
3483,海妖之怒＋离子火花＋狂徒铠甲,无,258,250,300,s6-b5608-a0
3483,海妖之怒＋适应性头盔＋日炎斗篷,无,258,250,300,s6-b5673-a0
3483,最后的轻语＋圣盾使的誓约＋棘刺背心,无,258,250,300,s6-b6143-a0
3483,灭世者的死亡之帽＋冕卫＋正义之手,无,258,250,300,s6-b6277-a0
3483,灭世者的死亡之帽＋离子火花＋巨龙之爪,无,258,250,300,s6-b6299-a0
3483,大天使之杖＋离子火花＋巨龙之爪,无,258,250,300,s6-b6489-a0
3483,大天使之杖＋圣盾使的誓约＋圣盾使的誓约,无,258,250,300,s6-b6539-a0
3483,离子火花＋莫雷洛秘典＋适应性头盔,无,258,250,300,s6-b6822-a0
3483,离子火花＋莫雷洛秘典＋狂徒铠甲,无,258,250,300,s6-b6832-a0
3483,离子火花＋珠光护手＋巨龙之爪,无,258,250,300,s6-b6844-a0
3483,离子火花＋适应性头盔＋强袭者的链枷,无,258,250,300,s6-b6887-a0
3483,离子火花＋正义之手＋薄暮法袍,无,258,250,300,s6-b6905-a0
3483,离子火花＋狂徒铠甲＋强袭者的链枷,无,258,250,300,s6-b6952-a0
3483,莫雷洛秘典＋坚定之心＋坚定之心,无,258,250,300,s6-b7069-a0
3483,蓝霸符＋蓝霸符＋石像鬼石板甲,无,258,250,300,s6-b7216-a0
3483,正义之手＋日炎斗篷＋水银,无,258,250,300,s6-b7581-a0
3483,棘刺背心＋石像鬼石板甲＋强袭者的链枷,无,258,250,300,s6-b7621-a0
3483,石像鬼石板甲＋日炎斗篷＋水银,无,258,250,300,s6-b7662-a0
3523,死亡之刃＋鬼索的狂暴之刃＋石像鬼石板甲,单身板甲,257,250,300,s6-b297-a4
3523,死亡之刃＋石像鬼石板甲＋强袭者的链枷,单身板甲,257,250,300,s6-b601-a4
3523,死亡之刃＋巨龙之爪＋薄暮法袍,无,257,250,300,s6-b616-a0
3523,巨人杀手＋斯特拉克的挑战护手＋正义之手,无,257,250,300,s6-b809-a0
3523,巨人杀手＋纳什之牙＋狂徒铠甲,无,257,250,300,s6-b992-a0
3523,巨人杀手＋冕卫＋坚定之心,无,257,250,300,s6-b1066-a0
3523,巨人杀手＋适应性头盔＋日炎斗篷,无,257,250,300,s6-b1152-a0
3523,巨人杀手＋棘刺背心＋狂徒铠甲,无,257,250,300,s6-b1187-a0
3523,海克斯科技枪刃＋斯特拉克的挑战护手＋棘刺背心,无,257,250,300,s6-b1371-a0
3523,海克斯科技枪刃＋纳什之牙＋离子火花,无,257,250,300,s6-b1538-a0
3523,海克斯科技枪刃＋离子火花＋坚定之心,无,257,250,300,s6-b1644-a0
3523,海克斯科技枪刃＋珠光护手＋巨龙之爪,无,257,250,300,s6-b1676-a0
3523,朔极之矛＋莫雷洛秘典＋石像鬼石板甲,无,257,250,300,s6-b2186-a0
3523,朔极之矛＋适应性头盔＋日炎斗篷,无,257,250,300,s6-b2241-a0
3523,夜之锋刃＋夜之锋刃＋狂徒铠甲,无,257,250,300,s6-b2343-a0
3523,夜之锋刃＋冕卫＋棘刺背心,无,257,250,300,s6-b2648-a0
3523,夜之锋刃＋蓝霸符＋圣盾使的誓约,无,257,250,300,s6-b2706-a0
3523,饮血剑＋无尽之刃＋灭世者的死亡之帽,无,257,250,300,s6-b2877-a0
3523,斯特拉克的挑战护手＋最后的轻语＋狂徒铠甲,无,257,250,300,s6-b3498-a0
3523,无尽之刃＋鬼索的狂暴之刃＋石像鬼石板甲,单身板甲,257,250,300,s6-b3783-a4
3523,无尽之刃＋纳什之牙＋圣盾使的誓约,无,257,250,300,s6-b3872-a0
3523,无尽之刃＋石像鬼石板甲＋强袭者的链枷,单身板甲,257,250,300,s6-b4087-a4
3523,无尽之刃＋巨龙之爪＋薄暮法袍,无,257,250,300,s6-b4102-a0
3523,红霸符＋巨龙之爪＋薄暮法袍,无,257,250,300,s6-b4480-a0
3523,鬼索的狂暴之刃＋海妖之怒＋狂徒铠甲,无,257,250,300,s6-b4590-a0
3523,鬼索的狂暴之刃＋灭世者的死亡之帽＋石像鬼石板甲,单身板甲,257,250,300,s6-b4647-a4
3523,鬼索的狂暴之刃＋冕卫＋水银,无,257,250,300,s6-b4689-a0
3523,鬼索的狂暴之刃＋离子火花＋石像鬼石板甲,无,257,250,300,s6-b4701-a0
3523,鬼索的狂暴之刃＋珠光护手＋石像鬼石板甲,单身板甲,257,250,300,s6-b4732-a4
3523,鬼索的狂暴之刃＋适应性头盔＋日炎斗篷,无,257,250,300,s6-b4772-a0
3523,鬼索的狂暴之刃＋石像鬼石板甲＋薄暮法袍,无,257,250,300,s6-b4813-a0
3523,鬼索的狂暴之刃＋水银＋狂徒铠甲,无,257,250,300,s6-b4840-a0
3523,泰坦的坚决＋泰坦的坚决＋石像鬼石板甲,单身板甲,257,250,300,s6-b5186-a4
3523,海妖之怒＋海妖之怒＋石像鬼石板甲,单身板甲,257,250,300,s6-b5485-a4
3523,海妖之怒＋振奋盔甲＋强袭者的链枷,无,257,250,300,s6-b5690-a0
3523,纳什之牙＋珠光护手＋圣盾使的誓约,无,257,250,300,s6-b5881-a0
3523,纳什之牙＋坚定之心＋水银,无,257,250,300,s6-b5981-a0
3523,最后的轻语＋冕卫＋坚定之心,无,257,250,300,s6-b6071-a0
3523,灭世者的死亡之帽＋石像鬼石板甲＋强袭者的链枷,单身板甲,257,250,300,s6-b6411-a4
3523,大天使之杖＋冕卫＋坚定之心,无,257,250,300,s6-b6471-a0
3523,大天使之杖＋莫雷洛秘典＋石像鬼石板甲,单身板甲,257,250,300,s6-b6502-a4
3523,大天使之杖＋正义之手＋水银,无,257,250,300,s6-b6582-a0
3523,大天使之杖＋石像鬼石板甲＋水银,单身板甲,257,250,300,s6-b6599-a4
3523,冕卫＋莫雷洛秘典＋蓝霸符,无,257,250,300,s6-b6667-a0
3523,冕卫＋棘刺背心＋强袭者的链枷,无,257,250,300,s6-b6764-a0
3523,离子火花＋离子火花＋正义之手,无,257,250,300,s6-b6808-a0
3523,离子火花＋蓝霸符＋适应性头盔,无,257,250,300,s6-b6851-a0
3523,莫雷洛秘典＋蓝霸符＋圣盾使的誓约,无,257,250,300,s6-b6986-a0
3523,莫雷洛秘典＋正义之手＋水银,无,257,250,300,s6-b7042-a0
3523,珠光护手＋石像鬼石板甲＋强袭者的链枷,单身板甲,257,250,300,s6-b7181-a4
3523,蓝霸符＋适应性头盔＋薄暮法袍,无,257,250,300,s6-b7245-a0
3523,圣盾使的誓约＋水银＋强袭者的链枷,无,257,250,300,s6-b7402-a0
3523,圣盾使的誓约＋强袭者的链枷＋强袭者的链枷,无,257,250,300,s6-b7405-a0
3576,死亡之刃＋巨人杀手＋饮血剑,无,256,250,300,s6-b39-a0
3576,死亡之刃＋蓝霸符＋狂徒铠甲,无,256,250,300,s6-b537-a0
3576,死亡之刃＋正义之手＋狂徒铠甲,无,256,250,300,s6-b583-a0
3576,巨人杀手＋海克斯科技枪刃＋石像鬼石板甲,无,256,250,300,s6-b689-a0
3576,巨人杀手＋虚空之杖＋振奋盔甲,无,256,250,300,s6-b914-a0
3576,巨人杀手＋泰坦的坚决＋石像鬼石板甲,单身板甲,256,250,300,s6-b941-a4
3576,巨人杀手＋海妖之怒＋石像鬼石板甲,单身板甲,256,250,300,s6-b964-a4
3576,海克斯科技枪刃＋朔极之矛＋棘刺背心,无,256,250,300,s6-b1281-a0
3576,海克斯科技枪刃＋鬼索的狂暴之刃＋离子火花,无,256,250,300,s6-b1444-a0
3576,海克斯科技枪刃＋泰坦的坚决＋蓝霸符,无,256,250,300,s6-b1496-a0
3576,海克斯科技枪刃＋海妖之怒＋石像鬼石板甲,无,256,250,300,s6-b1525-a0
3576,海克斯科技枪刃＋最后的轻语＋适应性头盔,无,256,250,300,s6-b1564-a0
3576,海克斯科技枪刃＋灭世者的死亡之帽＋石像鬼石板甲,无,256,250,300,s6-b1588-a0
3576,海克斯科技枪刃＋冕卫＋冕卫,无,256,250,300,s6-b1615-a0
3576,朔极之矛＋夜之锋刃＋坚定之心,无,256,250,300,s6-b1843-a0
3576,朔极之矛＋纳什之牙＋冕卫,无,256,250,300,s6-b2065-a0
3576,朔极之矛＋纳什之牙＋圣盾使的誓约,无,256,250,300,s6-b2070-a0
3576,朔极之矛＋冕卫＋强袭者的链枷,无,256,250,300,s6-b2160-a0
3576,夜之锋刃＋纳什之牙＋适应性头盔,无,256,250,300,s6-b2567-a0
3576,夜之锋刃＋纳什之牙＋石像鬼石板甲,无,256,250,300,s6-b2571-a0
3576,夜之锋刃＋蓝霸符＋坚定之心,无,256,250,300,s6-b2713-a0
3576,饮血剑＋无尽之刃＋莫雷洛秘典,无,256,250,300,s6-b2881-a0
3576,饮血剑＋海妖之怒＋最后的轻语,无,256,250,300,s6-b3001-a0
3576,饮血剑＋灭世者的死亡之帽＋大天使之杖,无,256,250,300,s6-b3066-a0
3576,饮血剑＋大天使之杖＋珠光护手,无,256,250,300,s6-b3089-a0
3576,斯特拉克的挑战护手＋日炎斗篷＋日炎斗篷,无,256,250,300,s6-b3682-a0
3576,无尽之刃＋蓝霸符＋狂徒铠甲,无,256,250,300,s6-b4023-a0
3576,红霸符＋纳什之牙＋冕卫,无,256,250,300,s6-b4245-a0
3576,红霸符＋正义之手＋水银,无,256,250,300,s6-b4446-a0
3576,鬼索的狂暴之刃＋纳什之牙＋冕卫,无,256,250,300,s6-b4596-a0
3576,鬼索的狂暴之刃＋纳什之牙＋适应性头盔,无,256,250,300,s6-b4602-a0
3576,鬼索的狂暴之刃＋大天使之杖＋巨龙之爪,无,256,250,300,s6-b4669-a0
3576,海妖之怒＋冕卫＋冕卫,无,256,250,300,s6-b5575-a0
3576,海妖之怒＋冕卫＋日炎斗篷,无,256,250,300,s6-b5586-a0
3576,海妖之怒＋圣盾使的誓约＋水银,无,256,250,300,s6-b5665-a0
3576,海妖之怒＋坚定之心＋坚定之心,无,256,250,300,s6-b5725-a0
3576,纳什之牙＋坚定之心＋坚定之心,无,256,250,300,s6-b5978-a0
3576,最后的轻语＋蓝霸符＋狂徒铠甲,无,256,250,300,s6-b6137-a0
3576,最后的轻语＋巨龙之爪＋薄暮法袍,无,256,250,300,s6-b6216-a0
3576,大天使之杖＋巨龙之爪＋薄暮法袍,无,256,250,300,s6-b6616-a0
3576,冕卫＋离子火花＋强袭者的链枷,无,256,250,300,s6-b6664-a0
3576,冕卫＋薄暮法袍＋强袭者的链枷,无,256,250,300,s6-b6794-a0
3576,离子火花＋适应性头盔＋水银,无,256,250,300,s6-b6885-a0
3576,蓝霸符＋圣盾使的誓约＋水银,无,256,250,300,s6-b7234-a0
3576,振奋盔甲＋强袭者的链枷＋强袭者的链枷,无,256,250,300,s6-b7549-a0
3576,正义之手＋棘刺背心＋薄暮法袍,无,256,250,300,s6-b7565-a0
3576,棘刺背心＋棘刺背心＋坚定之心,无,256,250,300,s6-b7608-a0
3576,石像鬼石板甲＋薄暮法袍＋强袭者的链枷,无,256,250,300,s6-b7679-a0
3624,巨人杀手＋蓝霸符＋石像鬼石板甲,无,255,250,300,s6-b1126-a0
3624,海克斯科技枪刃＋海克斯科技枪刃＋坚定之心,无,255,250,300,s6-b1252-a0
3624,海克斯科技枪刃＋鬼索的狂暴之刃＋薄暮法袍,无,255,250,300,s6-b1457-a0
3624,海克斯科技枪刃＋海妖之怒＋狂徒铠甲,无,255,250,300,s6-b1531-a0
3624,海克斯科技枪刃＋纳什之牙＋纳什之牙,无,255,250,300,s6-b1533-a0
3624,海克斯科技枪刃＋莫雷洛秘典＋石像鬼石板甲,无,255,250,300,s6-b1658-a0
3624,朔极之矛＋朔极之矛＋石像鬼石板甲,无,255,250,300,s6-b1810-a0
3624,朔极之矛＋朔极之矛＋狂徒铠甲,无,255,250,300,s6-b1816-a0
3624,朔极之矛＋蓝霸符＋石像鬼石板甲,无,255,250,300,s6-b2215-a0
3624,夜之锋刃＋虚空之杖＋狂徒铠甲,无,255,250,300,s6-b2508-a0
3624,夜之锋刃＋巨龙之爪＋水银,无,255,250,300,s6-b2797-a0
3624,夜之锋刃＋水银＋狂徒铠甲,无,255,250,300,s6-b2805-a0
3624,饮血剑＋无尽之刃＋珠光护手,无,255,250,300,s6-b2882-a0
3624,斯特拉克的挑战护手＋斯特拉克的挑战护手＋鬼索的狂暴之刃,无,255,250,300,s6-b3278-a0
3624,斯特拉克的挑战护手＋斯特拉克的挑战护手＋离子火花,无,255,250,300,s6-b3287-a0
3624,斯特拉克的挑战护手＋斯特拉克的挑战护手＋棘刺背心,无,255,250,300,s6-b3295-a0
3624,斯特拉克的挑战护手＋薄暮法袍＋薄暮法袍,无,255,250,300,s6-b3700-a0
3624,鬼索的狂暴之刃＋鬼索的狂暴之刃＋石像鬼石板甲,无,255,250,300,s6-b4512-a0
3624,鬼索的狂暴之刃＋海妖之怒＋巨龙之爪,无,255,250,300,s6-b4587-a0
3624,鬼索的狂暴之刃＋蓝霸符＋石像鬼石板甲,无,255,250,300,s6-b4746-a0
3624,鬼索的狂暴之刃＋适应性头盔＋棘刺背心,无,255,250,300,s6-b4770-a0
3624,鬼索的狂暴之刃＋狂徒铠甲＋强袭者的链枷,无,255,250,300,s6-b4843-a0
3624,虚空之杖＋最后的轻语＋振奋盔甲,无,255,250,300,s6-b4949-a0
3624,虚空之杖＋正义之手＋坚定之心,无,255,250,300,s6-b5119-a0
3624,泰坦的坚决＋冕卫＋离子火花,无,255,250,300,s6-b5300-a0
3624,泰坦的坚决＋冕卫＋蓝霸符,无,255,250,300,s6-b5303-a0
3624,海妖之怒＋海妖之怒＋振奋盔甲,无,255,250,300,s6-b5482-a0
3624,海妖之怒＋冕卫＋棘刺背心,无,255,250,300,s6-b5584-a0
3624,纳什之牙＋大天使之杖＋正义之手,无,255,250,300,s6-b5818-a0
3624,纳什之牙＋莫雷洛秘典＋正义之手,无,255,250,300,s6-b5869-a0
3624,最后的轻语＋蓝霸符＋石像鬼石板甲,无,255,250,300,s6-b6131-a0
3624,最后的轻语＋适应性头盔＋棘刺背心,无,255,250,300,s6-b6155-a0
3624,冕卫＋莫雷洛秘典＋日炎斗篷,无,255,250,300,s6-b6674-a0
3624,冕卫＋日炎斗篷＋强袭者的链枷,无,255,250,300,s6-b6779-a0
3624,离子火花＋蓝霸符＋日炎斗篷,无,255,250,300,s6-b6856-a0
3624,离子火花＋石像鬼石板甲＋强袭者的链枷,无,255,250,300,s6-b6925-a0
3624,蓝霸符＋日炎斗篷＋薄暮法袍,无,255,250,300,s6-b7290-a0
3624,正义之手＋日炎斗篷＋薄暮法袍,无,255,250,300,s6-b7580-a0
3624,棘刺背心＋石像鬼石板甲＋水银,无,255,250,300,s6-b7619-a0
3624,巨龙之爪＋水银＋水银,无,255,250,300,s6-b7744-a0
3664,死亡之刃＋海克斯科技枪刃＋巨龙之爪,无,254,250,300,s6-b97-a0
3664,死亡之刃＋饮血剑＋灭世者的死亡之帽,无,254,250,300,s6-b175-a0
3664,死亡之刃＋饮血剑＋莫雷洛秘典,无,254,250,300,s6-b179-a0
3664,死亡之刃＋石像鬼石板甲＋水银,单身板甲,254,250,300,s6-b599-a4
3664,巨人杀手＋离子火花＋圣盾使的誓约,无,254,250,300,s6-b1076-a0
3664,巨人杀手＋蓝霸符＋狂徒铠甲,无,254,250,300,s6-b1132-a0
3664,巨人杀手＋石像鬼石板甲＋水银,单身板甲,254,250,300,s6-b1194-a4
3664,海克斯科技枪刃＋朔极之矛＋薄暮法袍,无,254,250,300,s6-b1286-a0
3664,海克斯科技枪刃＋斯特拉克的挑战护手＋薄暮法袍,无,254,250,300,s6-b1376-a0
3664,海克斯科技枪刃＋无尽之刃＋巨龙之爪,无,254,250,300,s6-b1403-a0
3664,海克斯科技枪刃＋鬼索的狂暴之刃＋棘刺背心,无,254,250,300,s6-b1452-a0
3664,海克斯科技枪刃＋冕卫＋强袭者的链枷,无,254,250,300,s6-b1632-a0
3664,海克斯科技枪刃＋珠光护手＋石像鬼石板甲,无,254,250,300,s6-b1673-a0
3664,海克斯科技枪刃＋坚定之心＋薄暮法袍,无,254,250,300,s6-b1767-a0
3664,朔极之矛＋冕卫＋莫雷洛秘典,无,254,250,300,s6-b2145-a0
3664,朔极之矛＋蓝霸符＋狂徒铠甲,无,254,250,300,s6-b2221-a0
3664,夜之锋刃＋泰坦的坚决＋巨龙之爪,无,254,250,300,s6-b2529-a0
3664,饮血剑＋最后的轻语＋大天使之杖,无,254,250,300,s6-b3046-a0
3664,无尽之刃＋冕卫＋正义之手,无,254,250,300,s6-b3953-a0
3664,无尽之刃＋石像鬼石板甲＋水银,单身板甲,254,250,300,s6-b4085-a4
3664,红霸符＋泰坦的坚决＋石像鬼石板甲,单身板甲,254,250,300,s6-b4210-a4
3664,红霸符＋海妖之怒＋石像鬼石板甲,单身板甲,254,250,300,s6-b4233-a4
3664,鬼索的狂暴之刃＋蓝霸符＋狂徒铠甲,无,254,250,300,s6-b4752-a0
3664,鬼索的狂暴之刃＋适应性头盔＋薄暮法袍,无,254,250,300,s6-b4775-a0
3664,虚空之杖＋泰坦的坚决＋石像鬼石板甲,单身板甲,254,250,300,s6-b4886-a4
3664,虚空之杖＋海妖之怒＋石像鬼石板甲,单身板甲,254,250,300,s6-b4909-a4
3664,虚空之杖＋离子火花＋巨龙之爪,无,254,250,300,s6-b5029-a0
3664,虚空之杖＋日炎斗篷＋狂徒铠甲,无,254,250,300,s6-b5147-a0
3664,泰坦的坚决＋纳什之牙＋狂徒铠甲,无,254,250,300,s6-b5237-a0
3664,泰坦的坚决＋最后的轻语＋石像鬼石板甲,单身板甲,254,250,300,s6-b5252-a4
3664,泰坦的坚决＋大天使之杖＋石像鬼石板甲,单身板甲,254,250,300,s6-b5291-a4
3664,泰坦的坚决＋冕卫＋薄暮法袍,无,254,250,300,s6-b5313-a0
3664,泰坦的坚决＋圣盾使的誓约＋棘刺背心,无,254,250,300,s6-b5383-a0
3664,海妖之怒＋最后的轻语＋石像鬼石板甲,单身板甲,254,250,300,s6-b5528-a4
3664,海妖之怒＋大天使之杖＋石像鬼石板甲,单身板甲,254,250,300,s6-b5567-a4
3664,海妖之怒＋冕卫＋离子火花,无,254,250,300,s6-b5576-a0
3664,海妖之怒＋冕卫＋薄暮法袍,无,254,250,300,s6-b5589-a0
3664,海妖之怒＋正义之手＋坚定之心,无,254,250,300,s6-b5695-a0
3664,海妖之怒＋石像鬼石板甲＋日炎斗篷,无,254,250,300,s6-b5711-a0
3664,最后的轻语＋大天使之杖＋振奋盔甲,无,254,250,300,s6-b6048-a0
3664,最后的轻语＋冕卫＋正义之手,无,254,250,300,s6-b6067-a0
3664,最后的轻语＋离子火花＋圣盾使的誓约,无,254,250,300,s6-b6081-a0
3664,最后的轻语＋离子火花＋巨龙之爪,无,254,250,300,s6-b6089-a0
3664,最后的轻语＋石像鬼石板甲＋水银,单身板甲,254,250,300,s6-b6199-a4
3664,灭世者的死亡之帽＋蓝霸符＋狂徒铠甲,无,254,250,300,s6-b6347-a0
3664,灭世者的死亡之帽＋石像鬼石板甲＋水银,单身板甲,254,250,300,s6-b6409-a4
3664,大天使之杖＋蓝霸符＋狂徒铠甲,无,254,250,300,s6-b6537-a0
3664,冕卫＋离子火花＋莫雷洛秘典,无,254,250,300,s6-b6649-a0
3664,冕卫＋莫雷洛秘典＋棘刺背心,无,254,250,300,s6-b6672-a0
3664,冕卫＋莫雷洛秘典＋薄暮法袍,无,254,250,300,s6-b6677-a0
3664,莫雷洛秘典＋莫雷洛秘典＋巨龙之爪,无,254,250,300,s6-b6965-a0
3664,莫雷洛秘典＋莫雷洛秘典＋狂徒铠甲,无,254,250,300,s6-b6968-a0
3664,珠光护手＋蓝霸符＋狂徒铠甲,无,254,250,300,s6-b7117-a0
3664,珠光护手＋石像鬼石板甲＋水银,单身板甲,254,250,300,s6-b7179-a4
3664,坚定之心＋坚定之心＋强袭者的链枷,无,254,250,300,s6-b7719-a0
3719,死亡之刃＋饮血剑＋珠光护手,无,253,250,300,s6-b180-a0
3719,死亡之刃＋纳什之牙＋圣盾使的誓约,无,253,250,300,s6-b386-a0
3719,死亡之刃＋离子火花＋适应性头盔,无,253,250,300,s6-b482-a0
3719,巨人杀手＋斯特拉克的挑战护手＋冕卫,无,253,250,300,s6-b801-a0
3719,巨人杀手＋鬼索的狂暴之刃＋狂徒铠甲,无,253,250,300,s6-b898-a0
3719,巨人杀手＋纳什之牙＋圣盾使的誓约,无,253,250,300,s6-b981-a0
3719,巨人杀手＋离子火花＋狂徒铠甲,无,253,250,300,s6-b1087-a0
3719,巨人杀手＋适应性头盔＋棘刺背心,无,253,250,300,s6-b1150-a0
3719,海克斯科技枪刃＋朔极之矛＋鬼索的狂暴之刃,无,253,250,300,s6-b1264-a0
3719,海克斯科技枪刃＋夜之锋刃＋蓝霸符,无,253,250,300,s6-b1307-a0
3719,海克斯科技枪刃＋纳什之牙＋日炎斗篷,无,253,250,300,s6-b1548-a0
3719,海克斯科技枪刃＋纳什之牙＋水银,无,253,250,300,s6-b1552-a0
3719,海克斯科技枪刃＋最后的轻语＋巨龙之爪,无,253,250,300,s6-b1571-a0
3719,海克斯科技枪刃＋大天使之杖＋石像鬼石板甲,无,253,250,300,s6-b1607-a0
3719,海克斯科技枪刃＋棘刺背心＋坚定之心,无,253,250,300,s6-b1744-a0
3719,朔极之矛＋莫雷洛秘典＋圣盾使的誓约,无,253,250,300,s6-b2181-a0
3719,朔极之矛＋圣盾使的誓约＋强袭者的链枷,无,253,250,300,s6-b2235-a0
3719,朔极之矛＋适应性头盔＋薄暮法袍,无,253,250,300,s6-b2244-a0
3719,饮血剑＋无尽之刃＋大天使之杖,无,253,250,300,s6-b2878-a0
3719,无尽之刃＋离子火花＋适应性头盔,无,253,250,300,s6-b3968-a0
3719,红霸符＋红霸符＋振奋盔甲,无,253,250,300,s6-b4132-a0
3719,红霸符＋虚空之杖＋石像鬼石板甲,单身板甲,253,250,300,s6-b4186-a4
3719,红霸符＋最后的轻语＋振奋盔甲,无,253,250,300,s6-b4273-a0
3719,红霸符＋莫雷洛秘典＋圣盾使的誓约,无,253,250,300,s6-b4361-a0
3719,红霸符＋蓝霸符＋狂徒铠甲,无,253,250,300,s6-b4401-a0
3719,虚空之杖＋纳什之牙＋石像鬼石板甲,无,253,250,300,s6-b4931-a0
3719,虚空之杖＋适应性头盔＋薄暮法袍,无,253,250,300,s6-b5100-a0
3719,虚空之杖＋石像鬼石板甲＋日炎斗篷,无,253,250,300,s6-b5135-a0
3719,泰坦的坚决＋冕卫＋日炎斗篷,无,253,250,300,s6-b5310-a0
3719,泰坦的坚决＋正义之手＋薄暮法袍,无,253,250,300,s6-b5421-a0
3719,泰坦的坚决＋石像鬼石板甲＋日炎斗篷,无,253,250,300,s6-b5435-a0
3719,泰坦的坚决＋坚定之心＋坚定之心,无,253,250,300,s6-b5449-a0
3719,海妖之怒＋日炎斗篷＋狂徒铠甲,无,253,250,300,s6-b5723-a0
3719,海妖之怒＋薄暮法袍＋狂徒铠甲,无,253,250,300,s6-b5738-a0
3719,纳什之牙＋灭世者的死亡之帽＋圣盾使的誓约,无,253,250,300,s6-b5796-a0
3719,纳什之牙＋大天使之杖＋圣盾使的誓约,无,253,250,300,s6-b5815-a0
3719,纳什之牙＋冕卫＋冕卫,无,253,250,300,s6-b5828-a0
3719,最后的轻语＋莫雷洛秘典＋圣盾使的誓约,无,253,250,300,s6-b6097-a0
3719,最后的轻语＋振奋盔甲＋强袭者的链枷,无,253,250,300,s6-b6174-a0
3719,灭世者的死亡之帽＋离子火花＋适应性头盔,无,253,250,300,s6-b6292-a0
3719,灭世者的死亡之帽＋棘刺背心＋狂徒铠甲,无,253,250,300,s6-b6402-a0
3719,大天使之杖＋莫雷洛秘典＋圣盾使的誓约,无,253,250,300,s6-b6497-a0
3719,大天使之杖＋圣盾使的誓约＋强袭者的链枷,无,253,250,300,s6-b6551-a0
3719,大天使之杖＋适应性头盔＋薄暮法袍,无,253,250,300,s6-b6560-a0
3719,大天使之杖＋棘刺背心＋狂徒铠甲,无,253,250,300,s6-b6592-a0
3719,冕卫＋冕卫＋强袭者的链枷,无,253,250,300,s6-b6647-a0
3719,离子火花＋珠光护手＋适应性头盔,无,253,250,300,s6-b6837-a0
3719,珠光护手＋正义之手＋坚定之心,无,253,250,300,s6-b7159-a0
3719,珠光护手＋棘刺背心＋狂徒铠甲,无,253,250,300,s6-b7172-a0
3719,蓝霸符＋圣盾使的誓约＋强袭者的链枷,无,253,250,300,s6-b7236-a0
3719,圣盾使的誓约＋水银＋水银,无,253,250,300,s6-b7400-a0
3719,正义之手＋棘刺背心＋水银,无,253,250,300,s6-b7566-a0
3719,石像鬼石板甲＋薄暮法袍＋水银,无,253,250,300,s6-b7677-a0
3719,薄暮法袍＋狂徒铠甲＋强袭者的链枷,无,253,250,300,s6-b7758-a0
3773,死亡之刃＋海克斯科技枪刃＋正义之手,无,252,250,300,s6-b92-a0
3773,死亡之刃＋饮血剑＋无尽之刃,无,252,250,300,s6-b167-a0
3773,死亡之刃＋斯特拉克的挑战护手＋冕卫,无,252,250,300,s6-b206-a0
3773,死亡之刃＋红霸符＋振奋盔甲,无,252,250,300,s6-b268-a0
3773,巨人杀手＋海克斯科技枪刃＋巨龙之爪,无,252,250,300,s6-b692-a0
3773,巨人杀手＋适应性头盔＋适应性头盔,无,252,250,300,s6-b1147-a0
3773,巨人杀手＋薄暮法袍＋狂徒铠甲,无,252,250,300,s6-b1217-a0
3773,海克斯科技枪刃＋斯特拉克的挑战护手＋离子火花,无,252,250,300,s6-b1363-a0
3773,海克斯科技枪刃＋日炎斗篷＋坚定之心,无,252,250,300,s6-b1759-a0
3773,朔极之矛＋斯特拉克的挑战护手＋适应性头盔,无,252,250,300,s6-b1896-a0
3773,夜之锋刃＋夜之锋刃＋石像鬼石板甲,无,252,250,300,s6-b2337-a0
3773,夜之锋刃＋莫雷洛秘典＋适应性头盔,无,252,250,300,s6-b2678-a0
3773,夜之锋刃＋莫雷洛秘典＋石像鬼石板甲,无,252,250,300,s6-b2682-a0
3773,夜之锋刃＋莫雷洛秘典＋狂徒铠甲,无,252,250,300,s6-b2688-a0
3773,饮血剑＋无尽之刃＋无尽之刃,无,252,250,300,s6-b2869-a0
3773,斯特拉克的挑战护手＋无尽之刃＋冕卫,无,252,250,300,s6-b3314-a0
3773,斯特拉克的挑战护手＋纳什之牙＋棘刺背心,无,252,250,300,s6-b3470-a0
3773,斯特拉克的挑战护手＋纳什之牙＋日炎斗篷,无,252,250,300,s6-b3472-a0
3773,斯特拉克的挑战护手＋灭世者的死亡之帽＋冕卫,无,252,250,300,s6-b3502-a0
3773,斯特拉克的挑战护手＋冕卫＋珠光护手,无,252,250,300,s6-b3542-a0
3773,斯特拉克的挑战护手＋坚定之心＋强袭者的链枷,无,252,250,300,s6-b3694-a0
3773,无尽之刃＋红霸符＋振奋盔甲,无,252,250,300,s6-b3754-a0
3773,红霸符＋薄暮法袍＋狂徒铠甲,无,252,250,300,s6-b4486-a0
3773,鬼索的狂暴之刃＋鬼索的狂暴之刃＋狂徒铠甲,无,252,250,300,s6-b4518-a0
3773,鬼索的狂暴之刃＋泰坦的坚决＋巨龙之爪,无,252,250,300,s6-b4564-a0
3773,鬼索的狂暴之刃＋离子火花＋适应性头盔,无,252,250,300,s6-b4697-a0
3773,鬼索的狂暴之刃＋圣盾使的誓约＋强袭者的链枷,无,252,250,300,s6-b4766-a0
3773,虚空之杖＋纳什之牙＋冕卫,无,252,250,300,s6-b4921-a0
3773,虚空之杖＋纳什之牙＋圣盾使的誓约,无,252,250,300,s6-b4926-a0
3773,虚空之杖＋大天使之杖＋正义之手,无,252,250,300,s6-b4989-a0
3773,虚空之杖＋离子火花＋适应性头盔,无,252,250,300,s6-b5022-a0
3773,虚空之杖＋莫雷洛秘典＋正义之手,无,252,250,300,s6-b5040-a0
3773,虚空之杖＋适应性头盔＋日炎斗篷,无,252,250,300,s6-b5097-a0
3773,泰坦的坚决＋大天使之杖＋圣盾使的誓约,无,252,250,300,s6-b5286-a0
3773,泰坦的坚决＋冕卫＋冕卫,无,252,250,300,s6-b5299-a0
3773,海妖之怒＋冕卫＋蓝霸符,无,252,250,300,s6-b5579-a0
3773,海妖之怒＋正义之手＋水银,无,252,250,300,s6-b5698-a0
3773,纳什之牙＋最后的轻语＋冕卫,无,252,250,300,s6-b5771-a0
3773,纳什之牙＋大天使之杖＋冕卫,无,252,250,300,s6-b5810-a0
3773,纳什之牙＋冕卫＋蓝霸符,无,252,250,300,s6-b5832-a0
3773,最后的轻语＋离子火花＋适应性头盔,无,252,250,300,s6-b6082-a0
3773,灭世者的死亡之帽＋适应性头盔＋日炎斗篷,无,252,250,300,s6-b6367-a0
3773,大天使之杖＋离子火花＋适应性头盔,无,252,250,300,s6-b6482-a0
3773,大天使之杖＋圣盾使的誓约＋水银,无,252,250,300,s6-b6549-a0
3773,大天使之杖＋适应性头盔＋日炎斗篷,无,252,250,300,s6-b6557-a0
3773,冕卫＋蓝霸符＋强袭者的链枷,无,252,250,300,s6-b6709-a0
3773,离子火花＋离子火花＋棘刺背心,无,252,250,300,s6-b6809-a0
3773,离子火花＋蓝霸符＋棘刺背心,无,252,250,300,s6-b6854-a0
3773,离子火花＋棘刺背心＋日炎斗篷,无,252,250,300,s6-b6911-a0
3773,离子火花＋石像鬼石板甲＋水银,无,252,250,300,s6-b6923-a0
3773,珠光护手＋适应性头盔＋日炎斗篷,无,252,250,300,s6-b7137-a0
3773,蓝霸符＋棘刺背心＋薄暮法袍,无,252,250,300,s6-b7275-a0
3773,蓝霸符＋日炎斗篷＋日炎斗篷,无,252,250,300,s6-b7287-a0
3773,蓝霸符＋薄暮法袍＋薄暮法袍,无,252,250,300,s6-b7305-a0
3773,正义之手＋棘刺背心＋日炎斗篷,无,252,250,300,s6-b7562-a0
3828,死亡之刃＋死亡之刃＋饮血剑,无,251,250,300,s6-b5-a0
3828,死亡之刃＋斯特拉克的挑战护手＋狂徒铠甲,无,251,250,300,s6-b222-a0
3828,死亡之刃＋虚空之杖＋振奋盔甲,无,251,250,300,s6-b319-a0
3828,死亡之刃＋适应性头盔＋日炎斗篷,无,251,250,300,s6-b557-a0
3828,巨人杀手＋朔极之矛＋石像鬼石板甲,无,251,250,300,s6-b721-a0
3828,巨人杀手＋夜之锋刃＋圣盾使的誓约,无,251,250,300,s6-b747-a0
3828,巨人杀手＋大天使之杖＋振奋盔甲,无,251,250,300,s6-b1043-a0
3828,巨人杀手＋圣盾使的誓约＋薄暮法袍,无,251,250,300,s6-b1143-a0
3828,巨人杀手＋圣盾使的誓约＋水银,无,251,250,300,s6-b1144-a0
3828,巨人杀手＋正义之手＋坚定之心,无,251,250,300,s6-b1174-a0
3828,海克斯科技枪刃＋朔极之矛＋夜之锋刃,无,251,250,300,s6-b1259-a0
3828,海克斯科技枪刃＋夜之锋刃＋鬼索的狂暴之刃,无,251,250,300,s6-b1295-a0
3828,海克斯科技枪刃＋夜之锋刃＋坚定之心,无,251,250,300,s6-b1315-a0
3828,海克斯科技枪刃＋斯特拉克的挑战护手＋斯特拉克的挑战护手,无,251,250,300,s6-b1351-a0
3828,海克斯科技枪刃＋无尽之刃＋石像鬼石板甲,无,251,250,300,s6-b1400-a0
3828,海克斯科技枪刃＋鬼索的狂暴之刃＋泰坦的坚决,无,251,250,300,s6-b1437-a0
3828,海克斯科技枪刃＋鬼索的狂暴之刃＋日炎斗篷,无,251,250,300,s6-b1454-a0
3828,海克斯科技枪刃＋泰坦的坚决＋冕卫,无,251,250,300,s6-b1492-a0
3828,海克斯科技枪刃＋大天使之杖＋冕卫,无,251,250,300,s6-b1597-a0
3828,朔极之矛＋鬼索的狂暴之刃＋石像鬼石板甲,无,251,250,300,s6-b1981-a0
3828,朔极之矛＋纳什之牙＋适应性头盔,无,251,250,300,s6-b2071-a0
3828,朔极之矛＋圣盾使的誓约＋水银,无,251,250,300,s6-b2233-a0
3828,朔极之矛＋适应性头盔＋棘刺背心,无,251,250,300,s6-b2239-a0
3828,朔极之矛＋坚定之心＋强袭者的链枷,无,251,250,300,s6-b2298-a0
3828,夜之锋刃＋斯特拉克的挑战护手＋日炎斗篷,无,251,250,300,s6-b2397-a0
3828,夜之锋刃＋泰坦的坚决＋正义之手,无,251,250,300,s6-b2524-a0
3828,夜之锋刃＋海妖之怒＋巨龙之爪,无,251,250,300,s6-b2552-a0
3828,夜之锋刃＋最后的轻语＋圣盾使的誓约,无,251,250,300,s6-b2587-a0
3828,夜之锋刃＋离子火花＋正义之手,无,251,250,300,s6-b2664-a0
3828,夜之锋刃＋离子火花＋坚定之心,无,251,250,300,s6-b2668-a0
3828,夜之锋刃＋正义之手＋薄暮法袍,无,251,250,300,s6-b2761-a0
3828,饮血剑＋无尽之刃＋最后的轻语,无,251,250,300,s6-b2876-a0
3828,饮血剑＋红霸符＋灭世者的死亡之帽,无,251,250,300,s6-b2904-a0
3828,斯特拉克的挑战护手＋无尽之刃＋狂徒铠甲,无,251,250,300,s6-b3330-a0
3828,斯特拉克的挑战护手＋灭世者的死亡之帽＋正义之手,无,251,250,300,s6-b3510-a0
3828,斯特拉克的挑战护手＋莫雷洛秘典＋坚定之心,无,251,250,300,s6-b3584-a0
3828,斯特拉克的挑战护手＋珠光护手＋正义之手,无,251,250,300,s6-b3595-a0
3828,无尽之刃＋虚空之杖＋振奋盔甲,无,251,250,300,s6-b3805-a0
3828,无尽之刃＋适应性头盔＋日炎斗篷,无,251,250,300,s6-b4043-a0
3828,红霸符＋蓝霸符＋石像鬼石板甲,无,251,250,300,s6-b4395-a0
3828,红霸符＋适应性头盔＋棘刺背心,无,251,250,300,s6-b4419-a0
3828,红霸符＋适应性头盔＋日炎斗篷,无,251,250,300,s6-b4421-a0
3828,红霸符＋正义之手＋坚定之心,无,251,250,300,s6-b4443-a0
3828,鬼索的狂暴之刃＋蓝霸符＋适应性头盔,无,251,250,300,s6-b4742-a0
3828,虚空之杖＋灭世者的死亡之帽＋振奋盔甲,无,251,250,300,s6-b4969-a0
3828,虚空之杖＋珠光护手＋振奋盔甲,无,251,250,300,s6-b5054-a0
3828,虚空之杖＋蓝霸符＋石像鬼石板甲,无,251,250,300,s6-b5071-a0
3828,虚空之杖＋适应性头盔＋棘刺背心,无,251,250,300,s6-b5095-a0
3828,虚空之杖＋正义之手＋强袭者的链枷,无,251,250,300,s6-b5124-a0
3828,泰坦的坚决＋大天使之杖＋振奋盔甲,无,251,250,300,s6-b5288-a0
3828,海妖之怒＋圣盾使的誓约＋棘刺背心,无,251,250,300,s6-b5659-a0
3828,海妖之怒＋棘刺背心＋石像鬼石板甲,无,251,250,300,s6-b5702-a0
3828,纳什之牙＋蓝霸符＋坚定之心,无,251,250,300,s6-b5902-a0
3828,最后的轻语＋适应性头盔＋日炎斗篷,无,251,250,300,s6-b6157-a0
3828,大天使之杖＋蓝霸符＋石像鬼石板甲,无,251,250,300,s6-b6531-a0
3828,大天使之杖＋适应性头盔＋棘刺背心,无,251,250,300,s6-b6555-a0
3828,离子火花＋离子火花＋蓝霸符,无,251,250,300,s6-b6804-a0
3828,离子火花＋日炎斗篷＋日炎斗篷,无,251,250,300,s6-b6926-a0
3828,正义之手＋日炎斗篷＋日炎斗篷,无,251,250,300,s6-b7577-a0
3828,棘刺背心＋日炎斗篷＋薄暮法袍,无,251,250,300,s6-b7625-a0
3828,日炎斗篷＋狂徒铠甲＋强袭者的链枷,无,251,250,300,s6-b7712-a0
3889,死亡之刃＋海克斯科技枪刃＋石像鬼石板甲,无,250,250,300,s6-b94-a0
3889,死亡之刃＋朔极之矛＋狂徒铠甲,无,250,250,300,s6-b132-a0
3889,死亡之刃＋饮血剑＋大天使之杖,无,250,250,300,s6-b176-a0
3889,死亡之刃＋泰坦的坚决＋石像鬼石板甲,单身板甲,250,250,300,s6-b346-a4
3889,死亡之刃＋海妖之怒＋石像鬼石板甲,单身板甲,250,250,300,s6-b369-a4
3889,死亡之刃＋冕卫＋正义之手,无,250,250,300,s6-b467-a0
3889,巨人杀手＋朔极之矛＋冕卫,无,250,250,300,s6-b711-a0
3889,巨人杀手＋饮血剑＋最后的轻语,无,250,250,300,s6-b769-a0
3889,巨人杀手＋纳什之牙＋巨龙之爪,无,250,250,300,s6-b989-a0
3889,海克斯科技枪刃＋海克斯科技枪刃＋离子火花,无,250,250,300,s6-b1241-a0
3889,海克斯科技枪刃＋朔极之矛＋日炎斗篷,无,250,250,300,s6-b1283-a0
3889,海克斯科技枪刃＋斯特拉克的挑战护手＋日炎斗篷,无,250,250,300,s6-b1373-a0
3889,海克斯科技枪刃＋最后的轻语＋正义之手,无,250,250,300,s6-b1566-a0
3889,朔极之矛＋朔极之矛＋正义之手,无,250,250,300,s6-b1808-a0
3889,朔极之矛＋夜之锋刃＋适应性头盔,无,250,250,300,s6-b1837-a0
3889,朔极之矛＋无尽之刃＋狂徒铠甲,无,250,250,300,s6-b1934-a0
3889,朔极之矛＋红霸符＋狂徒铠甲,无,250,250,300,s6-b1961-a0
3889,朔极之矛＋虚空之杖＋狂徒铠甲,无,250,250,300,s6-b2012-a0
3889,朔极之矛＋最后的轻语＋冕卫,无,250,250,300,s6-b2086-a0
3889,朔极之矛＋最后的轻语＋狂徒铠甲,无,250,250,300,s6-b2102-a0
3889,朔极之矛＋灭世者的死亡之帽＋狂徒铠甲,无,250,250,300,s6-b2122-a0
3889,朔极之矛＋大天使之杖＋狂徒铠甲,无,250,250,300,s6-b2141-a0
3889,朔极之矛＋离子火花＋坚定之心,无,250,250,300,s6-b2172-a0
3889,朔极之矛＋珠光护手＋狂徒铠甲,无,250,250,300,s6-b2207-a0
3889,朔极之矛＋日炎斗篷＋坚定之心,无,250,250,300,s6-b2287-a0
3889,朔极之矛＋坚定之心＋薄暮法袍,无,250,250,300,s6-b2295-a0
3889,夜之锋刃＋适应性头盔＋水银,无,250,250,300,s6-b2741-a0
3889,夜之锋刃＋坚定之心＋薄暮法袍,无,250,250,300,s6-b2791-a0
3889,斯特拉克的挑战护手＋鬼索的狂暴之刃＋离子火花,无,250,250,300,s6-b3368-a0
3889,斯特拉克的挑战护手＋海妖之怒＋坚定之心,无,250,250,300,s6-b3451-a0
3889,斯特拉克的挑战护手＋纳什之牙＋薄暮法袍,无,250,250,300,s6-b3475-a0
3889,斯特拉克的挑战护手＋纳什之牙＋水银,无,250,250,300,s6-b3476-a0
3889,斯特拉克的挑战护手＋大天使之杖＋冕卫,无,250,250,300,s6-b3521-a0
3889,斯特拉克的挑战护手＋坚定之心＋水银,无,250,250,300,s6-b3692-a0
3889,无尽之刃＋泰坦的坚决＋石像鬼石板甲,单身板甲,250,250,300,s6-b3832-a4
3889,无尽之刃＋海妖之怒＋石像鬼石板甲,单身板甲,250,250,300,s6-b3855-a4
3889,红霸符＋日炎斗篷＋狂徒铠甲,无,250,250,300,s6-b4471-a0
3889,鬼索的狂暴之刃＋泰坦的坚决＋圣盾使的誓约,无,250,250,300,s6-b4556-a0
3889,鬼索的狂暴之刃＋海妖之怒＋圣盾使的誓约,无,250,250,300,s6-b4579-a0
3889,鬼索的狂暴之刃＋灭世者的死亡之帽＋狂徒铠甲,无,250,250,300,s6-b4653-a0
3889,鬼索的狂暴之刃＋珠光护手＋狂徒铠甲,无,250,250,300,s6-b4738-a0
3889,虚空之杖＋蓝霸符＋狂徒铠甲,无,250,250,300,s6-b5077-a0
3889,泰坦的坚决＋泰坦的坚决＋正义之手,无,250,250,300,s6-b5184-a0
3889,泰坦的坚决＋灭世者的死亡之帽＋石像鬼石板甲,单身板甲,250,250,300,s6-b5272-a4
3889,泰坦的坚决＋离子火花＋石像鬼石板甲,无,250,250,300,s6-b5326-a0
3889,泰坦的坚决＋珠光护手＋石像鬼石板甲,单身板甲,250,250,300,s6-b5357-a4
3889,泰坦的坚决＋石像鬼石板甲＋薄暮法袍,无,250,250,300,s6-b5438-a0
3889,海妖之怒＋灭世者的死亡之帽＋石像鬼石板甲,单身板甲,250,250,300,s6-b5548-a4
3889,海妖之怒＋珠光护手＋石像鬼石板甲,单身板甲,250,250,300,s6-b5633-a4
3889,纳什之牙＋珠光护手＋狂徒铠甲,无,250,250,300,s6-b5892-a0
3889,最后的轻语＋冕卫＋蓝霸符,无,250,250,300,s6-b6063-a0
3889,最后的轻语＋适应性头盔＋薄暮法袍,无,250,250,300,s6-b6160-a0
3889,灭世者的死亡之帽＋离子火花＋狂徒铠甲,无,250,250,300,s6-b6302-a0
3889,灭世者的死亡之帽＋正义之手＋坚定之心,无,250,250,300,s6-b6389-a0
3889,灭世者的死亡之帽＋日炎斗篷＋狂徒铠甲,无,250,250,300,s6-b6417-a0
3889,灭世者的死亡之帽＋薄暮法袍＋狂徒铠甲,无,250,250,300,s6-b6432-a0
3889,大天使之杖＋大天使之杖＋振奋盔甲,无,250,250,300,s6-b6448-a0
3889,大天使之杖＋冕卫＋蓝霸符,无,250,250,300,s6-b6463-a0
3889,大天使之杖＋离子火花＋狂徒铠甲,无,250,250,300,s6-b6492-a0
3889,大天使之杖＋正义之手＋坚定之心,无,250,250,300,s6-b6579-a0
3889,大天使之杖＋日炎斗篷＋狂徒铠甲,无,250,250,300,s6-b6607-a0
3889,大天使之杖＋薄暮法袍＋狂徒铠甲,无,250,250,300,s6-b6622-a0
3889,冕卫＋蓝霸符＋蓝霸符,无,250,250,300,s6-b6696-a0
3889,冕卫＋水银＋水银,无,250,250,300,s6-b6795-a0
3889,离子火花＋珠光护手＋狂徒铠甲,无,250,250,300,s6-b6847-a0
3889,离子火花＋蓝霸符＋薄暮法袍,无,250,250,300,s6-b6859-a0
3889,莫雷洛秘典＋正义之手＋坚定之心,无,250,250,300,s6-b7039-a0
3889,莫雷洛秘典＋巨龙之爪＋水银,无,250,250,300,s6-b7077-a0
3889,珠光护手＋正义之手＋水银,无,250,250,300,s6-b7162-a0
3889,珠光护手＋日炎斗篷＋狂徒铠甲,无,250,250,300,s6-b7187-a0
3889,珠光护手＋薄暮法袍＋狂徒铠甲,无,250,250,300,s6-b7202-a0
3960,死亡之刃＋饮血剑＋最后的轻语,无,249,200,250,s6-b174-a0
3960,死亡之刃＋虚空之杖＋石像鬼石板甲,单身板甲,249,200,250,s6-b322-a4
3960,死亡之刃＋离子火花＋狂徒铠甲,无,249,200,250,s6-b492-a0
3960,死亡之刃＋圣盾使的誓约＋日炎斗篷,无,249,200,250,s6-b545-a0
3960,死亡之刃＋石像鬼石板甲＋日炎斗篷,无,249,200,250,s6-b595-a0
3960,巨人杀手＋最后的轻语＋石像鬼石板甲,单身板甲,249,200,250,s6-b1007-a4
3960,巨人杀手＋大天使之杖＋石像鬼石板甲,单身板甲,249,200,250,s6-b1046-a4
3960,巨人杀手＋莫雷洛秘典＋圣盾使的誓约,无,249,200,250,s6-b1092-a0
3960,巨人杀手＋适应性头盔＋薄暮法袍,无,249,200,250,s6-b1155-a0
3960,巨人杀手＋日炎斗篷＋狂徒铠甲,无,249,200,250,s6-b1202-a0
3960,海克斯科技枪刃＋鬼索的狂暴之刃＋强袭者的链枷,无,249,200,250,s6-b1460-a0
3960,海克斯科技枪刃＋蓝霸符＋强袭者的链枷,无,249,200,250,s6-b1694-a0
3960,朔极之矛＋斯特拉克的挑战护手＋鬼索的狂暴之刃,无,249,200,250,s6-b1882-a0
3960,朔极之矛＋斯特拉克的挑战护手＋泰坦的坚决,无,249,200,250,s6-b1884-a0
3960,朔极之矛＋适应性头盔＋水银,无,249,200,250,s6-b2245-a0
3960,夜之锋刃＋鬼索的狂暴之刃＋石像鬼石板甲,无,249,200,250,s6-b2477-a0
3960,夜之锋刃＋日炎斗篷＋坚定之心,无,249,200,250,s6-b2783-a0
3960,夜之锋刃＋狂徒铠甲＋强袭者的链枷,无,249,200,250,s6-b2808-a0
3960,饮血剑＋红霸符＋珠光护手,无,249,200,250,s6-b2909-a0
3960,斯特拉克的挑战护手＋红霸符＋冕卫,无,249,200,250,s6-b3341-a0
3960,斯特拉克的挑战护手＋最后的轻语＋冕卫,无,249,200,250,s6-b3482-a0
3960,斯特拉克的挑战护手＋最后的轻语＋正义之手,无,249,200,250,s6-b3490-a0
3960,无尽之刃＋虚空之杖＋石像鬼石板甲,单身板甲,249,200,250,s6-b3808-a4
3960,无尽之刃＋离子火花＋狂徒铠甲,无,249,200,250,s6-b3978-a0
3960,无尽之刃＋圣盾使的誓约＋日炎斗篷,无,249,200,250,s6-b4031-a0
3960,无尽之刃＋石像鬼石板甲＋日炎斗篷,无,249,200,250,s6-b4081-a0
3960,红霸符＋红霸符＋石像鬼石板甲,单身板甲,249,200,250,s6-b4135-a4
3960,红霸符＋适应性头盔＋薄暮法袍,无,249,200,250,s6-b4424-a0
3960,红霸符＋水银＋狂徒铠甲,无,249,200,250,s6-b4489-a0
3960,鬼索的狂暴之刃＋冕卫＋蓝霸符,无,249,200,250,s6-b4678-a0
3960,鬼索的狂暴之刃＋莫雷洛秘典＋石像鬼石板甲,无,249,200,250,s6-b4717-a0
3960,虚空之杖＋泰坦的坚决＋正义之手,无,249,200,250,s6-b4884-a0
3960,虚空之杖＋灭世者的死亡之帽＋石像鬼石板甲,单身板甲,249,200,250,s6-b4972-a4
3960,虚空之杖＋珠光护手＋石像鬼石板甲,单身板甲,249,200,250,s6-b5057-a4
3960,虚空之杖＋圣盾使的誓约＋强袭者的链枷,无,249,200,250,s6-b5091-a0
3960,虚空之杖＋棘刺背心＋狂徒铠甲,无,249,200,250,s6-b5132-a0
3960,泰坦的坚决＋海妖之怒＋振奋盔甲,无,249,200,250,s6-b5206-a0
3960,海妖之怒＋石像鬼石板甲＋薄暮法袍,无,249,200,250,s6-b5714-a0
3960,最后的轻语＋正义之手＋坚定之心,无,249,200,250,s6-b6179-a0
3960,最后的轻语＋棘刺背心＋石像鬼石板甲,无,249,200,250,s6-b6186-a0
3960,最后的轻语＋石像鬼石板甲＋薄暮法袍,无,249,200,250,s6-b6198-a0
3960,灭世者的死亡之帽＋圣盾使的誓约＋日炎斗篷,无,249,200,250,s6-b6355-a0
3960,灭世者的死亡之帽＋石像鬼石板甲＋日炎斗篷,无,249,200,250,s6-b6405-a0
3960,大天使之杖＋石像鬼石板甲＋日炎斗篷,无,249,200,250,s6-b6595-a0
3960,冕卫＋棘刺背心＋水银,无,249,200,250,s6-b6762-a0
3960,冕卫＋日炎斗篷＋水银,无,249,200,250,s6-b6777-a0
3960,莫雷洛秘典＋巨龙之爪＋强袭者的链枷,无,249,200,250,s6-b7079-a0
3960,珠光护手＋圣盾使的誓约＋日炎斗篷,无,249,200,250,s6-b7125-a0
3960,珠光护手＋石像鬼石板甲＋日炎斗篷,无,249,200,250,s6-b7175-a0
3960,日炎斗篷＋日炎斗篷＋薄暮法袍,无,249,200,250,s6-b7689-a0
4010,死亡之刃＋夜之锋刃＋振奋盔甲,无,248,200,250,s6-b154-a0
4010,死亡之刃＋饮血剑＋红霸符,无,248,200,250,s6-b168-a0
4010,死亡之刃＋棘刺背心＋狂徒铠甲,无,248,200,250,s6-b592-a0
4010,巨人杀手＋海克斯科技枪刃＋狂徒铠甲,无,248,200,250,s6-b695-a0
4010,巨人杀手＋圣盾使的誓约＋强袭者的链枷,无,248,200,250,s6-b1146-a0
4010,海克斯科技枪刃＋夜之锋刃＋冕卫,无,248,200,250,s6-b1303-a0
4010,海克斯科技枪刃＋鬼索的狂暴之刃＋纳什之牙,无,248,200,250,s6-b1439-a0
4010,夜之锋刃＋斯特拉克的挑战护手＋鬼索的狂暴之刃,无,248,200,250,s6-b2378-a0
4010,夜之锋刃＋斯特拉克的挑战护手＋离子火花,无,248,200,250,s6-b2387-a0
4010,夜之锋刃＋无尽之刃＋振奋盔甲,无,248,200,250,s6-b2421-a0
4010,夜之锋刃＋灭世者的死亡之帽＋振奋盔甲,无,248,200,250,s6-b2609-a0
4010,夜之锋刃＋珠光护手＋振奋盔甲,无,248,200,250,s6-b2694-a0
4010,夜之锋刃＋正义之手＋棘刺背心,无,248,200,250,s6-b2756-a0
4010,夜之锋刃＋石像鬼石板甲＋强袭者的链枷,无,248,200,250,s6-b2781-a0
4010,饮血剑＋无尽之刃＋红霸符,无,248,200,250,s6-b2870-a0
4010,斯特拉克的挑战护手＋斯特拉克的挑战护手＋日炎斗篷,无,248,200,250,s6-b3297-a0
4010,斯特拉克的挑战护手＋泰坦的坚决＋坚定之心,无,248,200,250,s6-b3428-a0
4010,无尽之刃＋正义之手＋坚定之心,无,248,200,250,s6-b4065-a0
4010,无尽之刃＋棘刺背心＋狂徒铠甲,无,248,200,250,s6-b4078-a0
4010,红霸符＋纳什之牙＋圣盾使的誓约,无,248,200,250,s6-b4250-a0
4010,红霸符＋棘刺背心＋狂徒铠甲,无,248,200,250,s6-b4456-a0
4010,鬼索的狂暴之刃＋莫雷洛秘典＋圣盾使的誓约,无,248,200,250,s6-b4712-a0
4010,虚空之杖＋莫雷洛秘典＋圣盾使的誓约,无,248,200,250,s6-b5037-a0
4010,虚空之杖＋水银＋狂徒铠甲,无,248,200,250,s6-b5165-a0
4010,泰坦的坚决＋棘刺背心＋石像鬼石板甲,无,248,200,250,s6-b5426-a0
4010,海妖之怒＋离子火花＋石像鬼石板甲,无,248,200,250,s6-b5602-a0
4010,纳什之牙＋纳什之牙＋日炎斗篷,无,248,200,250,s6-b5761-a0
4010,纳什之牙＋最后的轻语＋圣盾使的誓约,无,248,200,250,s6-b5776-a0
4010,纳什之牙＋莫雷洛秘典＋石像鬼石板甲,无,248,200,250,s6-b5871-a0
4010,最后的轻语＋棘刺背心＋狂徒铠甲,无,248,200,250,s6-b6192-a0
4010,冕卫＋冕卫＋莫雷洛秘典,无,248,200,250,s6-b6632-a0
4010,离子火花＋正义之手＋强袭者的链枷,无,248,200,250,s6-b6908-a0
4010,离子火花＋棘刺背心＋薄暮法袍,无,248,200,250,s6-b6914-a0
4010,离子火花＋日炎斗篷＋薄暮法袍,无,248,200,250,s6-b6929-a0
4010,正义之手＋薄暮法袍＋薄暮法袍,无,248,200,250,s6-b7595-a0
4045,死亡之刃＋离子火花＋圣盾使的誓约,无,247,200,250,s6-b481-a0
4045,死亡之刃＋莫雷洛秘典＋振奋盔甲,无,247,200,250,s6-b499-a0
4045,死亡之刃＋圣盾使的誓约＋薄暮法袍,无,247,200,250,s6-b548-a0
4045,巨人杀手＋夜之锋刃＋巨龙之爪,无,247,200,250,s6-b755-a0
4045,巨人杀手＋离子火花＋适应性头盔,无,247,200,250,s6-b1077-a0
4045,巨人杀手＋圣盾使的誓约＋棘刺背心,无,247,200,250,s6-b1138-a0
4045,海克斯科技枪刃＋红霸符＋冕卫,无,247,200,250,s6-b1417-a0
4045,海克斯科技枪刃＋红霸符＋石像鬼石板甲,无,247,200,250,s6-b1427-a0
4045,海克斯科技枪刃＋虚空之杖＋石像鬼石板甲,无,247,200,250,s6-b1478-a0
4045,海克斯科技枪刃＋灭世者的死亡之帽＋蓝霸符,无,247,200,250,s6-b1582-a0
4045,海克斯科技枪刃＋蓝霸符＋蓝霸符,无,247,200,250,s6-b1681-a0
4045,朔极之矛＋泰坦的坚决＋圣盾使的誓约,无,247,200,250,s6-b2025-a0
4045,朔极之矛＋泰坦的坚决＋坚定之心,无,247,200,250,s6-b2032-a0
4045,朔极之矛＋海妖之怒＋圣盾使的誓约,无,247,200,250,s6-b2048-a0
4045,朔极之矛＋离子火花＋适应性头盔,无,247,200,250,s6-b2166-a0
4045,夜之锋刃＋斯特拉克的挑战护手＋棘刺背心,无,247,200,250,s6-b2395-a0
4045,夜之锋刃＋斯特拉克的挑战护手＋薄暮法袍,无,247,200,250,s6-b2400-a0
4045,夜之锋刃＋红霸符＋巨龙之爪,无,247,200,250,s6-b2454-a0
4045,夜之锋刃＋虚空之杖＋巨龙之爪,无,247,200,250,s6-b2505-a0
4045,夜之锋刃＋泰坦的坚决＋圣盾使的誓约,无,247,200,250,s6-b2521-a0
4045,夜之锋刃＋海妖之怒＋狂徒铠甲,无,247,200,250,s6-b2555-a0
4045,夜之锋刃＋大天使之杖＋巨龙之爪,无,247,200,250,s6-b2634-a0
4045,饮血剑＋最后的轻语＋最后的轻语,无,247,200,250,s6-b3044-a0
4045,斯特拉克的挑战护手＋斯特拉克的挑战护手＋薄暮法袍,无,247,200,250,s6-b3300-a0
4045,斯特拉克的挑战护手＋莫雷洛秘典＋蓝霸符,无,247,200,250,s6-b3576-a0
4045,无尽之刃＋离子火花＋圣盾使的誓约,无,247,200,250,s6-b3967-a0
4045,无尽之刃＋莫雷洛秘典＋振奋盔甲,无,247,200,250,s6-b3985-a0
4045,无尽之刃＋圣盾使的誓约＋薄暮法袍,无,247,200,250,s6-b4034-a0
4045,红霸符＋泰坦的坚决＋圣盾使的誓约,无,247,200,250,s6-b4205-a0
4045,红霸符＋离子火花＋适应性头盔,无,247,200,250,s6-b4346-a0
4045,红霸符＋离子火花＋狂徒铠甲,无,247,200,250,s6-b4356-a0
4045,红霸符＋圣盾使的誓约＋强袭者的链枷,无,247,200,250,s6-b4415-a0
4045,鬼索的狂暴之刃＋纳什之牙＋坚定之心,无,247,200,250,s6-b4608-a0
4045,鬼索的狂暴之刃＋圣盾使的誓约＋水银,无,247,200,250,s6-b4764-a0
4045,虚空之杖＋泰坦的坚决＋圣盾使的誓约,无,247,200,250,s6-b4881-a0
4045,虚空之杖＋海妖之怒＋圣盾使的誓约,无,247,200,250,s6-b4904-a0
4045,泰坦的坚决＋蓝霸符＋圣盾使的誓约,无,247,200,250,s6-b5366-a0
4045,泰坦的坚决＋正义之手＋日炎斗篷,无,247,200,250,s6-b5418-a0
4045,海妖之怒＋最后的轻语＋振奋盔甲,无,247,200,250,s6-b5525-a0
4045,海妖之怒＋大天使之杖＋圣盾使的誓约,无,247,200,250,s6-b5562-a0
4045,海妖之怒＋蓝霸符＋圣盾使的誓约,无,247,200,250,s6-b5642-a0
4045,最后的轻语＋石像鬼石板甲＋日炎斗篷,无,247,200,250,s6-b6195-a0
4045,最后的轻语＋坚定之心＋坚定之心,无,247,200,250,s6-b6209-a0
4045,灭世者的死亡之帽＋离子火花＋圣盾使的誓约,无,247,200,250,s6-b6291-a0
4045,灭世者的死亡之帽＋莫雷洛秘典＋振奋盔甲,无,247,200,250,s6-b6309-a0
4045,灭世者的死亡之帽＋圣盾使的誓约＋薄暮法袍,无,247,200,250,s6-b6358-a0
4045,灭世者的死亡之帽＋圣盾使的誓约＋水银,无,247,200,250,s6-b6359-a0
4045,冕卫＋薄暮法袍＋水银,无,247,200,250,s6-b6792-a0
4045,离子火花＋离子火花＋日炎斗篷,无,247,200,250,s6-b6811-a0
4045,离子火花＋珠光护手＋圣盾使的誓约,无,247,200,250,s6-b6836-a0
4045,离子火花＋棘刺背心＋棘刺背心,无,247,200,250,s6-b6909-a0
4045,莫雷洛秘典＋珠光护手＋振奋盔甲,无,247,200,250,s6-b6974-a0
4045,珠光护手＋圣盾使的誓约＋薄暮法袍,无,247,200,250,s6-b7128-a0
4045,珠光护手＋圣盾使的誓约＋水银,无,247,200,250,s6-b7129-a0
4045,正义之手＋棘刺背心＋棘刺背心,无,247,200,250,s6-b7560-a0
4045,棘刺背心＋薄暮法袍＋薄暮法袍,无,247,200,250,s6-b7640-a0
4045,日炎斗篷＋薄暮法袍＋薄暮法袍,无,247,200,250,s6-b7704-a0
4102,朔极之矛＋最后的轻语＋石像鬼石板甲,无,246,200,250,s6-b2096-a0
4102,夜之锋刃＋正义之手＋强袭者的链枷,无,246,200,250,s6-b2764-a0
4102,夜之锋刃＋棘刺背心＋坚定之心,无,246,200,250,s6-b2768-a0
4102,斯特拉克的挑战护手＋鬼索的狂暴之刃＋棘刺背心,无,246,200,250,s6-b3376-a0
4102,红霸符＋鬼索的狂暴之刃＋狂徒铠甲,无,246,200,250,s6-b4167-a0
4102,红霸符＋大天使之杖＋圣盾使的誓约,无,246,200,250,s6-b4310-a0
4102,红霸符＋棘刺背心＋石像鬼石板甲,无,246,200,250,s6-b4450-a0
4102,鬼索的狂暴之刃＋最后的轻语＋狂徒铠甲,无,246,200,250,s6-b4633-a0
4102,虚空之杖＋离子火花＋狂徒铠甲,无,246,200,250,s6-b5032-a0
4102,虚空之杖＋薄暮法袍＋狂徒铠甲,无,246,200,250,s6-b5162-a0
4102,泰坦的坚决＋正义之手＋棘刺背心,无,246,200,250,s6-b5416-a0
4102,泰坦的坚决＋正义之手＋强袭者的链枷,无,246,200,250,s6-b5424-a0
4102,纳什之牙＋冕卫＋强袭者的链枷,无,246,200,250,s6-b5845-a0
4102,纳什之牙＋棘刺背心＋水银,无,246,200,250,s6-b5960-a0
4102,最后的轻语＋离子火花＋石像鬼石板甲,无,246,200,250,s6-b6086-a0
4102,最后的轻语＋离子火花＋狂徒铠甲,无,246,200,250,s6-b6092-a0
4102,最后的轻语＋蓝霸符＋圣盾使的誓约,无,246,200,250,s6-b6126-a0
4102,最后的轻语＋圣盾使的誓约＋水银,无,246,200,250,s6-b6149-a0
4102,最后的轻语＋正义之手＋水银,无,246,200,250,s6-b6182-a0
4102,大天使之杖＋棘刺背心＋石像鬼石板甲,无,246,200,250,s6-b6586-a0
4102,冕卫＋冕卫＋水银,无,246,200,250,s6-b6645-a0
4102,冕卫＋离子火花＋水银,无,246,200,250,s6-b6662-a0
4102,莫雷洛秘典＋蓝霸符＋适应性头盔,无,246,200,250,s6-b6987-a0
4102,蓝霸符＋棘刺背心＋棘刺背心,无,246,200,250,s6-b7270-a0
4102,蓝霸符＋棘刺背心＋日炎斗篷,无,246,200,250,s6-b7272-a0
4102,巨龙之爪＋强袭者的链枷＋强袭者的链枷,无,246,200,250,s6-b7749-a0
4128,死亡之刃＋死亡之刃＋石像鬼石板甲,单身板甲,245,200,250,s6-b27-a4
4128,死亡之刃＋无尽之刃＋石像鬼石板甲,单身板甲,245,200,250,s6-b244-a4
4128,死亡之刃＋灭世者的死亡之帽＋石像鬼石板甲,单身板甲,245,200,250,s6-b432-a4
4128,死亡之刃＋大天使之杖＋石像鬼石板甲,单身板甲,245,200,250,s6-b451-a4
4128,死亡之刃＋离子火花＋石像鬼石板甲,无,245,200,250,s6-b486-a0
4128,死亡之刃＋珠光护手＋石像鬼石板甲,单身板甲,245,200,250,s6-b517-a4
4128,死亡之刃＋石像鬼石板甲＋薄暮法袍,无,245,200,250,s6-b598-a0
4128,巨人杀手＋巨人杀手＋石像鬼石板甲,单身板甲,245,200,250,s6-b656-a4
4128,巨人杀手＋红霸符＋石像鬼石板甲,单身板甲,245,200,250,s6-b866-a4
4128,巨人杀手＋正义之手＋水银,无,245,200,250,s6-b1177-a0
4128,巨人杀手＋石像鬼石板甲＋日炎斗篷,无,245,200,250,s6-b1190-a0
4128,海克斯科技枪刃＋海克斯科技枪刃＋泰坦的坚决,无,245,200,250,s6-b1234-a0
4128,海克斯科技枪刃＋鬼索的狂暴之刃＋海妖之怒,无,245,200,250,s6-b1438-a0
4128,海克斯科技枪刃＋鬼索的狂暴之刃＋水银,无,245,200,250,s6-b1458-a0
4128,海克斯科技枪刃＋海妖之怒＋冕卫,无,245,200,250,s6-b1515-a0
4128,海克斯科技枪刃＋最后的轻语＋石像鬼石板甲,无,245,200,250,s6-b1568-a0
4128,海克斯科技枪刃＋蓝霸符＋水银,无,245,200,250,s6-b1692-a0
4128,海克斯科技枪刃＋坚定之心＋水银,无,245,200,250,s6-b1768-a0
4128,朔极之矛＋斯特拉克的挑战护手＋水银,无,245,200,250,s6-b1905-a0
4128,朔极之矛＋冕卫＋蓝霸符,无,245,200,250,s6-b2147-a0
4128,夜之锋刃＋斯特拉克的挑战护手＋斯特拉克的挑战护手,无,245,200,250,s6-b2375-a0
4128,夜之锋刃＋泰坦的坚决＋狂徒铠甲,无,245,200,250,s6-b2532-a0
4128,夜之锋刃＋蓝霸符＋适应性头盔,无,245,200,250,s6-b2707-a0
4128,夜之锋刃＋蓝霸符＋薄暮法袍,无,245,200,250,s6-b2715-a0
4128,夜之锋刃＋适应性头盔＋强袭者的链枷,无,245,200,250,s6-b2743-a0
4128,夜之锋刃＋石像鬼石板甲＋水银,无,245,200,250,s6-b2779-a0
4128,斯特拉克的挑战护手＋斯特拉克的挑战护手＋纳什之牙,无,245,200,250,s6-b3282-a0
4128,无尽之刃＋无尽之刃＋石像鬼石板甲,单身板甲,245,200,250,s6-b3730-a4
4128,无尽之刃＋灭世者的死亡之帽＋石像鬼石板甲,单身板甲,245,200,250,s6-b3918-a4
4128,无尽之刃＋大天使之杖＋石像鬼石板甲,单身板甲,245,200,250,s6-b3937-a4
4128,无尽之刃＋离子火花＋石像鬼石板甲,无,245,200,250,s6-b3972-a0
4128,无尽之刃＋珠光护手＋石像鬼石板甲,单身板甲,245,200,250,s6-b4003-a4
4128,无尽之刃＋石像鬼石板甲＋薄暮法袍,无,245,200,250,s6-b4084-a0
4128,红霸符＋虚空之杖＋正义之手,无,245,200,250,s6-b4184-a0
4128,红霸符＋大天使之杖＋石像鬼石板甲,单身板甲,245,200,250,s6-b4315-a4
4128,红霸符＋离子火花＋石像鬼石板甲,无,245,200,250,s6-b4350-a0
4128,红霸符＋石像鬼石板甲＋日炎斗篷,无,245,200,250,s6-b4459-a0
4128,红霸符＋石像鬼石板甲＋薄暮法袍,无,245,200,250,s6-b4462-a0
4128,鬼索的狂暴之刃＋鬼索的狂暴之刃＋冕卫,无,245,200,250,s6-b4502-a0
4128,虚空之杖＋坚定之心＋坚定之心,无,245,200,250,s6-b5149-a0
4128,海妖之怒＋蓝霸符＋坚定之心,无,245,200,250,s6-b5649-a0
4128,灭世者的死亡之帽＋灭世者的死亡之帽＋石像鬼石板甲,单身板甲,245,200,250,s6-b6242-a4
4128,灭世者的死亡之帽＋大天使之杖＋石像鬼石板甲,单身板甲,245,200,250,s6-b6261-a4
4128,灭世者的死亡之帽＋离子火花＋石像鬼石板甲,无,245,200,250,s6-b6296-a0
4128,灭世者的死亡之帽＋珠光护手＋石像鬼石板甲,单身板甲,245,200,250,s6-b6327-a4
4128,灭世者的死亡之帽＋石像鬼石板甲＋薄暮法袍,无,245,200,250,s6-b6408-a0
4128,灭世者的死亡之帽＋坚定之心＋坚定之心,无,245,200,250,s6-b6419-a0
4128,大天使之杖＋大天使之杖＋石像鬼石板甲,单身板甲,245,200,250,s6-b6451-a4
4128,大天使之杖＋离子火花＋石像鬼石板甲,无,245,200,250,s6-b6486-a0
4128,大天使之杖＋珠光护手＋石像鬼石板甲,单身板甲,245,200,250,s6-b6517-a4
4128,大天使之杖＋石像鬼石板甲＋薄暮法袍,无,245,200,250,s6-b6598-a0
4128,大天使之杖＋坚定之心＋坚定之心,无,245,200,250,s6-b6609-a0
4128,离子火花＋珠光护手＋石像鬼石板甲,无,245,200,250,s6-b6841-a0
4128,珠光护手＋珠光护手＋石像鬼石板甲,单身板甲,245,200,250,s6-b7097-a4
4128,珠光护手＋石像鬼石板甲＋薄暮法袍,无,245,200,250,s6-b7178-a0
4128,珠光护手＋坚定之心＋坚定之心,无,245,200,250,s6-b7189-a0
4184,死亡之刃＋冕卫＋冕卫,无,244,200,250,s6-b459-a0
4184,死亡之刃＋圣盾使的誓约＋水银,无,244,200,250,s6-b549-a0
4184,死亡之刃＋正义之手＋坚定之心,无,244,200,250,s6-b579-a0
4184,死亡之刃＋坚定之心＋坚定之心,无,244,200,250,s6-b609-a0
4184,死亡之刃＋薄暮法袍＋狂徒铠甲,无,244,200,250,s6-b622-a0
4184,海克斯科技枪刃＋虚空之杖＋蓝霸符,无,244,200,250,s6-b1472-a0
4184,海克斯科技枪刃＋最后的轻语＋狂徒铠甲,无,244,200,250,s6-b1574-a0
4184,海克斯科技枪刃＋离子火花＋棘刺背心,无,244,200,250,s6-b1641-a0
4184,海克斯科技枪刃＋珠光护手＋蓝霸符,无,244,200,250,s6-b1667-a0
4184,朔极之矛＋海妖之怒＋坚定之心,无,244,200,250,s6-b2055-a0
4184,朔极之矛＋棘刺背心＋坚定之心,无,244,200,250,s6-b2272-a0
4184,夜之锋刃＋泰坦的坚决＋适应性头盔,无,244,200,250,s6-b2522-a0
4184,夜之锋刃＋海妖之怒＋适应性头盔,无,244,200,250,s6-b2545-a0
4184,夜之锋刃＋离子火花＋蓝霸符,无,244,200,250,s6-b2660-a0
4184,夜之锋刃＋正义之手＋日炎斗篷,无,244,200,250,s6-b2758-a0
4184,斯特拉克的挑战护手＋无尽之刃＋正义之手,无,244,200,250,s6-b3322-a0
4184,斯特拉克的挑战护手＋泰坦的坚决＋蓝霸符,无,244,200,250,s6-b3420-a0
4184,斯特拉克的挑战护手＋蓝霸符＋强袭者的链枷,无,244,200,250,s6-b3618-a0
4184,无尽之刃＋冕卫＋冕卫,无,244,200,250,s6-b3945-a0
4184,无尽之刃＋圣盾使的誓约＋水银,无,244,200,250,s6-b4035-a0
4184,无尽之刃＋坚定之心＋坚定之心,无,244,200,250,s6-b4095-a0
4184,无尽之刃＋薄暮法袍＋狂徒铠甲,无,244,200,250,s6-b4108-a0
4184,红霸符＋海妖之怒＋圣盾使的誓约,无,244,200,250,s6-b4228-a0
4184,红霸符＋圣盾使的誓约＋水银,无,244,200,250,s6-b4413-a0
4184,红霸符＋坚定之心＋坚定之心,无,244,200,250,s6-b4473-a0
4184,虚空之杖＋大天使之杖＋石像鬼石板甲,单身板甲,244,200,250,s6-b4991-a4
4184,虚空之杖＋圣盾使的誓约＋水银,无,244,200,250,s6-b5089-a0
4184,泰坦的坚决＋最后的轻语＋振奋盔甲,无,244,200,250,s6-b5249-a0
4184,泰坦的坚决＋蓝霸符＋坚定之心,无,244,200,250,s6-b5373-a0
4184,海妖之怒＋圣盾使的誓约＋强袭者的链枷,无,244,200,250,s6-b5667-a0
4184,最后的轻语＋薄暮法袍＋狂徒铠甲,无,244,200,250,s6-b6222-a0
4184,灭世者的死亡之帽＋冕卫＋冕卫,无,244,200,250,s6-b6269-a0
4184,冕卫＋冕卫＋珠光护手,无,244,200,250,s6-b6633-a0
4184,蓝霸符＋适应性头盔＋水银,无,244,200,250,s6-b7246-a0
4184,蓝霸符＋坚定之心＋水银,无,244,200,250,s6-b7297-a0
4184,蓝霸符＋坚定之心＋强袭者的链枷,无,244,200,250,s6-b7299-a0
4184,棘刺背心＋棘刺背心＋薄暮法袍,无,244,200,250,s6-b7610-a0
4184,棘刺背心＋日炎斗篷＋日炎斗篷,无,244,200,250,s6-b7622-a0
4222,死亡之刃＋夜之锋刃＋巨龙之爪,无,243,200,250,s6-b160-a0
4222,死亡之刃＋冕卫＋蓝霸符,无,243,200,250,s6-b463-a0
4222,死亡之刃＋适应性头盔＋适应性头盔,无,243,200,250,s6-b552-a0
4222,巨人杀手＋冕卫＋蓝霸符,无,243,200,250,s6-b1058-a0
4222,巨人杀手＋振奋盔甲＋强袭者的链枷,无,243,200,250,s6-b1169-a0
4222,海克斯科技枪刃＋鬼索的狂暴之刃＋蓝霸符,无,243,200,250,s6-b1447-a0
4222,海克斯科技枪刃＋泰坦的坚决＋坚定之心,无,243,200,250,s6-b1504-a0
4222,海克斯科技枪刃＋纳什之牙＋蓝霸符,无,243,200,250,s6-b1541-a0
4222,海克斯科技枪刃＋灭世者的死亡之帽＋狂徒铠甲,无,243,200,250,s6-b1594-a0
4222,朔极之矛＋夜之锋刃＋日炎斗篷,无,243,200,250,s6-b1842-a0
4222,朔极之矛＋斯特拉克的挑战护手＋海妖之怒,无,243,200,250,s6-b1885-a0
4222,朔极之矛＋虚空之杖＋冕卫,无,243,200,250,s6-b1996-a0
4222,朔极之矛＋大天使之杖＋冕卫,无,243,200,250,s6-b2125-a0
4222,夜之锋刃＋无尽之刃＋巨龙之爪,无,243,200,250,s6-b2427-a0
4222,夜之锋刃＋最后的轻语＋巨龙之爪,无,243,200,250,s6-b2595-a0
4222,夜之锋刃＋灭世者的死亡之帽＋巨龙之爪,无,243,200,250,s6-b2615-a0
4222,夜之锋刃＋珠光护手＋巨龙之爪,无,243,200,250,s6-b2700-a0
4222,夜之锋刃＋蓝霸符＋日炎斗篷,无,243,200,250,s6-b2712-a0
4222,斯特拉克的挑战护手＋鬼索的狂暴之刃＋纳什之牙,无,243,200,250,s6-b3363-a0
4222,斯特拉克的挑战护手＋虚空之杖＋坚定之心,无,243,200,250,s6-b3404-a0
4222,斯特拉克的挑战护手＋灭世者的死亡之帽＋坚定之心,无,243,200,250,s6-b3514-a0
4222,斯特拉克的挑战护手＋珠光护手＋坚定之心,无,243,200,250,s6-b3599-a0
4222,无尽之刃＋纳什之牙＋巨龙之爪,无,243,200,250,s6-b3880-a0
4222,无尽之刃＋冕卫＋蓝霸符,无,243,200,250,s6-b3949-a0
4222,无尽之刃＋适应性头盔＋适应性头盔,无,243,200,250,s6-b4038-a0
4222,红霸符＋冕卫＋日炎斗篷,无,243,200,250,s6-b4334-a0
4222,鬼索的狂暴之刃＋冕卫＋强袭者的链枷,无,243,200,250,s6-b4691-a0
4222,泰坦的坚决＋莫雷洛秘典＋巨龙之爪,无,243,200,250,s6-b5345-a0
4222,泰坦的坚决＋巨龙之爪＋水银,无,243,200,250,s6-b5457-a0
4222,泰坦的坚决＋巨龙之爪＋强袭者的链枷,无,243,200,250,s6-b5459-a0
4222,纳什之牙＋珠光护手＋巨龙之爪,无,243,200,250,s6-b5889-a0
4222,灭世者的死亡之帽＋冕卫＋蓝霸符,无,243,200,250,s6-b6273-a0
4222,灭世者的死亡之帽＋适应性头盔＋适应性头盔,无,243,200,250,s6-b6362-a0
4222,冕卫＋珠光护手＋蓝霸符,无,243,200,250,s6-b6682-a0
4222,离子火花＋珠光护手＋正义之手,无,243,200,250,s6-b6839-a0
4222,莫雷洛秘典＋坚定之心＋薄暮法袍,无,243,200,250,s6-b7071-a0
4222,珠光护手＋适应性头盔＋适应性头盔,无,243,200,250,s6-b7132-a0
4222,日炎斗篷＋日炎斗篷＋日炎斗篷,无,243,200,250,s6-b7686-a0
4260,死亡之刃＋巨人杀手＋石像鬼石板甲,单身板甲,242,200,250,s6-b61-a4
4260,死亡之刃＋海克斯科技枪刃＋狂徒铠甲,无,242,200,250,s6-b100-a0
4260,死亡之刃＋斯特拉克的挑战护手＋正义之手,无,242,200,250,s6-b214-a0
4260,死亡之刃＋斯特拉克的挑战护手＋坚定之心,无,242,200,250,s6-b218-a0
4260,死亡之刃＋红霸符＋石像鬼石板甲,单身板甲,242,200,250,s6-b271-a4
4260,死亡之刃＋最后的轻语＋石像鬼石板甲,单身板甲,242,200,250,s6-b412-a4
4260,死亡之刃＋棘刺背心＋石像鬼石板甲,无,242,200,250,s6-b586-a0
4260,死亡之刃＋日炎斗篷＋狂徒铠甲,无,242,200,250,s6-b607-a0
4260,巨人杀手＋无尽之刃＋石像鬼石板甲,单身板甲,242,200,250,s6-b839-a4
4260,巨人杀手＋虚空之杖＋石像鬼石板甲,单身板甲,242,200,250,s6-b917-a4
4260,巨人杀手＋海妖之怒＋振奋盔甲,无,242,200,250,s6-b961-a0
4260,巨人杀手＋灭世者的死亡之帽＋石像鬼石板甲,单身板甲,242,200,250,s6-b1027-a4
4260,巨人杀手＋离子火花＋石像鬼石板甲,无,242,200,250,s6-b1081-a0
4260,巨人杀手＋珠光护手＋石像鬼石板甲,单身板甲,242,200,250,s6-b1112-a4
4260,巨人杀手＋棘刺背心＋石像鬼石板甲,无,242,200,250,s6-b1181-a0
4260,巨人杀手＋石像鬼石板甲＋薄暮法袍,无,242,200,250,s6-b1193-a0
4260,海克斯科技枪刃＋夜之锋刃＋斯特拉克的挑战护手,无,242,200,250,s6-b1292-a0
4260,海克斯科技枪刃＋无尽之刃＋狂徒铠甲,无,242,200,250,s6-b1406-a0
4260,海克斯科技枪刃＋珠光护手＋狂徒铠甲,无,242,200,250,s6-b1679-a0
4260,海克斯科技枪刃＋棘刺背心＋薄暮法袍,无,242,200,250,s6-b1746-a0
4260,朔极之矛＋夜之锋刃＋离子火花,无,242,200,250,s6-b1832-a0
4260,朔极之矛＋纳什之牙＋坚定之心,无,242,200,250,s6-b2077-a0
4260,夜之锋刃＋海妖之怒＋石像鬼石板甲,无,242,200,250,s6-b2549-a0
4260,斯特拉克的挑战护手＋无尽之刃＋坚定之心,无,242,200,250,s6-b3326-a0
4260,斯特拉克的挑战护手＋红霸符＋坚定之心,无,242,200,250,s6-b3353-a0
4260,斯特拉克的挑战护手＋鬼索的狂暴之刃＋莫雷洛秘典,无,242,200,250,s6-b3369-a0
4260,无尽之刃＋红霸符＋石像鬼石板甲,单身板甲,242,200,250,s6-b3757-a4
4260,无尽之刃＋最后的轻语＋石像鬼石板甲,单身板甲,242,200,250,s6-b3898-a4
4260,无尽之刃＋棘刺背心＋石像鬼石板甲,无,242,200,250,s6-b4072-a0
4260,无尽之刃＋日炎斗篷＋狂徒铠甲,无,242,200,250,s6-b4093-a0
4260,红霸符＋纳什之牙＋坚定之心,无,242,200,250,s6-b4257-a0
4260,红霸符＋最后的轻语＋石像鬼石板甲,单身板甲,242,200,250,s6-b4276-a4
4260,红霸符＋灭世者的死亡之帽＋石像鬼石板甲,单身板甲,242,200,250,s6-b4296-a4
4260,红霸符＋珠光护手＋石像鬼石板甲,单身板甲,242,200,250,s6-b4381-a4
4260,鬼索的狂暴之刃＋虚空之杖＋石像鬼石板甲,无,242,200,250,s6-b4537-a0
4260,虚空之杖＋虚空之杖＋正义之手,无,242,200,250,s6-b4860-a0
4260,虚空之杖＋最后的轻语＋石像鬼石板甲,单身板甲,242,200,250,s6-b4952-a4
4260,虚空之杖＋离子火花＋石像鬼石板甲,无,242,200,250,s6-b5026-a0
4260,虚空之杖＋棘刺背心＋石像鬼石板甲,无,242,200,250,s6-b5126-a0
4260,虚空之杖＋石像鬼石板甲＋薄暮法袍,无,242,200,250,s6-b5138-a0
4260,虚空之杖＋巨龙之爪＋水银,无,242,200,250,s6-b5157-a0
4260,泰坦的坚决＋冕卫＋棘刺背心,无,242,200,250,s6-b5308-a0
4260,泰坦的坚决＋圣盾使的誓约＋强袭者的链枷,无,242,200,250,s6-b5391-a0
4260,纳什之牙＋纳什之牙＋薄暮法袍,无,242,200,250,s6-b5764-a0
4260,纳什之牙＋莫雷洛秘典＋适应性头盔,无,242,200,250,s6-b5867-a0
4260,纳什之牙＋日炎斗篷＋水银,无,242,200,250,s6-b5975-a0
4260,最后的轻语＋最后的轻语＋石像鬼石板甲,单身板甲,242,200,250,s6-b6012-a4
4260,最后的轻语＋灭世者的死亡之帽＋石像鬼石板甲,单身板甲,242,200,250,s6-b6032-a4
4260,最后的轻语＋大天使之杖＋石像鬼石板甲,单身板甲,242,200,250,s6-b6051-a4
4260,最后的轻语＋珠光护手＋石像鬼石板甲,单身板甲,242,200,250,s6-b6117-a4
4260,最后的轻语＋日炎斗篷＋狂徒铠甲,无,242,200,250,s6-b6207-a0
4260,灭世者的死亡之帽＋离子火花＋正义之手,无,242,200,250,s6-b6294-a0
4260,灭世者的死亡之帽＋振奋盔甲＋强袭者的链枷,无,242,200,250,s6-b6384-a0
4260,灭世者的死亡之帽＋棘刺背心＋石像鬼石板甲,无,242,200,250,s6-b6396-a0
4260,莫雷洛秘典＋蓝霸符＋坚定之心,无,242,200,250,s6-b6993-a0
4260,莫雷洛秘典＋适应性头盔＋强袭者的链枷,无,242,200,250,s6-b7023-a0
4260,珠光护手＋振奋盔甲＋强袭者的链枷,无,242,200,250,s6-b7154-a0
4260,珠光护手＋棘刺背心＋石像鬼石板甲,无,242,200,250,s6-b7166-a0
4260,正义之手＋棘刺背心＋强袭者的链枷,无,242,200,250,s6-b7568-a0
4319,死亡之刃＋夜之锋刃＋适应性头盔,无,241,200,250,s6-b153-a0
4319,死亡之刃＋冕卫＋离子火花,无,241,200,250,s6-b460-a0
4319,死亡之刃＋蓝霸符＋圣盾使的誓约,无,241,200,250,s6-b526-a0
4319,死亡之刃＋适应性头盔＋薄暮法袍,无,241,200,250,s6-b560-a0
4319,巨人杀手＋海克斯科技枪刃＋蓝霸符,无,241,200,250,s6-b683-a0
4319,巨人杀手＋朔极之矛＋圣盾使的誓约,无,241,200,250,s6-b716-a0
4319,巨人杀手＋鬼索的狂暴之刃＋圣盾使的誓约,无,241,200,250,s6-b887-a0
4319,巨人杀手＋蓝霸符＋圣盾使的誓约,无,241,200,250,s6-b1121-a0
4319,巨人杀手＋坚定之心＋坚定之心,无,241,200,250,s6-b1204-a0
4319,海克斯科技枪刃＋朔极之矛＋强袭者的链枷,无,241,200,250,s6-b1289-a0
4319,海克斯科技枪刃＋斯特拉克的挑战护手＋泰坦的坚决,无,241,200,250,s6-b1356-a0
4319,海克斯科技枪刃＋鬼索的狂暴之刃＋鬼索的狂暴之刃,无,241,200,250,s6-b1435-a0
4319,海克斯科技枪刃＋纳什之牙＋莫雷洛秘典,无,241,200,250,s6-b1539-a0
4319,海克斯科技枪刃＋大天使之杖＋蓝霸符,无,241,200,250,s6-b1601-a0
4319,海克斯科技枪刃＋莫雷洛秘典＋蓝霸符,无,241,200,250,s6-b1652-a0
4319,朔极之矛＋朔极之矛＋圣盾使的誓约,无,241,200,250,s6-b1805-a0
4319,朔极之矛＋斯特拉克的挑战护手＋强袭者的链枷,无,241,200,250,s6-b1907-a0
4319,朔极之矛＋虚空之杖＋圣盾使的誓约,无,241,200,250,s6-b2001-a0
4319,朔极之矛＋最后的轻语＋圣盾使的誓约,无,241,200,250,s6-b2091-a0
4319,朔极之矛＋大天使之杖＋圣盾使的誓约,无,241,200,250,s6-b2130-a0
4319,夜之锋刃＋无尽之刃＋适应性头盔,无,241,200,250,s6-b2420-a0
4319,夜之锋刃＋虚空之杖＋适应性头盔,无,241,200,250,s6-b2498-a0
4319,夜之锋刃＋泰坦的坚决＋石像鬼石板甲,无,241,200,250,s6-b2526-a0
4319,夜之锋刃＋灭世者的死亡之帽＋适应性头盔,无,241,200,250,s6-b2608-a0
4319,夜之锋刃＋珠光护手＋适应性头盔,无,241,200,250,s6-b2693-a0
4319,斯特拉克的挑战护手＋海妖之怒＋蓝霸符,无,241,200,250,s6-b3443-a0
4319,无尽之刃＋冕卫＋离子火花,无,241,200,250,s6-b3946-a0
4319,无尽之刃＋蓝霸符＋圣盾使的誓约,无,241,200,250,s6-b4012-a0
4319,无尽之刃＋适应性头盔＋薄暮法袍,无,241,200,250,s6-b4046-a0
4319,红霸符＋冕卫＋离子火花,无,241,200,250,s6-b4324-a0
4319,红霸符＋蓝霸符＋圣盾使的誓约,无,241,200,250,s6-b4390-a0
4319,鬼索的狂暴之刃＋最后的轻语＋圣盾使的誓约,无,241,200,250,s6-b4622-a0
4319,鬼索的狂暴之刃＋大天使之杖＋冕卫,无,241,200,250,s6-b4656-a0
4319,鬼索的狂暴之刃＋棘刺背心＋坚定之心,无,241,200,250,s6-b4803-a0
4319,虚空之杖＋虚空之杖＋圣盾使的誓约,无,241,200,250,s6-b4857-a0
4319,虚空之杖＋冕卫＋离子火花,无,241,200,250,s6-b5000-a0
4319,虚空之杖＋冕卫＋薄暮法袍,无,241,200,250,s6-b5013-a0
4319,纳什之牙＋最后的轻语＋石像鬼石板甲,无,241,200,250,s6-b5781-a0
4319,纳什之牙＋适应性头盔＋水银,无,241,200,250,s6-b5930-a0
4319,纳什之牙＋薄暮法袍＋水银,无,241,200,250,s6-b5990-a0
4319,灭世者的死亡之帽＋冕卫＋离子火花,无,241,200,250,s6-b6270-a0
4319,灭世者的死亡之帽＋蓝霸符＋圣盾使的誓约,无,241,200,250,s6-b6336-a0
4319,灭世者的死亡之帽＋适应性头盔＋薄暮法袍,无,241,200,250,s6-b6370-a0
4319,冕卫＋离子火花＋珠光护手,无,241,200,250,s6-b6650-a0
4319,珠光护手＋蓝霸符＋圣盾使的誓约,无,241,200,250,s6-b7106-a0
4319,珠光护手＋适应性头盔＋薄暮法袍,无,241,200,250,s6-b7140-a0
4319,正义之手＋日炎斗篷＋强袭者的链枷,无,241,200,250,s6-b7583-a0
4319,正义之手＋薄暮法袍＋强袭者的链枷,无,241,200,250,s6-b7598-a0
4367,死亡之刃＋冕卫＋日炎斗篷,无,240,200,250,s6-b470-a0
4367,死亡之刃＋冕卫＋薄暮法袍,无,240,200,250,s6-b473-a0
4367,海克斯科技枪刃＋夜之锋刃＋纳什之牙,无,240,200,250,s6-b1299-a0
4367,海克斯科技枪刃＋灭世者的死亡之帽＋冕卫,无,240,200,250,s6-b1578-a0
4367,海克斯科技枪刃＋坚定之心＋强袭者的链枷,无,240,200,250,s6-b1770-a0
4367,朔极之矛＋坚定之心＋水银,无,240,200,250,s6-b2296-a0
4367,夜之锋刃＋夜之锋刃＋冕卫,无,240,200,250,s6-b2327-a0
4367,夜之锋刃＋纳什之牙＋坚定之心,无,240,200,250,s6-b2573-a0
4367,无尽之刃＋冕卫＋日炎斗篷,无,240,200,250,s6-b3956-a0
4367,无尽之刃＋冕卫＋薄暮法袍,无,240,200,250,s6-b3959-a0
4367,红霸符＋鬼索的狂暴之刃＋冕卫,无,240,200,250,s6-b4151-a0
4367,红霸符＋冕卫＋蓝霸符,无,240,200,250,s6-b4327-a0
4367,红霸符＋冕卫＋薄暮法袍,无,240,200,250,s6-b4337-a0
4367,虚空之杖＋离子火花＋正义之手,无,240,200,250,s6-b5024-a0
4367,泰坦的坚决＋泰坦的坚决＋振奋盔甲,无,240,200,250,s6-b5183-a0
4367,泰坦的坚决＋海妖之怒＋正义之手,无,240,200,250,s6-b5207-a0
4367,纳什之牙＋纳什之牙＋棘刺背心,无,240,200,250,s6-b5759-a0
4367,纳什之牙＋离子火花＋水银,无,240,200,250,s6-b5860-a0
4367,纳什之牙＋棘刺背心＋坚定之心,无,240,200,250,s6-b5957-a0
4367,纳什之牙＋日炎斗篷＋坚定之心,无,240,200,250,s6-b5972-a0
4367,灭世者的死亡之帽＋冕卫＋日炎斗篷,无,240,200,250,s6-b6280-a0
4367,灭世者的死亡之帽＋冕卫＋薄暮法袍,无,240,200,250,s6-b6283-a0
4367,大天使之杖＋冕卫＋日炎斗篷,无,240,200,250,s6-b6470-a0
4367,冕卫＋珠光护手＋日炎斗篷,无,240,200,250,s6-b6689-a0
4367,冕卫＋珠光护手＋薄暮法袍,无,240,200,250,s6-b6692-a0
4367,莫雷洛秘典＋棘刺背心＋坚定之心,无,240,200,250,s6-b7048-a0
4367,莫雷洛秘典＋石像鬼石板甲＋强袭者的链枷,无,240,200,250,s6-b7061-a0
4367,莫雷洛秘典＋日炎斗篷＋坚定之心,无,240,200,250,s6-b7063-a0
4367,棘刺背心＋坚定之心＋强袭者的链枷,无,240,200,250,s6-b7634-a0
4367,巨龙之爪＋水银＋强袭者的链枷,无,240,200,250,s6-b7746-a0
4397,巨人杀手＋斯特拉克的挑战护手＋坚定之心,无,239,200,250,s6-b813-a0
4397,巨人杀手＋鬼索的狂暴之刃＋巨龙之爪,无,239,200,250,s6-b895-a0
4397,海克斯科技枪刃＋冕卫＋珠光护手,无,239,200,250,s6-b1618-a0
4397,斯特拉克的挑战护手＋红霸符＋纳什之牙,无,239,200,250,s6-b3337-a0
4397,斯特拉克的挑战护手＋鬼索的狂暴之刃＋水银,无,239,200,250,s6-b3382-a0
4397,斯特拉克的挑战护手＋泰坦的坚决＋日炎斗篷,无,239,200,250,s6-b3427-a0
4397,斯特拉克的挑战护手＋纳什之牙＋蓝霸符,无,239,200,250,s6-b3465-a0
4397,斯特拉克的挑战护手＋最后的轻语＋坚定之心,无,239,200,250,s6-b3494-a0
4397,斯特拉克的挑战护手＋大天使之杖＋坚定之心,无,239,200,250,s6-b3533-a0
4397,斯特拉克的挑战护手＋离子火花＋强袭者的链枷,无,239,200,250,s6-b3573-a0
4397,斯特拉克的挑战护手＋莫雷洛秘典＋日炎斗篷,无,239,200,250,s6-b3583-a0
4397,斯特拉克的挑战护手＋蓝霸符＋水银,无,239,200,250,s6-b3616-a0
4397,斯特拉克的挑战护手＋棘刺背心＋水银,无,239,200,250,s6-b3671-a0
4397,斯特拉克的挑战护手＋棘刺背心＋强袭者的链枷,无,239,200,250,s6-b3673-a0
4397,鬼索的狂暴之刃＋最后的轻语＋巨龙之爪,无,239,200,250,s6-b4630-a0
4397,鬼索的狂暴之刃＋坚定之心＋薄暮法袍,无,239,200,250,s6-b4826-a0
4397,虚空之杖＋冕卫＋日炎斗篷,无,239,200,250,s6-b5010-a0
4397,泰坦的坚决＋泰坦的坚决＋巨龙之爪,无,239,200,250,s6-b5189-a0
4397,海妖之怒＋莫雷洛秘典＋巨龙之爪,无,239,200,250,s6-b5621-a0
4397,海妖之怒＋正义之手＋棘刺背心,无,239,200,250,s6-b5692-a0
4397,海妖之怒＋巨龙之爪＋强袭者的链枷,无,239,200,250,s6-b5735-a0
4397,纳什之牙＋离子火花＋坚定之心,无,239,200,250,s6-b5857-a0
4397,纳什之牙＋坚定之心＋薄暮法袍,无,239,200,250,s6-b5980-a0
4397,离子火花＋莫雷洛秘典＋坚定之心,无,239,200,250,s6-b6828-a0
4397,莫雷洛秘典＋莫雷洛秘典＋适应性头盔,无,239,200,250,s6-b6958-a0
4397,棘刺背心＋坚定之心＋水银,无,239,200,250,s6-b7632-a0
4397,日炎斗篷＋坚定之心＋水银,无,239,200,250,s6-b7696-a0
4424,死亡之刃＋朔极之矛＋圣盾使的誓约,无,238,200,250,s6-b121-a0
4424,死亡之刃＋冕卫＋棘刺背心,无,238,200,250,s6-b468-a0
4424,死亡之刃＋适应性头盔＋棘刺背心,无,238,200,250,s6-b555-a0
4424,死亡之刃＋振奋盔甲＋强袭者的链枷,无,238,200,250,s6-b574-a0
4424,巨人杀手＋朔极之矛＋斯特拉克的挑战护手,无,238,200,250,s6-b700-a0
4424,巨人杀手＋泰坦的坚决＋正义之手,无,238,200,250,s6-b939-a0
4424,巨人杀手＋离子火花＋正义之手,无,238,200,250,s6-b1079-a0
4424,海克斯科技枪刃＋夜之锋刃＋离子火花,无,238,200,250,s6-b1304-a0
4424,海克斯科技枪刃＋鬼索的狂暴之刃＋虚空之杖,无,238,200,250,s6-b1436-a0
4424,海克斯科技枪刃＋虚空之杖＋纳什之牙,无,238,200,250,s6-b1464-a0
4424,海克斯科技枪刃＋纳什之牙＋薄暮法袍,无,238,200,250,s6-b1551-a0
4424,海克斯科技枪刃＋离子火花＋日炎斗篷,无,238,200,250,s6-b1643-a0
4424,朔极之矛＋无尽之刃＋圣盾使的誓约,无,238,200,250,s6-b1923-a0
4424,朔极之矛＋灭世者的死亡之帽＋圣盾使的誓约,无,238,200,250,s6-b2111-a0
4424,朔极之矛＋莫雷洛秘典＋坚定之心,无,238,200,250,s6-b2188-a0
4424,朔极之矛＋珠光护手＋圣盾使的誓约,无,238,200,250,s6-b2196-a0
4424,夜之锋刃＋红霸符＋狂徒铠甲,无,238,200,250,s6-b2457-a0
4424,夜之锋刃＋最后的轻语＋狂徒铠甲,无,238,200,250,s6-b2598-a0
4424,夜之锋刃＋大天使之杖＋狂徒铠甲,无,238,200,250,s6-b2637-a0
4424,斯特拉克的挑战护手＋鬼索的狂暴之刃＋蓝霸符,无,238,200,250,s6-b3371-a0
4424,无尽之刃＋冕卫＋棘刺背心,无,238,200,250,s6-b3954-a0
4424,无尽之刃＋适应性头盔＋棘刺背心,无,238,200,250,s6-b4041-a0
4424,无尽之刃＋振奋盔甲＋强袭者的链枷,无,238,200,250,s6-b4060-a0
4424,红霸符＋冕卫＋棘刺背心,无,238,200,250,s6-b4332-a0
4424,红霸符＋巨龙之爪＋水银,无,238,200,250,s6-b4481-a0
4424,鬼索的狂暴之刃＋离子火花＋坚定之心,无,238,200,250,s6-b4703-a0
4424,鬼索的狂暴之刃＋日炎斗篷＋坚定之心,无,238,200,250,s6-b4818-a0
4424,虚空之杖＋冕卫＋棘刺背心,无,238,200,250,s6-b5008-a0
4424,虚空之杖＋正义之手＋薄暮法袍,无,238,200,250,s6-b5121-a0
4424,泰坦的坚决＋大天使之杖＋正义之手,无,238,200,250,s6-b5289-a0
4424,泰坦的坚决＋莫雷洛秘典＋适应性头盔,无,238,200,250,s6-b5338-a0
4424,泰坦的坚决＋珠光护手＋正义之手,无,238,200,250,s6-b5355-a0
4424,泰坦的坚决＋适应性头盔＋强袭者的链枷,无,238,200,250,s6-b5403-a0
4424,最后的轻语＋莫雷洛秘典＋巨龙之爪,无,238,200,250,s6-b6105-a0
4424,灭世者的死亡之帽＋冕卫＋棘刺背心,无,238,200,250,s6-b6278-a0
4424,灭世者的死亡之帽＋适应性头盔＋棘刺背心,无,238,200,250,s6-b6365-a0
4424,冕卫＋珠光护手＋棘刺背心,无,238,200,250,s6-b6687-a0
4424,珠光护手＋适应性头盔＋棘刺背心,无,238,200,250,s6-b7135-a0
4424,适应性头盔＋强袭者的链枷＋强袭者的链枷,无,238,200,250,s6-b7483-a0
4424,石像鬼石板甲＋强袭者的链枷＋强袭者的链枷,无,238,200,250,s6-b7685-a0
4424,坚定之心＋薄暮法袍＋强袭者的链枷,无,238,200,250,s6-b7728-a0
4424,水银＋狂徒铠甲＋强袭者的链枷,无,238,200,250,s6-b7764-a0
4466,巨人杀手＋夜之锋刃＋适应性头盔,无,237,200,250,s6-b748-a0
4466,巨人杀手＋夜之锋刃＋石像鬼石板甲,无,237,200,250,s6-b752-a0
4466,巨人杀手＋红霸符＋圣盾使的誓约,无,237,200,250,s6-b861-a0
4466,巨人杀手＋虚空之杖＋圣盾使的誓约,无,237,200,250,s6-b912-a0
4466,巨人杀手＋冕卫＋离子火花,无,237,200,250,s6-b1055-a0
4466,巨人杀手＋冕卫＋日炎斗篷,无,237,200,250,s6-b1065-a0
4466,巨人杀手＋冕卫＋薄暮法袍,无,237,200,250,s6-b1068-a0
4466,海克斯科技枪刃＋海克斯科技枪刃＋强袭者的链枷,无,237,200,250,s6-b1257-a0
4466,海克斯科技枪刃＋斯特拉克的挑战护手＋莫雷洛秘典,无,237,200,250,s6-b1364-a0
4466,海克斯科技枪刃＋斯特拉克的挑战护手＋强袭者的链枷,无,237,200,250,s6-b1379-a0
4466,海克斯科技枪刃＋最后的轻语＋冕卫,无,237,200,250,s6-b1558-a0
4466,海克斯科技枪刃＋离子火花＋薄暮法袍,无,237,200,250,s6-b1646-a0
4466,朔极之矛＋朔极之矛＋冕卫,无,237,200,250,s6-b1800-a0
4466,朔极之矛＋斯特拉克的挑战护手＋纳什之牙,无,237,200,250,s6-b1886-a0
4466,朔极之矛＋斯特拉克的挑战护手＋莫雷洛秘典,无,237,200,250,s6-b1892-a0
4466,朔极之矛＋红霸符＋冕卫,无,237,200,250,s6-b1945-a0
4466,朔极之矛＋虚空之杖＋坚定之心,无,237,200,250,s6-b2008-a0
4466,夜之锋刃＋红霸符＋正义之手,无,237,200,250,s6-b2449-a0
4466,夜之锋刃＋鬼索的狂暴之刃＋适应性头盔,无,237,200,250,s6-b2473-a0
4466,夜之锋刃＋虚空之杖＋正义之手,无,237,200,250,s6-b2500-a0
4466,夜之锋刃＋最后的轻语＋适应性头盔,无,237,200,250,s6-b2588-a0
4466,斯特拉克的挑战护手＋莫雷洛秘典＋棘刺背心,无,237,200,250,s6-b3581-a0
4466,红霸符＋鬼索的狂暴之刃＋圣盾使的誓约,无,237,200,250,s6-b4156-a0
4466,红霸符＋虚空之杖＋圣盾使的誓约,无,237,200,250,s6-b4181-a0
4466,鬼索的狂暴之刃＋鬼索的狂暴之刃＋圣盾使的誓约,无,237,200,250,s6-b4507-a0
4466,鬼索的狂暴之刃＋虚空之杖＋冕卫,无,237,200,250,s6-b4527-a0
4466,鬼索的狂暴之刃＋虚空之杖＋圣盾使的誓约,无,237,200,250,s6-b4532-a0
4466,鬼索的狂暴之刃＋大天使之杖＋圣盾使的誓约,无,237,200,250,s6-b4661-a0
4466,虚空之杖＋冕卫＋蓝霸符,无,237,200,250,s6-b5003-a0
4466,泰坦的坚决＋莫雷洛秘典＋正义之手,无,237,200,250,s6-b5340-a0
4466,海妖之怒＋离子火花＋正义之手,无,237,200,250,s6-b5600-a0
4466,海妖之怒＋巨龙之爪＋水银,无,237,200,250,s6-b5733-a0
4466,最后的轻语＋冕卫＋离子火花,无,237,200,250,s6-b6060-a0
4466,最后的轻语＋冕卫＋日炎斗篷,无,237,200,250,s6-b6070-a0
4466,最后的轻语＋冕卫＋薄暮法袍,无,237,200,250,s6-b6073-a0
4466,最后的轻语＋圣盾使的誓约＋强袭者的链枷,无,237,200,250,s6-b6151-a0
4466,大天使之杖＋冕卫＋离子火花,无,237,200,250,s6-b6460-a0
4466,大天使之杖＋冕卫＋薄暮法袍,无,237,200,250,s6-b6473-a0
4466,蓝霸符＋蓝霸符＋坚定之心,无,237,200,250,s6-b7218-a0
4466,蓝霸符＋适应性头盔＋强袭者的链枷,无,237,200,250,s6-b7248-a0
4506,死亡之刃＋夜之锋刃＋狂徒铠甲,无,236,200,250,s6-b163-a0
4506,巨人杀手＋海克斯科技枪刃＋朔极之矛,无,236,200,250,s6-b665-a0
4506,巨人杀手＋夜之锋刃＋狂徒铠甲,无,236,200,250,s6-b758-a0
4506,海克斯科技枪刃＋无尽之刃＋冕卫,无,236,200,250,s6-b1390-a0
4506,海克斯科技枪刃＋红霸符＋纳什之牙,无,236,200,250,s6-b1413-a0
4506,海克斯科技枪刃＋鬼索的狂暴之刃＋莫雷洛秘典,无,236,200,250,s6-b1445-a0
4506,海克斯科技枪刃＋海妖之怒＋坚定之心,无,236,200,250,s6-b1527-a0
4506,海克斯科技枪刃＋棘刺背心＋日炎斗篷,无,236,200,250,s6-b1743-a0
4506,朔极之矛＋夜之锋刃＋棘刺背心,无,236,200,250,s6-b1840-a0
4506,朔极之矛＋夜之锋刃＋薄暮法袍,无,236,200,250,s6-b1845-a0
4506,朔极之矛＋斯特拉克的挑战护手＋虚空之杖,无,236,200,250,s6-b1883-a0
4506,夜之锋刃＋无尽之刃＋狂徒铠甲,无,236,200,250,s6-b2430-a0
4506,夜之锋刃＋红霸符＋适应性头盔,无,236,200,250,s6-b2447-a0
4506,夜之锋刃＋灭世者的死亡之帽＋狂徒铠甲,无,236,200,250,s6-b2618-a0
4506,夜之锋刃＋离子火花＋日炎斗篷,无,236,200,250,s6-b2667-a0
4506,夜之锋刃＋珠光护手＋狂徒铠甲,无,236,200,250,s6-b2703-a0
4506,夜之锋刃＋蓝霸符＋棘刺背心,无,236,200,250,s6-b2710-a0
4506,斯特拉克的挑战护手＋海妖之怒＋棘刺背心,无,236,200,250,s6-b3448-a0
4506,虚空之杖＋正义之手＋棘刺背心,无,236,200,250,s6-b5116-a0
4506,泰坦的坚决＋海妖之怒＋巨龙之爪,无,236,200,250,s6-b5212-a0
4506,海妖之怒＋纳什之牙＋冕卫,无,236,200,250,s6-b5497-a0
4506,海妖之怒＋适应性头盔＋强袭者的链枷,无,236,200,250,s6-b5679-a0
4506,海妖之怒＋日炎斗篷＋坚定之心,无,236,200,250,s6-b5719-a0
4506,纳什之牙＋纳什之牙＋离子火花,无,236,200,250,s6-b5751-a0
4506,纳什之牙＋石像鬼石板甲＋强袭者的链枷,无,236,200,250,s6-b5970-a0
4506,最后的轻语＋最后的轻语＋振奋盔甲,无,236,200,250,s6-b6009-a0
4506,最后的轻语＋离子火花＋正义之手,无,236,200,250,s6-b6084-a0
4506,大天使之杖＋冕卫＋棘刺背心,无,236,200,250,s6-b6468-a0
4506,冕卫＋莫雷洛秘典＋水银,无,236,200,250,s6-b6678-a0
4506,离子火花＋离子火花＋离子火花,无,236,200,250,s6-b6801-a0
4506,离子火花＋坚定之心＋水银,无,236,200,250,s6-b6936-a0
4506,离子火花＋坚定之心＋强袭者的链枷,无,236,200,250,s6-b6938-a0
4506,离子火花＋薄暮法袍＋薄暮法袍,无,236,200,250,s6-b6944-a0
4506,莫雷洛秘典＋莫雷洛秘典＋石像鬼石板甲,无,236,200,250,s6-b6962-a0
4506,莫雷洛秘典＋适应性头盔＋水银,无,236,200,250,s6-b7021-a0
4506,棘刺背心＋棘刺背心＋日炎斗篷,无,236,200,250,s6-b7607-a0
4506,日炎斗篷＋坚定之心＋强袭者的链枷,无,236,200,250,s6-b7698-a0
4506,坚定之心＋薄暮法袍＋水银,无,236,200,250,s6-b7726-a0
4506,薄暮法袍＋薄暮法袍＋薄暮法袍,无,236,200,250,s6-b7750-a0
4545,死亡之刃＋海克斯科技枪刃＋冕卫,无,235,200,250,s6-b84-a0
4545,死亡之刃＋朔极之矛＋巨龙之爪,无,235,200,250,s6-b129-a0
4545,死亡之刃＋纳什之牙＋巨龙之爪,无,235,200,250,s6-b394-a0
4545,巨人杀手＋冕卫＋棘刺背心,无,235,200,250,s6-b1063-a0
4545,巨人杀手＋莫雷洛秘典＋巨龙之爪,无,235,200,250,s6-b1100-a0
4545,巨人杀手＋正义之手＋棘刺背心,无,235,200,250,s6-b1171-a0
4545,海克斯科技枪刃＋海克斯科技枪刃＋夜之锋刃,无,235,200,250,s6-b1227-a0
4545,海克斯科技枪刃＋朔极之矛＋纳什之牙,无,235,200,250,s6-b1268-a0
4545,海克斯科技枪刃＋朔极之矛＋水银,无,235,200,250,s6-b1287-a0
4545,海克斯科技枪刃＋夜之锋刃＋薄暮法袍,无,235,200,250,s6-b1317-a0
4545,海克斯科技枪刃＋纳什之牙＋大天使之杖,无,235,200,250,s6-b1536-a0
4545,海克斯科技枪刃＋纳什之牙＋强袭者的链枷,无,235,200,250,s6-b1554-a0
4545,海克斯科技枪刃＋离子火花＋离子火花,无,235,200,250,s6-b1633-a0
4545,海克斯科技枪刃＋日炎斗篷＋薄暮法袍,无,235,200,250,s6-b1761-a0
4545,朔极之矛＋无尽之刃＋巨龙之爪,无,235,200,250,s6-b1931-a0
4545,朔极之矛＋灭世者的死亡之帽＋巨龙之爪,无,235,200,250,s6-b2119-a0
4545,朔极之矛＋珠光护手＋巨龙之爪,无,235,200,250,s6-b2204-a0
4545,夜之锋刃＋夜之锋刃＋正义之手,无,235,200,250,s6-b2335-a0
4545,夜之锋刃＋大天使之杖＋正义之手,无,235,200,250,s6-b2629-a0
4545,夜之锋刃＋离子火花＋棘刺背心,无,235,200,250,s6-b2665-a0
4545,夜之锋刃＋莫雷洛秘典＋正义之手,无,235,200,250,s6-b2680-a0
4545,夜之锋刃＋日炎斗篷＋薄暮法袍,无,235,200,250,s6-b2785-a0
4545,斯特拉克的挑战护手＋斯特拉克的挑战护手＋斯特拉克的挑战护手,无,235,200,250,s6-b3275-a0
4545,斯特拉克的挑战护手＋海妖之怒＋日炎斗篷,无,235,200,250,s6-b3450-a0
4545,无尽之刃＋泰坦的坚决＋正义之手,无,235,200,250,s6-b3830-a0
4545,无尽之刃＋离子火花＋正义之手,无,235,200,250,s6-b3970-a0
4545,无尽之刃＋正义之手＋水银,无,235,200,250,s6-b4068-a0
4545,红霸符＋红霸符＋圣盾使的誓约,无,235,200,250,s6-b4130-a0
4545,红霸符＋灭世者的死亡之帽＋振奋盔甲,无,235,200,250,s6-b4293-a0
4545,红霸符＋莫雷洛秘典＋巨龙之爪,无,235,200,250,s6-b4369-a0
4545,红霸符＋珠光护手＋振奋盔甲,无,235,200,250,s6-b4378-a0
4545,虚空之杖＋虚空之杖＋巨龙之爪,无,235,200,250,s6-b4865-a0
4545,虚空之杖＋莫雷洛秘典＋巨龙之爪,无,235,200,250,s6-b5045-a0
4545,虚空之杖＋蓝霸符＋圣盾使的誓约,无,235,200,250,s6-b5066-a0
4545,虚空之杖＋正义之手＋日炎斗篷,无,235,200,250,s6-b5118-a0
4545,泰坦的坚决＋灭世者的死亡之帽＋正义之手,无,235,200,250,s6-b5270-a0
4545,海妖之怒＋海妖之怒＋圣盾使的誓约,无,235,200,250,s6-b5480-a0
4545,海妖之怒＋纳什之牙＋适应性头盔,无,235,200,250,s6-b5503-a0
4545,海妖之怒＋正义之手＋薄暮法袍,无,235,200,250,s6-b5697-a0
4545,海妖之怒＋正义之手＋强袭者的链枷,无,235,200,250,s6-b5700-a0
4545,海妖之怒＋棘刺背心＋坚定之心,无,235,200,250,s6-b5704-a0
4545,纳什之牙＋灭世者的死亡之帽＋巨龙之爪,无,235,200,250,s6-b5804-a0
4545,最后的轻语＋冕卫＋棘刺背心,无,235,200,250,s6-b6068-a0
4545,大天使之杖＋冕卫＋冕卫,无,235,200,250,s6-b6459-a0
4545,大天使之杖＋蓝霸符＋圣盾使的誓约,无,235,200,250,s6-b6526-a0
4545,莫雷洛秘典＋狂徒铠甲＋强袭者的链枷,无,235,200,250,s6-b7088-a0
4591,巨人杀手＋海克斯科技枪刃＋冕卫,无,234,200,250,s6-b679-a0
4591,巨人杀手＋斯特拉克的挑战护手＋蓝霸符,无,234,200,250,s6-b805-a0
4591,巨人杀手＋泰坦的坚决＋振奋盔甲,无,234,200,250,s6-b938-a0
4591,巨人杀手＋冕卫＋冕卫,无,234,200,250,s6-b1054-a0
4591,巨人杀手＋正义之手＋薄暮法袍,无,234,200,250,s6-b1176-a0
4591,海克斯科技枪刃＋海克斯科技枪刃＋大天使之杖,无,234,200,250,s6-b1239-a0
4591,海克斯科技枪刃＋海克斯科技枪刃＋棘刺背心,无,234,200,250,s6-b1249-a0
4591,海克斯科技枪刃＋红霸符＋鬼索的狂暴之刃,无,234,200,250,s6-b1409-a0
4591,海克斯科技枪刃＋棘刺背心＋棘刺背心,无,234,200,250,s6-b1741-a0
4591,朔极之矛＋棘刺背心＋强袭者的链枷,无,234,200,250,s6-b2277-a0
4591,朔极之矛＋日炎斗篷＋强袭者的链枷,无,234,200,250,s6-b2292-a0
4591,朔极之矛＋薄暮法袍＋强袭者的链枷,无,234,200,250,s6-b2307-a0
4591,夜之锋刃＋海妖之怒＋冕卫,无,234,200,250,s6-b2539-a0
4591,夜之锋刃＋冕卫＋莫雷洛秘典,无,234,200,250,s6-b2641-a0
4591,夜之锋刃＋冕卫＋强袭者的链枷,无,234,200,250,s6-b2656-a0
4591,斯特拉克的挑战护手＋日炎斗篷＋水银,无,234,200,250,s6-b3686-a0
4591,红霸符＋鬼索的狂暴之刃＋石像鬼石板甲,无,234,200,250,s6-b4161-a0
4591,红霸符＋冕卫＋冕卫,无,234,200,250,s6-b4323-a0
4591,鬼索的狂暴之刃＋纳什之牙＋棘刺背心,无,234,200,250,s6-b4605-a0
4591,虚空之杖＋纳什之牙＋坚定之心,无,234,200,250,s6-b4933-a0
4591,虚空之杖＋冕卫＋冕卫,无,234,200,250,s6-b4999-a0
4591,泰坦的坚决＋纳什之牙＋石像鬼石板甲,无,234,200,250,s6-b5231-a0
4591,泰坦的坚决＋莫雷洛秘典＋石像鬼石板甲,无,234,200,250,s6-b5342-a0
4591,泰坦的坚决＋莫雷洛秘典＋狂徒铠甲,无,234,200,250,s6-b5348-a0
4591,泰坦的坚决＋日炎斗篷＋坚定之心,无,234,200,250,s6-b5443-a0
4591,海妖之怒＋纳什之牙＋石像鬼石板甲,无,234,200,250,s6-b5507-a0
4591,海妖之怒＋莫雷洛秘典＋石像鬼石板甲,无,234,200,250,s6-b5618-a0
4591,海妖之怒＋莫雷洛秘典＋狂徒铠甲,无,234,200,250,s6-b5624-a0
4591,海妖之怒＋正义之手＋日炎斗篷,无,234,200,250,s6-b5694-a0
4591,纳什之牙＋适应性头盔＋强袭者的链枷,无,234,200,250,s6-b5932-a0
4591,最后的轻语＋冕卫＋冕卫,无,234,200,250,s6-b6059-a0
4591,最后的轻语＋蓝霸符＋坚定之心,无,234,200,250,s6-b6133-a0
4591,灭世者的死亡之帽＋正义之手＋棘刺背心,无,234,200,250,s6-b6386-a0
4591,灭世者的死亡之帽＋正义之手＋薄暮法袍,无,234,200,250,s6-b6391-a0
4591,大天使之杖＋离子火花＋正义之手,无,234,200,250,s6-b6484-a0
4591,大天使之杖＋正义之手＋强袭者的链枷,无,234,200,250,s6-b6584-a0
4591,离子火花＋离子火花＋薄暮法袍,无,234,200,250,s6-b6814-a0
4591,珠光护手＋正义之手＋棘刺背心,无,234,200,250,s6-b7156-a0
4591,珠光护手＋正义之手＋薄暮法袍,无,234,200,250,s6-b7161-a0
4591,正义之手＋强袭者的链枷＋强袭者的链枷,无,234,200,250,s6-b7604-a0
4631,死亡之刃＋夜之锋刃＋石像鬼石板甲,无,233,200,250,s6-b157-a0
4631,死亡之刃＋鬼索的狂暴之刃＋圣盾使的誓约,无,233,200,250,s6-b292-a0
4631,死亡之刃＋大天使之杖＋振奋盔甲,无,233,200,250,s6-b448-a0
4631,巨人杀手＋巨人杀手＋振奋盔甲,无,233,200,250,s6-b653-a0
4631,海克斯科技枪刃＋海克斯科技枪刃＋薄暮法袍,无,233,200,250,s6-b1254-a0
4631,海克斯科技枪刃＋朔极之矛＋泰坦的坚决,无,233,200,250,s6-b1266-a0
4631,海克斯科技枪刃＋朔极之矛＋最后的轻语,无,233,200,250,s6-b1269-a0
4631,海克斯科技枪刃＋朔极之矛＋大天使之杖,无,233,200,250,s6-b1271-a0
4631,海克斯科技枪刃＋朔极之矛＋莫雷洛秘典,无,233,200,250,s6-b1274-a0
4631,海克斯科技枪刃＋海妖之怒＋蓝霸符,无,233,200,250,s6-b1519-a0
4631,海克斯科技枪刃＋莫雷洛秘典＋坚定之心,无,233,200,250,s6-b1660-a0
4631,海克斯科技枪刃＋薄暮法袍＋薄暮法袍,无,233,200,250,s6-b1776-a0
4631,朔极之矛＋朔极之矛＋坚定之心,无,233,200,250,s6-b1812-a0
4631,朔极之矛＋红霸符＋圣盾使的誓约,无,233,200,250,s6-b1950-a0
4631,夜之锋刃＋无尽之刃＋石像鬼石板甲,无,233,200,250,s6-b2424-a0
4631,夜之锋刃＋红霸符＋石像鬼石板甲,无,233,200,250,s6-b2451-a0
4631,夜之锋刃＋虚空之杖＋石像鬼石板甲,无,233,200,250,s6-b2502-a0
4631,夜之锋刃＋灭世者的死亡之帽＋石像鬼石板甲,无,233,200,250,s6-b2612-a0
4631,夜之锋刃＋大天使之杖＋适应性头盔,无,233,200,250,s6-b2627-a0
4631,夜之锋刃＋珠光护手＋石像鬼石板甲,无,233,200,250,s6-b2697-a0
4631,夜之锋刃＋棘刺背心＋薄暮法袍,无,233,200,250,s6-b2770-a0
4631,斯特拉克的挑战护手＋斯特拉克的挑战护手＋泰坦的坚决,无,233,200,250,s6-b3280-a0
4631,斯特拉克的挑战护手＋鬼索的狂暴之刃＋鬼索的狂暴之刃,无,233,200,250,s6-b3359-a0
4631,斯特拉克的挑战护手＋离子火花＋莫雷洛秘典,无,233,200,250,s6-b3558-a0
4631,斯特拉克的挑战护手＋日炎斗篷＋强袭者的链枷,无,233,200,250,s6-b3688-a0
4631,无尽之刃＋鬼索的狂暴之刃＋圣盾使的誓约,无,233,200,250,s6-b3778-a0
4631,无尽之刃＋大天使之杖＋振奋盔甲,无,233,200,250,s6-b3934-a0
4631,红霸符＋最后的轻语＋圣盾使的誓约,无,233,200,250,s6-b4271-a0
4631,红霸符＋巨龙之爪＋强袭者的链枷,无,233,200,250,s6-b4483-a0
4631,鬼索的狂暴之刃＋灭世者的死亡之帽＋圣盾使的誓约,无,233,200,250,s6-b4642-a0
4631,鬼索的狂暴之刃＋珠光护手＋圣盾使的誓约,无,233,200,250,s6-b4727-a0
4631,鬼索的狂暴之刃＋蓝霸符＋坚定之心,无,233,200,250,s6-b4748-a0
4631,虚空之杖＋最后的轻语＋圣盾使的誓约,无,233,200,250,s6-b4947-a0
4631,虚空之杖＋大天使之杖＋圣盾使的誓约,无,233,200,250,s6-b4986-a0
4631,虚空之杖＋蓝霸符＋坚定之心,无,233,200,250,s6-b5073-a0
4631,泰坦的坚决＋离子火花＋坚定之心,无,233,200,250,s6-b5328-a0
4631,泰坦的坚决＋坚定之心＋薄暮法袍,无,233,200,250,s6-b5451-a0
4631,海妖之怒＋坚定之心＋薄暮法袍,无,233,200,250,s6-b5727-a0
4631,最后的轻语＋巨龙之爪＋强袭者的链枷,无,233,200,250,s6-b6219-a0
4631,灭世者的死亡之帽＋大天使之杖＋振奋盔甲,无,233,200,250,s6-b6258-a0
4631,灭世者的死亡之帽＋正义之手＋水银,无,233,200,250,s6-b6392-a0
4631,大天使之杖＋大天使之杖＋圣盾使的誓约,无,233,200,250,s6-b6446-a0
4631,大天使之杖＋珠光护手＋振奋盔甲,无,233,200,250,s6-b6514-a0
4631,大天使之杖＋蓝霸符＋坚定之心,无,233,200,250,s6-b6533-a0
4631,离子火花＋莫雷洛秘典＋正义之手,无,233,200,250,s6-b6824-a0
4631,珠光护手＋正义之手＋强袭者的链枷,无,233,200,250,s6-b7164-a0
4677,死亡之刃＋莫雷洛秘典＋圣盾使的誓约,无,232,200,250,s6-b497-a0
4677,死亡之刃＋圣盾使的誓约＋棘刺背心,无,232,200,250,s6-b543-a0
4677,死亡之刃＋适应性头盔＋强袭者的链枷,无,232,200,250,s6-b563-a0
4677,死亡之刃＋正义之手＋水银,无,232,200,250,s6-b582-a0
4677,巨人杀手＋海克斯科技枪刃＋坚定之心,无,232,200,250,s6-b691-a0
4677,巨人杀手＋泰坦的坚决＋巨龙之爪,无,232,200,250,s6-b944-a0
4677,巨人杀手＋纳什之牙＋适应性头盔,无,232,200,250,s6-b982-a0
4677,海克斯科技枪刃＋夜之锋刃＋棘刺背心,无,232,200,250,s6-b1312-a0
4677,海克斯科技枪刃＋夜之锋刃＋日炎斗篷,无,232,200,250,s6-b1314-a0
4677,海克斯科技枪刃＋斯特拉克的挑战护手＋虚空之杖,无,232,200,250,s6-b1355-a0
4677,海克斯科技枪刃＋日炎斗篷＋日炎斗篷,无,232,200,250,s6-b1758-a0
4677,朔极之矛＋离子火花＋强袭者的链枷,无,232,200,250,s6-b2177-a0
4677,夜之锋刃＋大天使之杖＋石像鬼石板甲,无,232,200,250,s6-b2631-a0
4677,斯特拉克的挑战护手＋纳什之牙＋离子火花,无,232,200,250,s6-b3462-a0
4677,斯特拉克的挑战护手＋纳什之牙＋强袭者的链枷,无,232,200,250,s6-b3478-a0
4677,斯特拉克的挑战护手＋离子火花＋水银,无,232,200,250,s6-b3571-a0
4677,斯特拉克的挑战护手＋莫雷洛秘典＋薄暮法袍,无,232,200,250,s6-b3586-a0
4677,无尽之刃＋莫雷洛秘典＋圣盾使的誓约,无,232,200,250,s6-b3983-a0
4677,无尽之刃＋圣盾使的誓约＋棘刺背心,无,232,200,250,s6-b4029-a0
4677,无尽之刃＋适应性头盔＋强袭者的链枷,无,232,200,250,s6-b4049-a0
4677,红霸符＋泰坦的坚决＋巨龙之爪,无,232,200,250,s6-b4213-a0
4677,鬼索的狂暴之刃＋海妖之怒＋冕卫,无,232,200,250,s6-b4574-a0
4677,鬼索的狂暴之刃＋纳什之牙＋离子火花,无,232,200,250,s6-b4597-a0
4677,鬼索的狂暴之刃＋纳什之牙＋日炎斗篷,无,232,200,250,s6-b4607-a0
4677,鬼索的狂暴之刃＋纳什之牙＋薄暮法袍,无,232,200,250,s6-b4610-a0
4677,虚空之杖＋泰坦的坚决＋巨龙之爪,无,232,200,250,s6-b4889-a0
4677,泰坦的坚决＋大天使之杖＋巨龙之爪,无,232,200,250,s6-b5294-a0
4677,海妖之怒＋离子火花＋坚定之心,无,232,200,250,s6-b5604-a0
4677,海妖之怒＋莫雷洛秘典＋适应性头盔,无,232,200,250,s6-b5614-a0
4677,纳什之牙＋最后的轻语＋适应性头盔,无,232,200,250,s6-b5777-a0
4677,灭世者的死亡之帽＋莫雷洛秘典＋圣盾使的誓约,无,232,200,250,s6-b6307-a0
4677,灭世者的死亡之帽＋圣盾使的誓约＋棘刺背心,无,232,200,250,s6-b6353-a0
4677,灭世者的死亡之帽＋适应性头盔＋强袭者的链枷,无,232,200,250,s6-b6373-a0
4677,大天使之杖＋水银＋狂徒铠甲,无,232,200,250,s6-b6625-a0
4677,莫雷洛秘典＋珠光护手＋圣盾使的誓约,无,232,200,250,s6-b6972-a0
4677,珠光护手＋圣盾使的誓约＋棘刺背心,无,232,200,250,s6-b7123-a0
4677,珠光护手＋适应性头盔＋强袭者的链枷,无,232,200,250,s6-b7143-a0
4677,适应性头盔＋水银＋强袭者的链枷,无,232,200,250,s6-b7480-a0
4715,死亡之刃＋泰坦的坚决＋振奋盔甲,无,231,200,250,s6-b343-a0
4715,死亡之刃＋海妖之怒＋振奋盔甲,无,231,200,250,s6-b366-a0
4715,死亡之刃＋离子火花＋正义之手,无,231,200,250,s6-b484-a0
4715,死亡之刃＋莫雷洛秘典＋巨龙之爪,无,231,200,250,s6-b505-a0
4715,死亡之刃＋正义之手＋棘刺背心,无,231,200,250,s6-b576-a0
4715,死亡之刃＋巨龙之爪＋强袭者的链枷,无,231,200,250,s6-b619-a0
4715,巨人杀手＋蓝霸符＋坚定之心,无,231,200,250,s6-b1128-a0
4715,巨人杀手＋正义之手＋日炎斗篷,无,231,200,250,s6-b1173-a0
4715,巨人杀手＋巨龙之爪＋强袭者的链枷,无,231,200,250,s6-b1214-a0
4715,海克斯科技枪刃＋海克斯科技枪刃＋莫雷洛秘典,无,231,200,250,s6-b1242-a0
4715,海克斯科技枪刃＋鬼索的狂暴之刃＋大天使之杖,无,231,200,250,s6-b1442-a0
4715,海克斯科技枪刃＋灭世者的死亡之帽＋坚定之心,无,231,200,250,s6-b1590-a0
4715,海克斯科技枪刃＋珠光护手＋坚定之心,无,231,200,250,s6-b1675-a0
4715,朔极之矛＋朔极之矛＋适应性头盔,无,231,200,250,s6-b1806-a0
4715,朔极之矛＋泰坦的坚决＋薄暮法袍,无,231,200,250,s6-b2034-a0
4715,朔极之矛＋离子火花＋棘刺背心,无,231,200,250,s6-b2169-a0
4715,朔极之矛＋日炎斗篷＋水银,无,231,200,250,s6-b2290-a0
4715,夜之锋刃＋夜之锋刃＋坚定之心,无,231,200,250,s6-b2339-a0
4715,夜之锋刃＋鬼索的狂暴之刃＋坚定之心,无,231,200,250,s6-b2479-a0
4715,夜之锋刃＋泰坦的坚决＋冕卫,无,231,200,250,s6-b2516-a0
4715,夜之锋刃＋冕卫＋水银,无,231,200,250,s6-b2654-a0
4715,夜之锋刃＋离子火花＋薄暮法袍,无,231,200,250,s6-b2670-a0
4715,夜之锋刃＋珠光护手＋正义之手,无,231,200,250,s6-b2695-a0
4715,夜之锋刃＋日炎斗篷＋日炎斗篷,无,231,200,250,s6-b2782-a0
4715,夜之锋刃＋薄暮法袍＋薄暮法袍,无,231,200,250,s6-b2800-a0
4715,斯特拉克的挑战护手＋斯特拉克的挑战护手＋莫雷洛秘典,无,231,200,250,s6-b3288-a0
4715,斯特拉克的挑战护手＋红霸符＋蓝霸符,无,231,200,250,s6-b3345-a0
4715,斯特拉克的挑战护手＋泰坦的坚决＋离子火花,无,231,200,250,s6-b3417-a0
4715,斯特拉克的挑战护手＋泰坦的坚决＋棘刺背心,无,231,200,250,s6-b3425-a0
4715,斯特拉克的挑战护手＋最后的轻语＋蓝霸符,无,231,200,250,s6-b3486-a0
4715,斯特拉克的挑战护手＋薄暮法袍＋强袭者的链枷,无,231,200,250,s6-b3703-a0
4715,无尽之刃＋泰坦的坚决＋振奋盔甲,无,231,200,250,s6-b3829-a0
4715,无尽之刃＋海妖之怒＋振奋盔甲,无,231,200,250,s6-b3852-a0
4715,无尽之刃＋莫雷洛秘典＋巨龙之爪,无,231,200,250,s6-b3991-a0
4715,无尽之刃＋正义之手＋棘刺背心,无,231,200,250,s6-b4062-a0
4715,无尽之刃＋巨龙之爪＋强袭者的链枷,无,231,200,250,s6-b4105-a0
4715,红霸符＋离子火花＋正义之手,无,231,200,250,s6-b4348-a0
4715,红霸符＋莫雷洛秘典＋狂徒铠甲,无,231,200,250,s6-b4372-a0
4715,鬼索的狂暴之刃＋鬼索的狂暴之刃＋适应性头盔,无,231,200,250,s6-b4508-a0
4715,鬼索的狂暴之刃＋日炎斗篷＋水银,无,231,200,250,s6-b4821-a0
4715,鬼索的狂暴之刃＋坚定之心＋水银,无,231,200,250,s6-b4827-a0
4715,虚空之杖＋莫雷洛秘典＋狂徒铠甲,无,231,200,250,s6-b5048-a0
4715,虚空之杖＋巨龙之爪＋强袭者的链枷,无,231,200,250,s6-b5159-a0
4715,虚空之杖＋狂徒铠甲＋强袭者的链枷,无,231,200,250,s6-b5168-a0
4715,泰坦的坚决＋灭世者的死亡之帽＋振奋盔甲,无,231,200,250,s6-b5269-a0
4715,泰坦的坚决＋珠光护手＋振奋盔甲,无,231,200,250,s6-b5354-a0
4715,泰坦的坚决＋蓝霸符＋薄暮法袍,无,231,200,250,s6-b5375-a0
4715,泰坦的坚决＋水银＋狂徒铠甲,无,231,200,250,s6-b5465-a0
4715,泰坦的坚决＋狂徒铠甲＋强袭者的链枷,无,231,200,250,s6-b5468-a0
4715,海妖之怒＋灭世者的死亡之帽＋振奋盔甲,无,231,200,250,s6-b5545-a0
4715,海妖之怒＋珠光护手＋振奋盔甲,无,231,200,250,s6-b5630-a0
4715,灭世者的死亡之帽＋莫雷洛秘典＋巨龙之爪,无,231,200,250,s6-b6315-a0
4715,灭世者的死亡之帽＋巨龙之爪＋强袭者的链枷,无,231,200,250,s6-b6429-a0
4715,大天使之杖＋莫雷洛秘典＋巨龙之爪,无,231,200,250,s6-b6505-a0
4715,大天使之杖＋巨龙之爪＋强袭者的链枷,无,231,200,250,s6-b6619-a0
4715,莫雷洛秘典＋珠光护手＋巨龙之爪,无,231,200,250,s6-b6980-a0
4715,莫雷洛秘典＋正义之手＋棘刺背心,无,231,200,250,s6-b7036-a0
4715,莫雷洛秘典＋正义之手＋强袭者的链枷,无,231,200,250,s6-b7044-a0
4715,珠光护手＋巨龙之爪＋强袭者的链枷,无,231,200,250,s6-b7199-a0
4774,巨人杀手＋纳什之牙＋石像鬼石板甲,无,230,200,250,s6-b986-a0
4774,巨人杀手＋正义之手＋强袭者的链枷,无,230,200,250,s6-b1179-a0
4774,海克斯科技枪刃＋海克斯科技枪刃＋日炎斗篷,无,230,200,250,s6-b1251-a0
4774,海克斯科技枪刃＋朔极之矛＋虚空之杖,无,230,200,250,s6-b1265-a0
4774,海克斯科技枪刃＋斯特拉克的挑战护手＋红霸符,无,230,200,250,s6-b1353-a0
4774,海克斯科技枪刃＋无尽之刃＋蓝霸符,无,230,200,250,s6-b1394-a0
4774,海克斯科技枪刃＋泰坦的坚决＋离子火花,无,230,200,250,s6-b1493-a0
4774,朔极之矛＋鬼索的狂暴之刃＋鬼索的狂暴之刃,无,230,200,250,s6-b1963-a0
4774,朔极之矛＋棘刺背心＋薄暮法袍,无,230,200,250,s6-b2274-a0
4774,夜之锋刃＋海妖之怒＋正义之手,无,230,200,250,s6-b2547-a0
4774,夜之锋刃＋最后的轻语＋石像鬼石板甲,无,230,200,250,s6-b2592-a0
4774,夜之锋刃＋灭世者的死亡之帽＋正义之手,无,230,200,250,s6-b2610-a0
4774,夜之锋刃＋离子火花＋离子火花,无,230,200,250,s6-b2657-a0
4774,斯特拉克的挑战护手＋虚空之杖＋棘刺背心,无,230,200,250,s6-b3401-a0
4774,斯特拉克的挑战护手＋泰坦的坚决＋薄暮法袍,无,230,200,250,s6-b3430-a0
4774,斯特拉克的挑战护手＋薄暮法袍＋水银,无,230,200,250,s6-b3701-a0
4774,无尽之刃＋正义之手＋薄暮法袍,无,230,200,250,s6-b4067-a0
4774,无尽之刃＋正义之手＋强袭者的链枷,无,230,200,250,s6-b4070-a0
4774,红霸符＋泰坦的坚决＋正义之手,无,230,200,250,s6-b4208-a0
4774,鬼索的狂暴之刃＋泰坦的坚决＋冕卫,无,230,200,250,s6-b4551-a0
4774,鬼索的狂暴之刃＋石像鬼石板甲＋强袭者的链枷,无,230,200,250,s6-b4816-a0
4774,泰坦的坚决＋最后的轻语＋巨龙之爪,无,230,200,250,s6-b5255-a0
4774,泰坦的坚决＋石像鬼石板甲＋强袭者的链枷,无,230,200,250,s6-b5441-a0
4774,海妖之怒＋海妖之怒＋巨龙之爪,无,230,200,250,s6-b5488-a0
4774,海妖之怒＋最后的轻语＋圣盾使的誓约,无,230,200,250,s6-b5523-a0
4774,海妖之怒＋蓝霸符＋棘刺背心,无,230,200,250,s6-b5646-a0
4774,海妖之怒＋石像鬼石板甲＋强袭者的链枷,无,230,200,250,s6-b5717-a0
4774,海妖之怒＋水银＋狂徒铠甲,无,230,200,250,s6-b5741-a0
4774,海妖之怒＋狂徒铠甲＋强袭者的链枷,无,230,200,250,s6-b5744-a0
4774,最后的轻语＋离子火花＋坚定之心,无,230,200,250,s6-b6088-a0
4774,最后的轻语＋棘刺背心＋坚定之心,无,230,200,250,s6-b6188-a0
4774,最后的轻语＋坚定之心＋薄暮法袍,无,230,200,250,s6-b6211-a0
4774,灭世者的死亡之帽＋正义之手＋日炎斗篷,无,230,200,250,s6-b6388-a0
4774,大天使之杖＋正义之手＋棘刺背心,无,230,200,250,s6-b6576-a0
4774,莫雷洛秘典＋蓝霸符＋棘刺背心,无,230,200,250,s6-b6990-a0
4774,莫雷洛秘典＋石像鬼石板甲＋水银,无,230,200,250,s6-b7059-a0
4774,珠光护手＋正义之手＋日炎斗篷,无,230,200,250,s6-b7158-a0
4774,蓝霸符＋棘刺背心＋强袭者的链枷,无,230,200,250,s6-b7278-a0
4774,石像鬼石板甲＋水银＋强袭者的链枷,无,230,200,250,s6-b7682-a0
4813,死亡之刃＋鬼索的狂暴之刃＋狂徒铠甲,无,229,200,250,s6-b303-a0
4813,死亡之刃＋虚空之杖＋圣盾使的誓约,无,229,200,250,s6-b317-a0
4813,巨人杀手＋海克斯科技枪刃＋鬼索的狂暴之刃,无,229,200,250,s6-b671-a0
4813,巨人杀手＋最后的轻语＋振奋盔甲,无,229,200,250,s6-b1004-a0
4813,巨人杀手＋大天使之杖＋圣盾使的誓约,无,229,200,250,s6-b1041-a0
4813,海克斯科技枪刃＋斯特拉克的挑战护手＋海妖之怒,无,229,200,250,s6-b1357-a0
4813,海克斯科技枪刃＋无尽之刃＋坚定之心,无,229,200,250,s6-b1402-a0
4813,朔极之矛＋泰坦的坚决＋日炎斗篷,无,229,200,250,s6-b2031-a0
4813,朔极之矛＋离子火花＋日炎斗篷,无,229,200,250,s6-b2171-a0
4813,朔极之矛＋日炎斗篷＋薄暮法袍,无,229,200,250,s6-b2289-a0
4813,夜之锋刃＋棘刺背心＋日炎斗篷,无,229,200,250,s6-b2767-a0
4813,斯特拉克的挑战护手＋水银＋水银,无,229,200,250,s6-b3704-a0
4813,无尽之刃＋鬼索的狂暴之刃＋狂徒铠甲,无,229,200,250,s6-b3789-a0
4813,无尽之刃＋虚空之杖＋圣盾使的誓约,无,229,200,250,s6-b3803-a0
4813,无尽之刃＋正义之手＋日炎斗篷,无,229,200,250,s6-b4064-a0
4813,红霸符＋红霸符＋狂徒铠甲,无,229,200,250,s6-b4141-a0
4813,红霸符＋虚空之杖＋狂徒铠甲,无,229,200,250,s6-b4192-a0
4813,虚空之杖＋海妖之怒＋正义之手,无,229,200,250,s6-b4907-a0
4813,虚空之杖＋灭世者的死亡之帽＋圣盾使的誓约,无,229,200,250,s6-b4967-a0
4813,虚空之杖＋珠光护手＋圣盾使的誓约,无,229,200,250,s6-b5052-a0
4813,泰坦的坚决＋海妖之怒＋圣盾使的誓约,无,229,200,250,s6-b5204-a0
4813,泰坦的坚决＋海妖之怒＋狂徒铠甲,无,229,200,250,s6-b5215-a0
4813,泰坦的坚决＋纳什之牙＋适应性头盔,无,229,200,250,s6-b5227-a0
4813,泰坦的坚决＋棘刺背心＋坚定之心,无,229,200,250,s6-b5428-a0
4813,最后的轻语＋大天使之杖＋圣盾使的誓约,无,229,200,250,s6-b6046-a0
4813,最后的轻语＋正义之手＋日炎斗篷,无,229,200,250,s6-b6178-a0
4813,最后的轻语＋日炎斗篷＋坚定之心,无,229,200,250,s6-b6203-a0
4813,大天使之杖＋正义之手＋薄暮法袍,无,229,200,250,s6-b6581-a0
4813,莫雷洛秘典＋正义之手＋薄暮法袍,无,229,200,250,s6-b7041-a0
4813,适应性头盔＋水银＋水银,无,229,200,250,s6-b7478-a0
4813,棘刺背心＋棘刺背心＋棘刺背心,无,229,200,250,s6-b7605-a0
4844,死亡之刃＋海克斯科技枪刃＋坚定之心,无,228,200,250,s6-b96-a0
4844,死亡之刃＋泰坦的坚决＋巨龙之爪,无,228,200,250,s6-b349-a0
4844,死亡之刃＋正义之手＋薄暮法袍,无,228,200,250,s6-b581-a0
4844,巨人杀手＋海克斯科技枪刃＋海克斯科技枪刃,无,228,200,250,s6-b664-a0
4844,巨人杀手＋朔极之矛＋坚定之心,无,228,200,250,s6-b723-a0
4844,巨人杀手＋纳什之牙＋冕卫,无,228,200,250,s6-b976-a0
4844,海克斯科技枪刃＋朔极之矛＋海妖之怒,无,228,200,250,s6-b1267-a0
4844,海克斯科技枪刃＋斯特拉克的挑战护手＋最后的轻语,无,228,200,250,s6-b1359-a0
4844,海克斯科技枪刃＋斯特拉克的挑战护手＋灭世者的死亡之帽,无,228,200,250,s6-b1360-a0
4844,海克斯科技枪刃＋纳什之牙＋最后的轻语,无,228,200,250,s6-b1534-a0
4844,海克斯科技枪刃＋纳什之牙＋棘刺背心,无,228,200,250,s6-b1546-a0
4844,海克斯科技枪刃＋大天使之杖＋坚定之心,无,228,200,250,s6-b1609-a0
4844,朔极之矛＋朔极之矛＋斯特拉克的挑战护手,无,228,200,250,s6-b1789-a0
4844,朔极之矛＋朔极之矛＋鬼索的狂暴之刃,无,228,200,250,s6-b1792-a0
4844,朔极之矛＋斯特拉克的挑战护手＋最后的轻语,无,228,200,250,s6-b1887-a0
4844,朔极之矛＋红霸符＋坚定之心,无,228,200,250,s6-b1957-a0
4844,朔极之矛＋鬼索的狂暴之刃＋坚定之心,无,228,200,250,s6-b1983-a0
4844,朔极之矛＋蓝霸符＋坚定之心,无,228,200,250,s6-b2217-a0
4844,朔极之矛＋适应性头盔＋强袭者的链枷,无,228,200,250,s6-b2247-a0
4844,朔极之矛＋日炎斗篷＋日炎斗篷,无,228,200,250,s6-b2286-a0
4844,夜之锋刃＋无尽之刃＋正义之手,无,228,200,250,s6-b2422-a0
4844,斯特拉克的挑战护手＋红霸符＋鬼索的狂暴之刃,无,228,200,250,s6-b3333-a0
4844,斯特拉克的挑战护手＋鬼索的狂暴之刃＋虚空之杖,无,228,200,250,s6-b3360-a0
4844,斯特拉克的挑战护手＋虚空之杖＋纳什之牙,无,228,200,250,s6-b3388-a0
4844,斯特拉克的挑战护手＋海妖之怒＋离子火花,无,228,200,250,s6-b3440-a0
4844,斯特拉克的挑战护手＋海妖之怒＋薄暮法袍,无,228,200,250,s6-b3453-a0
4844,无尽之刃＋泰坦的坚决＋巨龙之爪,无,228,200,250,s6-b3835-a0
4844,红霸符＋冕卫＋水银,无,228,200,250,s6-b4338-a0
4844,红霸符＋蓝霸符＋坚定之心,无,228,200,250,s6-b4397-a0
4844,鬼索的狂暴之刃＋鬼索的狂暴之刃＋坚定之心,无,228,200,250,s6-b4514-a0
4844,鬼索的狂暴之刃＋纳什之牙＋纳什之牙,无,228,200,250,s6-b4592-a0
4844,鬼索的狂暴之刃＋离子火花＋棘刺背心,无,228,200,250,s6-b4700-a0
4844,虚空之杖＋虚空之杖＋狂徒铠甲,无,228,200,250,s6-b4868-a0
4844,泰坦的坚决＋泰坦的坚决＋狂徒铠甲,无,228,200,250,s6-b5192-a0
4844,泰坦的坚决＋灭世者的死亡之帽＋巨龙之爪,无,228,200,250,s6-b5275-a0
4844,泰坦的坚决＋离子火花＋蓝霸符,无,228,200,250,s6-b5320-a0
4844,泰坦的坚决＋珠光护手＋巨龙之爪,无,228,200,250,s6-b5360-a0
4844,海妖之怒＋海妖之怒＋适应性头盔,无,228,200,250,s6-b5481-a0
4844,海妖之怒＋海妖之怒＋狂徒铠甲,无,228,200,250,s6-b5491-a0
4844,纳什之牙＋离子火花＋蓝霸符,无,228,200,250,s6-b5849-a0
4844,纳什之牙＋蓝霸符＋日炎斗篷,无,228,200,250,s6-b5901-a0
4844,灭世者的死亡之帽＋正义之手＋强袭者的链枷,无,228,200,250,s6-b6394-a0
4844,大天使之杖＋坚定之心＋薄暮法袍,无,228,200,250,s6-b6611-a0
4844,冕卫＋水银＋强袭者的链枷,无,228,200,250,s6-b6797-a0
4844,莫雷洛秘典＋蓝霸符＋薄暮法袍,无,228,200,250,s6-b6995-a0
4844,狂徒铠甲＋强袭者的链枷＋强袭者的链枷,无,228,200,250,s6-b7768-a0
4890,死亡之刃＋海克斯科技枪刃＋蓝霸符,无,227,200,250,s6-b88-a0
4890,死亡之刃＋夜之锋刃＋圣盾使的誓约,无,227,200,250,s6-b152-a0
4890,死亡之刃＋夜之锋刃＋正义之手,无,227,200,250,s6-b155-a0
4890,死亡之刃＋斯特拉克的挑战护手＋棘刺背心,无,227,200,250,s6-b215-a0
4890,死亡之刃＋鬼索的狂暴之刃＋巨龙之爪,无,227,200,250,s6-b300-a0
4890,死亡之刃＋离子火花＋坚定之心,无,227,200,250,s6-b488-a0
4890,死亡之刃＋日炎斗篷＋坚定之心,无,227,200,250,s6-b603-a0
4890,死亡之刃＋巨龙之爪＋水银,无,227,200,250,s6-b617-a0
4890,巨人杀手＋夜之锋刃＋正义之手,无,227,200,250,s6-b750-a0
4890,巨人杀手＋虚空之杖＋正义之手,无,227,200,250,s6-b915-a0
4890,巨人杀手＋海妖之怒＋巨龙之爪,无,227,200,250,s6-b967-a0
4890,巨人杀手＋莫雷洛秘典＋适应性头盔,无,227,200,250,s6-b1093-a0
4890,巨人杀手＋棘刺背心＋坚定之心,无,227,200,250,s6-b1183-a0
4890,巨人杀手＋坚定之心＋薄暮法袍,无,227,200,250,s6-b1206-a0
4890,巨人杀手＋巨龙之爪＋水银,无,227,200,250,s6-b1212-a0
4890,海克斯科技枪刃＋海克斯科技枪刃＋红霸符,无,227,200,250,s6-b1231-a0
4890,海克斯科技枪刃＋泰坦的坚决＋薄暮法袍,无,227,200,250,s6-b1506-a0
4890,朔极之矛＋海妖之怒＋日炎斗篷,无,227,200,250,s6-b2054-a0
4890,夜之锋刃＋斯特拉克的挑战护手＋莫雷洛秘典,无,227,200,250,s6-b2388-a0
4890,夜之锋刃＋无尽之刃＋圣盾使的誓约,无,227,200,250,s6-b2419-a0
4890,夜之锋刃＋纳什之牙＋水银,无,227,200,250,s6-b2576-a0
4890,夜之锋刃＋灭世者的死亡之帽＋圣盾使的誓约,无,227,200,250,s6-b2607-a0
4890,夜之锋刃＋珠光护手＋圣盾使的誓约,无,227,200,250,s6-b2692-a0
4890,斯特拉克的挑战护手＋无尽之刃＋棘刺背心,无,227,200,250,s6-b3323-a0
4890,斯特拉克的挑战护手＋红霸符＋棘刺背心,无,227,200,250,s6-b3350-a0
4890,斯特拉克的挑战护手＋灭世者的死亡之帽＋棘刺背心,无,227,200,250,s6-b3511-a0
4890,斯特拉克的挑战护手＋大天使之杖＋棘刺背心,无,227,200,250,s6-b3530-a0
4890,斯特拉克的挑战护手＋珠光护手＋棘刺背心,无,227,200,250,s6-b3596-a0
4890,无尽之刃＋鬼索的狂暴之刃＋巨龙之爪,无,227,200,250,s6-b3786-a0
4890,无尽之刃＋离子火花＋坚定之心,无,227,200,250,s6-b3974-a0
4890,无尽之刃＋日炎斗篷＋坚定之心,无,227,200,250,s6-b4089-a0
4890,无尽之刃＋巨龙之爪＋水银,无,227,200,250,s6-b4103-a0
4890,红霸符＋海妖之怒＋巨龙之爪,无,227,200,250,s6-b4236-a0
4890,红霸符＋离子火花＋坚定之心,无,227,200,250,s6-b4352-a0
4890,红霸符＋坚定之心＋薄暮法袍,无,227,200,250,s6-b4475-a0
4890,鬼索的狂暴之刃＋灭世者的死亡之帽＋巨龙之爪,无,227,200,250,s6-b4650-a0
4890,鬼索的狂暴之刃＋珠光护手＋巨龙之爪,无,227,200,250,s6-b4735-a0
4890,鬼索的狂暴之刃＋适应性头盔＋强袭者的链枷,无,227,200,250,s6-b4778-a0
4890,鬼索的狂暴之刃＋棘刺背心＋薄暮法袍,无,227,200,250,s6-b4805-a0
4890,虚空之杖＋海妖之怒＋巨龙之爪,无,227,200,250,s6-b4912-a0
4890,虚空之杖＋适应性头盔＋强袭者的链枷,无,227,200,250,s6-b5103-a0
4890,虚空之杖＋日炎斗篷＋坚定之心,无,227,200,250,s6-b5143-a0
4890,泰坦的坚决＋海妖之怒＋适应性头盔,无,227,200,250,s6-b5205-a0
4890,泰坦的坚决＋最后的轻语＋正义之手,无,227,200,250,s6-b5250-a0
4890,泰坦的坚决＋蓝霸符＋棘刺背心,无,227,200,250,s6-b5370-a0
4890,泰坦的坚决＋适应性头盔＋水银,无,227,200,250,s6-b5401-a0
4890,海妖之怒＋最后的轻语＋巨龙之爪,无,227,200,250,s6-b5531-a0
4890,海妖之怒＋大天使之杖＋巨龙之爪,无,227,200,250,s6-b5570-a0
4890,海妖之怒＋蓝霸符＋日炎斗篷,无,227,200,250,s6-b5648-a0
4890,纳什之牙＋莫雷洛秘典＋坚定之心,无,227,200,250,s6-b5873-a0
4890,最后的轻语＋莫雷洛秘典＋狂徒铠甲,无,227,200,250,s6-b6108-a0
4890,最后的轻语＋巨龙之爪＋水银,无,227,200,250,s6-b6217-a0
4890,灭世者的死亡之帽＋离子火花＋坚定之心,无,227,200,250,s6-b6298-a0
4890,灭世者的死亡之帽＋日炎斗篷＋坚定之心,无,227,200,250,s6-b6413-a0
4890,灭世者的死亡之帽＋巨龙之爪＋水银,无,227,200,250,s6-b6427-a0
4890,灭世者的死亡之帽＋狂徒铠甲＋强袭者的链枷,无,227,200,250,s6-b6438-a0
4890,大天使之杖＋大天使之杖＋正义之手,无,227,200,250,s6-b6449-a0
4890,大天使之杖＋离子火花＋坚定之心,无,227,200,250,s6-b6488-a0
4890,大天使之杖＋莫雷洛秘典＋正义之手,无,227,200,250,s6-b6500-a0
4890,大天使之杖＋正义之手＋日炎斗篷,无,227,200,250,s6-b6578-a0
4890,大天使之杖＋日炎斗篷＋坚定之心,无,227,200,250,s6-b6603-a0
4890,大天使之杖＋巨龙之爪＋水银,无,227,200,250,s6-b6617-a0
4890,离子火花＋莫雷洛秘典＋棘刺背心,无,227,200,250,s6-b6825-a0
4890,离子火花＋珠光护手＋坚定之心,无,227,200,250,s6-b6843-a0
4890,莫雷洛秘典＋莫雷洛秘典＋正义之手,无,227,200,250,s6-b6960-a0
4890,莫雷洛秘典＋蓝霸符＋日炎斗篷,无,227,200,250,s6-b6992-a0
4890,莫雷洛秘典＋正义之手＋日炎斗篷,无,227,200,250,s6-b7038-a0
4890,珠光护手＋日炎斗篷＋坚定之心,无,227,200,250,s6-b7183-a0
4890,珠光护手＋巨龙之爪＋水银,无,227,200,250,s6-b7197-a0
4890,珠光护手＋狂徒铠甲＋强袭者的链枷,无,227,200,250,s6-b7208-a0
4890,蓝霸符＋棘刺背心＋水银,无,227,200,250,s6-b7276-a0
4961,死亡之刃＋朔极之矛＋石像鬼石板甲,无,226,200,250,s6-b126-a0
4961,死亡之刃＋泰坦的坚决＋正义之手,无,226,200,250,s6-b344-a0
4961,巨人杀手＋海克斯科技枪刃＋斯特拉克的挑战护手,无,226,200,250,s6-b668-a0
4961,海克斯科技枪刃＋朔极之矛＋蓝霸符,无,226,200,250,s6-b1276-a0
4961,海克斯科技枪刃＋红霸符＋坚定之心,无,226,200,250,s6-b1429-a0
4961,朔极之矛＋斯特拉克的挑战护手＋红霸符,无,226,200,250,s6-b1881-a0
4961,朔极之矛＋无尽之刃＋石像鬼石板甲,无,226,200,250,s6-b1928-a0
4961,朔极之矛＋泰坦的坚决＋离子火花,无,226,200,250,s6-b2021-a0
4961,朔极之矛＋纳什之牙＋棘刺背心,无,226,200,250,s6-b2074-a0
4961,朔极之矛＋纳什之牙＋日炎斗篷,无,226,200,250,s6-b2076-a0
4961,朔极之矛＋灭世者的死亡之帽＋石像鬼石板甲,无,226,200,250,s6-b2116-a0
4961,朔极之矛＋大天使之杖＋石像鬼石板甲,无,226,200,250,s6-b2135-a0
4961,朔极之矛＋珠光护手＋石像鬼石板甲,无,226,200,250,s6-b2201-a0
4961,朔极之矛＋棘刺背心＋日炎斗篷,无,226,200,250,s6-b2271-a0
4961,夜之锋刃＋夜之锋刃＋斯特拉克的挑战护手,无,226,200,250,s6-b2316-a0
4961,夜之锋刃＋最后的轻语＋冕卫,无,226,200,250,s6-b2582-a0
4961,夜之锋刃＋大天使之杖＋冕卫,无,226,200,250,s6-b2621-a0
4961,夜之锋刃＋坚定之心＋强袭者的链枷,无,226,200,250,s6-b2794-a0
4961,斯特拉克的挑战护手＋斯特拉克的挑战护手＋海妖之怒,无,226,200,250,s6-b3281-a0
4961,斯特拉克的挑战护手＋虚空之杖＋日炎斗篷,无,226,200,250,s6-b3403-a0
4961,斯特拉克的挑战护手＋灭世者的死亡之帽＋日炎斗篷,无,226,200,250,s6-b3513-a0
4961,斯特拉克的挑战护手＋珠光护手＋日炎斗篷,无,226,200,250,s6-b3598-a0
4961,红霸符＋纳什之牙＋日炎斗篷,无,226,200,250,s6-b4256-a0
4961,红霸符＋棘刺背心＋坚定之心,无,226,200,250,s6-b4452-a0
4961,泰坦的坚决＋纳什之牙＋冕卫,无,226,200,250,s6-b5221-a0
4961,纳什之牙＋离子火花＋棘刺背心,无,226,200,250,s6-b5854-a0
4961,最后的轻语＋正义之手＋棘刺背心,无,226,200,250,s6-b6176-a0
4961,最后的轻语＋石像鬼石板甲＋强袭者的链枷,无,226,200,250,s6-b6201-a0
4961,最后的轻语＋水银＋狂徒铠甲,无,226,200,250,s6-b6225-a0
4961,大天使之杖＋棘刺背心＋坚定之心,无,226,200,250,s6-b6588-a0
4961,冕卫＋莫雷洛秘典＋莫雷洛秘典,无,226,200,250,s6-b6665-a0
4961,蓝霸符＋薄暮法袍＋强袭者的链枷,无,226,200,250,s6-b7308-a0
4993,死亡之刃＋蓝霸符＋坚定之心,无,225,200,250,s6-b533-a0
4993,巨人杀手＋鬼索的狂暴之刃＋冕卫,无,225,200,250,s6-b882-a0
4993,海克斯科技枪刃＋虚空之杖＋坚定之心,无,225,200,250,s6-b1480-a0
4993,海克斯科技枪刃＋泰坦的坚决＋棘刺背心,无,225,200,250,s6-b1501-a0
4993,海克斯科技枪刃＋最后的轻语＋蓝霸符,无,225,200,250,s6-b1562-a0
4993,海克斯科技枪刃＋薄暮法袍＋水银,无,225,200,250,s6-b1777-a0
4993,朔极之矛＋海妖之怒＋薄暮法袍,无,225,200,250,s6-b2057-a0
4993,朔极之矛＋纳什之牙＋薄暮法袍,无,225,200,250,s6-b2079-a0
4993,朔极之矛＋最后的轻语＋坚定之心,无,225,200,250,s6-b2098-a0
4993,朔极之矛＋薄暮法袍＋薄暮法袍,无,225,200,250,s6-b2304-a0
4993,夜之锋刃＋棘刺背心＋棘刺背心,无,225,200,250,s6-b2765-a0
4993,斯特拉克的挑战护手＋斯特拉克的挑战护手＋水银,无,225,200,250,s6-b3301-a0
4993,斯特拉克的挑战护手＋虚空之杖＋蓝霸符,无,225,200,250,s6-b3396-a0
4993,斯特拉克的挑战护手＋大天使之杖＋蓝霸符,无,225,200,250,s6-b3525-a0
4993,无尽之刃＋蓝霸符＋坚定之心,无,225,200,250,s6-b4019-a0
4993,红霸符＋正义之手＋棘刺背心,无,225,200,250,s6-b4440-a0
4993,红霸符＋正义之手＋日炎斗篷,无,225,200,250,s6-b4442-a0
4993,红霸符＋正义之手＋薄暮法袍,无,225,200,250,s6-b4445-a0
4993,鬼索的狂暴之刃＋最后的轻语＋冕卫,无,225,200,250,s6-b4617-a0
4993,鬼索的狂暴之刃＋大天使之杖＋石像鬼石板甲,无,225,200,250,s6-b4666-a0
4993,泰坦的坚决＋蓝霸符＋日炎斗篷,无,225,200,250,s6-b5372-a0
4993,海妖之怒＋冕卫＋莫雷洛秘典,无,225,200,250,s6-b5577-a0
4993,海妖之怒＋蓝霸符＋薄暮法袍,无,225,200,250,s6-b5651-a0
4993,纳什之牙＋棘刺背心＋薄暮法袍,无,225,200,250,s6-b5959-a0
4993,灭世者的死亡之帽＋蓝霸符＋坚定之心,无,225,200,250,s6-b6343-a0
4993,莫雷洛秘典＋棘刺背心＋薄暮法袍,无,225,200,250,s6-b7050-a0
4993,珠光护手＋蓝霸符＋坚定之心,无,225,200,250,s6-b7113-a0
5020,死亡之刃＋斯特拉克的挑战护手＋离子火花,无,224,200,250,s6-b207-a0
5020,死亡之刃＋斯特拉克的挑战护手＋蓝霸符,无,224,200,250,s6-b210-a0
5020,死亡之刃＋斯特拉克的挑战护手＋日炎斗篷,无,224,200,250,s6-b217-a0
5020,死亡之刃＋虚空之杖＋巨龙之爪,无,224,200,250,s6-b325-a0
5020,死亡之刃＋海妖之怒＋巨龙之爪,无,224,200,250,s6-b372-a0
5020,死亡之刃＋莫雷洛秘典＋适应性头盔,无,224,200,250,s6-b498-a0
5020,死亡之刃＋正义之手＋日炎斗篷,无,224,200,250,s6-b578-a0
5020,巨人杀手＋斯特拉克的挑战护手＋棘刺背心,无,224,200,250,s6-b810-a0
5020,巨人杀手＋最后的轻语＋巨龙之爪,无,224,200,250,s6-b1010-a0
5020,巨人杀手＋大天使之杖＋巨龙之爪,无,224,200,250,s6-b1049-a0
5020,巨人杀手＋离子火花＋坚定之心,无,224,200,250,s6-b1083-a0
5020,巨人杀手＋莫雷洛秘典＋狂徒铠甲,无,224,200,250,s6-b1103-a0
5020,巨人杀手＋日炎斗篷＋坚定之心,无,224,200,250,s6-b1198-a0
5020,巨人杀手＋水银＋狂徒铠甲,无,224,200,250,s6-b1220-a0
5020,海克斯科技枪刃＋朔极之矛＋朔极之矛,无,224,200,250,s6-b1258-a0
5020,海克斯科技枪刃＋红霸符＋蓝霸符,无,224,200,250,s6-b1421-a0
5020,海克斯科技枪刃＋鬼索的狂暴之刃＋灭世者的死亡之帽,无,224,200,250,s6-b1441-a0
5020,海克斯科技枪刃＋泰坦的坚决＋日炎斗篷,无,224,200,250,s6-b1503-a0
5020,海克斯科技枪刃＋离子火花＋强袭者的链枷,无,224,200,250,s6-b1649-a0
5020,海克斯科技枪刃＋棘刺背心＋强袭者的链枷,无,224,200,250,s6-b1749-a0
5020,朔极之矛＋斯特拉克的挑战护手＋大天使之杖,无,224,200,250,s6-b1889-a0
5020,朔极之矛＋鬼索的狂暴之刃＋纳什之牙,无,224,200,250,s6-b1967-a0
5020,朔极之矛＋鬼索的狂暴之刃＋蓝霸符,无,224,200,250,s6-b1975-a0
5020,朔极之矛＋纳什之牙＋离子火花,无,224,200,250,s6-b2066-a0
5020,朔极之矛＋离子火花＋薄暮法袍,无,224,200,250,s6-b2174-a0
5020,朔极之矛＋莫雷洛秘典＋适应性头盔,无,224,200,250,s6-b2182-a0
5020,夜之锋刃＋斯特拉克的挑战护手＋强袭者的链枷,无,224,200,250,s6-b2403-a0
5020,夜之锋刃＋海妖之怒＋坚定之心,无,224,200,250,s6-b2551-a0
5020,夜之锋刃＋坚定之心＋水银,无,224,200,250,s6-b2792-a0
5020,斯特拉克的挑战护手＋斯特拉克的挑战护手＋强袭者的链枷,无,224,200,250,s6-b3303-a0
5020,斯特拉克的挑战护手＋无尽之刃＋离子火花,无,224,200,250,s6-b3315-a0
5020,斯特拉克的挑战护手＋无尽之刃＋蓝霸符,无,224,200,250,s6-b3318-a0
5020,斯特拉克的挑战护手＋无尽之刃＋日炎斗篷,无,224,200,250,s6-b3325-a0
5020,斯特拉克的挑战护手＋红霸符＋离子火花,无,224,200,250,s6-b3342-a0
5020,斯特拉克的挑战护手＋红霸符＋日炎斗篷,无,224,200,250,s6-b3352-a0
5020,斯特拉克的挑战护手＋红霸符＋薄暮法袍,无,224,200,250,s6-b3355-a0
5020,斯特拉克的挑战护手＋鬼索的狂暴之刃＋大天使之杖,无,224,200,250,s6-b3366-a0
5020,斯特拉克的挑战护手＋虚空之杖＋离子火花,无,224,200,250,s6-b3393-a0
5020,斯特拉克的挑战护手＋虚空之杖＋薄暮法袍,无,224,200,250,s6-b3406-a0
5020,斯特拉克的挑战护手＋最后的轻语＋棘刺背心,无,224,200,250,s6-b3491-a0
5020,斯特拉克的挑战护手＋灭世者的死亡之帽＋离子火花,无,224,200,250,s6-b3503-a0
5020,斯特拉克的挑战护手＋灭世者的死亡之帽＋蓝霸符,无,224,200,250,s6-b3506-a0
5020,斯特拉克的挑战护手＋大天使之杖＋离子火花,无,224,200,250,s6-b3522-a0
5020,斯特拉克的挑战护手＋大天使之杖＋薄暮法袍,无,224,200,250,s6-b3535-a0
5020,斯特拉克的挑战护手＋离子火花＋珠光护手,无,224,200,250,s6-b3559-a0
5020,斯特拉克的挑战护手＋珠光护手＋蓝霸符,无,224,200,250,s6-b3591-a0
5020,无尽之刃＋虚空之杖＋巨龙之爪,无,224,200,250,s6-b3811-a0
5020,无尽之刃＋海妖之怒＋巨龙之爪,无,224,200,250,s6-b3858-a0
5020,无尽之刃＋纳什之牙＋适应性头盔,无,224,200,250,s6-b3873-a0
5020,无尽之刃＋莫雷洛秘典＋适应性头盔,无,224,200,250,s6-b3984-a0
5020,红霸符＋红霸符＋巨龙之爪,无,224,200,250,s6-b4138-a0
5020,红霸符＋虚空之杖＋巨龙之爪,无,224,200,250,s6-b4189-a0
5020,红霸符＋泰坦的坚决＋狂徒铠甲,无,224,200,250,s6-b4216-a0
5020,红霸符＋莫雷洛秘典＋适应性头盔,无,224,200,250,s6-b4362-a0
5020,红霸符＋适应性头盔＋强袭者的链枷,无,224,200,250,s6-b4427-a0
5020,红霸符＋日炎斗篷＋坚定之心,无,224,200,250,s6-b4467-a0
5020,鬼索的狂暴之刃＋莫雷洛秘典＋适应性头盔,无,224,200,250,s6-b4713-a0
5020,虚空之杖＋灭世者的死亡之帽＋巨龙之爪,无,224,200,250,s6-b4975-a0
5020,虚空之杖＋离子火花＋坚定之心,无,224,200,250,s6-b5028-a0
5020,虚空之杖＋珠光护手＋巨龙之爪,无,224,200,250,s6-b5060-a0
5020,泰坦的坚决＋泰坦的坚决＋圣盾使的誓约,无,224,200,250,s6-b5181-a0
5020,泰坦的坚决＋海妖之怒＋石像鬼石板甲,无,224,200,250,s6-b5209-a0
5020,泰坦的坚决＋冕卫＋莫雷洛秘典,无,224,200,250,s6-b5301-a0
5020,泰坦的坚决＋石像鬼石板甲＋水银,无,224,200,250,s6-b5439-a0
5020,海妖之怒＋灭世者的死亡之帽＋巨龙之爪,无,224,200,250,s6-b5551-a0
5020,海妖之怒＋珠光护手＋巨龙之爪,无,224,200,250,s6-b5636-a0
5020,纳什之牙＋离子火花＋日炎斗篷,无,224,200,250,s6-b5856-a0
5020,纳什之牙＋珠光护手＋适应性头盔,无,224,200,250,s6-b5882-a0
5020,纳什之牙＋日炎斗篷＋薄暮法袍,无,224,200,250,s6-b5974-a0
5020,最后的轻语＋莫雷洛秘典＋适应性头盔,无,224,200,250,s6-b6098-a0
5020,灭世者的死亡之帽＋莫雷洛秘典＋适应性头盔,无,224,200,250,s6-b6308-a0
5020,大天使之杖＋适应性头盔＋强袭者的链枷,无,224,200,250,s6-b6563-a0
5020,离子火花＋莫雷洛秘典＋日炎斗篷,无,224,200,250,s6-b6827-a0
5020,离子火花＋蓝霸符＋强袭者的链枷,无,224,200,250,s6-b6862-a0
5020,莫雷洛秘典＋珠光护手＋适应性头盔,无,224,200,250,s6-b6973-a0
5020,莫雷洛秘典＋日炎斗篷＋日炎斗篷,无,224,200,250,s6-b7062-a0
5020,莫雷洛秘典＋日炎斗篷＋薄暮法袍,无,224,200,250,s6-b7065-a0
5097,死亡之刃＋海克斯科技枪刃＋鬼索的狂暴之刃,无,223,200,250,s6-b76-a0
5097,死亡之刃＋夜之锋刃＋冕卫,无,223,200,250,s6-b147-a0
5097,死亡之刃＋纳什之牙＋适应性头盔,无,223,200,250,s6-b387-a0
5097,死亡之刃＋纳什之牙＋石像鬼石板甲,无,223,200,250,s6-b391-a0
5097,死亡之刃＋莫雷洛秘典＋石像鬼石板甲,无,223,200,250,s6-b502-a0
5097,死亡之刃＋棘刺背心＋坚定之心,无,223,200,250,s6-b588-a0
5097,死亡之刃＋坚定之心＋薄暮法袍,无,223,200,250,s6-b611-a0
5097,巨人杀手＋斯特拉克的挑战护手＋日炎斗篷,无,223,200,250,s6-b812-a0
5097,巨人杀手＋石像鬼石板甲＋强袭者的链枷,无,223,200,250,s6-b1196-a0
5097,海克斯科技枪刃＋海克斯科技枪刃＋海妖之怒,无,223,200,250,s6-b1235-a0
5097,海克斯科技枪刃＋斯特拉克的挑战护手＋珠光护手,无,223,200,250,s6-b1365-a0
5097,海克斯科技枪刃＋无尽之刃＋鬼索的狂暴之刃,无,223,200,250,s6-b1382-a0
5097,海克斯科技枪刃＋鬼索的狂暴之刃＋珠光护手,无,223,200,250,s6-b1446-a0
5097,海克斯科技枪刃＋海妖之怒＋棘刺背心,无,223,200,250,s6-b1524-a0
5097,海克斯科技枪刃＋离子火花＋水银,无,223,200,250,s6-b1647-a0
5097,海克斯科技枪刃＋薄暮法袍＋强袭者的链枷,无,223,200,250,s6-b1779-a0
5097,朔极之矛＋泰坦的坚决＋适应性头盔,无,223,200,250,s6-b2026-a0
5097,朔极之矛＋海妖之怒＋离子火花,无,223,200,250,s6-b2044-a0
5097,朔极之矛＋棘刺背心＋水银,无,223,200,250,s6-b2275-a0
5097,夜之锋刃＋无尽之刃＋冕卫,无,223,200,250,s6-b2414-a0
5097,夜之锋刃＋灭世者的死亡之帽＋冕卫,无,223,200,250,s6-b2602-a0
5097,夜之锋刃＋冕卫＋珠光护手,无,223,200,250,s6-b2642-a0
5097,夜之锋刃＋莫雷洛秘典＋坚定之心,无,223,200,250,s6-b2684-a0
5097,斯特拉克的挑战护手＋最后的轻语＋日炎斗篷,无,223,200,250,s6-b3493-a0
5097,斯特拉克的挑战护手＋大天使之杖＋日炎斗篷,无,223,200,250,s6-b3532-a0
5097,无尽之刃＋纳什之牙＋石像鬼石板甲,无,223,200,250,s6-b3877-a0
5097,无尽之刃＋莫雷洛秘典＋石像鬼石板甲,无,223,200,250,s6-b3988-a0
5097,无尽之刃＋棘刺背心＋坚定之心,无,223,200,250,s6-b4074-a0
5097,无尽之刃＋坚定之心＋薄暮法袍,无,223,200,250,s6-b4097-a0
5097,红霸符＋莫雷洛秘典＋石像鬼石板甲,无,223,200,250,s6-b4366-a0
5097,红霸符＋正义之手＋强袭者的链枷,无,223,200,250,s6-b4448-a0
5097,鬼索的狂暴之刃＋棘刺背心＋日炎斗篷,无,223,200,250,s6-b4802-a0
5097,虚空之杖＋莫雷洛秘典＋石像鬼石板甲,无,223,200,250,s6-b5042-a0
5097,虚空之杖＋珠光护手＋正义之手,无,223,200,250,s6-b5055-a0
5097,虚空之杖＋棘刺背心＋坚定之心,无,223,200,250,s6-b5128-a0
5097,虚空之杖＋坚定之心＋薄暮法袍,无,223,200,250,s6-b5151-a0
5097,泰坦的坚决＋泰坦的坚决＋适应性头盔,无,223,200,250,s6-b5182-a0
5097,泰坦的坚决＋泰坦的坚决＋石像鬼石板甲,无,223,200,250,s6-b5186-a0
5097,泰坦的坚决＋最后的轻语＋圣盾使的誓约,无,223,200,250,s6-b5247-a0
5097,泰坦的坚决＋蓝霸符＋适应性头盔,无,223,200,250,s6-b5367-a0
5097,海妖之怒＋海妖之怒＋石像鬼石板甲,无,223,200,250,s6-b5485-a0
5097,海妖之怒＋离子火花＋蓝霸符,无,223,200,250,s6-b5596-a0
5097,纳什之牙＋灭世者的死亡之帽＋适应性头盔,无,223,200,250,s6-b5797-a0
5097,纳什之牙＋灭世者的死亡之帽＋石像鬼石板甲,无,223,200,250,s6-b5801-a0
5097,纳什之牙＋大天使之杖＋石像鬼石板甲,无,223,200,250,s6-b5820-a0
5097,纳什之牙＋珠光护手＋石像鬼石板甲,无,223,200,250,s6-b5886-a0
5097,纳什之牙＋蓝霸符＋薄暮法袍,无,223,200,250,s6-b5904-a0
5097,纳什之牙＋日炎斗篷＋日炎斗篷,无,223,200,250,s6-b5971-a0
5097,最后的轻语＋正义之手＋薄暮法袍,无,223,200,250,s6-b6181-a0
5097,灭世者的死亡之帽＋莫雷洛秘典＋石像鬼石板甲,无,223,200,250,s6-b6312-a0
5097,灭世者的死亡之帽＋棘刺背心＋坚定之心,无,223,200,250,s6-b6398-a0
5097,灭世者的死亡之帽＋坚定之心＋薄暮法袍,无,223,200,250,s6-b6421-a0
5097,冕卫＋莫雷洛秘典＋强袭者的链枷,无,223,200,250,s6-b6680-a0
5097,冕卫＋强袭者的链枷＋强袭者的链枷,无,223,200,250,s6-b6800-a0
5097,离子火花＋莫雷洛秘典＋蓝霸符,无,223,200,250,s6-b6820-a0
5097,离子火花＋棘刺背心＋水银,无,223,200,250,s6-b6915-a0
5097,离子火花＋棘刺背心＋强袭者的链枷,无,223,200,250,s6-b6917-a0
5097,莫雷洛秘典＋珠光护手＋石像鬼石板甲,无,223,200,250,s6-b6977-a0
5097,珠光护手＋棘刺背心＋坚定之心,无,223,200,250,s6-b7168-a0
5097,珠光护手＋坚定之心＋薄暮法袍,无,223,200,250,s6-b7191-a0
5097,蓝霸符＋日炎斗篷＋水银,无,223,200,250,s6-b7291-a0
5097,蓝霸符＋日炎斗篷＋强袭者的链枷,无,223,200,250,s6-b7293-a0
5159,死亡之刃＋莫雷洛秘典＋狂徒铠甲,无,222,200,250,s6-b508-a0
5159,海克斯科技枪刃＋斯特拉克的挑战护手＋无尽之刃,无,222,200,250,s6-b1352-a0
5159,海克斯科技枪刃＋泰坦的坚决＋纳什之牙,无,222,200,250,s6-b1488-a0
5159,海克斯科技枪刃＋最后的轻语＋坚定之心,无,222,200,250,s6-b1570-a0
5159,朔极之矛＋离子火花＋离子火花,无,222,200,250,s6-b2161-a0
5159,朔极之矛＋棘刺背心＋棘刺背心,无,222,200,250,s6-b2269-a0
5159,夜之锋刃＋斯特拉克的挑战护手＋海妖之怒,无,222,200,250,s6-b2381-a0
5159,夜之锋刃＋斯特拉克的挑战护手＋水银,无,222,200,250,s6-b2401-a0
5159,无尽之刃＋莫雷洛秘典＋狂徒铠甲,无,222,200,250,s6-b3994-a0
5159,红霸符＋红霸符＋正义之手,无,222,200,250,s6-b4133-a0
5159,红霸符＋纳什之牙＋适应性头盔,无,222,200,250,s6-b4251-a0
5159,红霸符＋大天使之杖＋正义之手,无,222,200,250,s6-b4313-a0
5159,红霸符＋莫雷洛秘典＋正义之手,无,222,200,250,s6-b4364-a0
5159,鬼索的狂暴之刃＋泰坦的坚决＋适应性头盔,无,222,200,250,s6-b4557-a0
5159,鬼索的狂暴之刃＋离子火花＋日炎斗篷,无,222,200,250,s6-b4702-a0
5159,鬼索的狂暴之刃＋日炎斗篷＋薄暮法袍,无,222,200,250,s6-b4820-a0
5159,虚空之杖＋蓝霸符＋适应性头盔,无,222,200,250,s6-b5067-a0
5159,泰坦的坚决＋最后的轻语＋狂徒铠甲,无,222,200,250,s6-b5258-a0
5159,海妖之怒＋蓝霸符＋适应性头盔,无,222,200,250,s6-b5643-a0
5159,纳什之牙＋最后的轻语＋坚定之心,无,222,200,250,s6-b5783-a0
5159,纳什之牙＋蓝霸符＋棘刺背心,无,222,200,250,s6-b5899-a0
5159,纳什之牙＋棘刺背心＋日炎斗篷,无,222,200,250,s6-b5956-a0
5159,灭世者的死亡之帽＋莫雷洛秘典＋狂徒铠甲,无,222,200,250,s6-b6318-a0
5159,灭世者的死亡之帽＋珠光护手＋正义之手,无,222,200,250,s6-b6325-a0
5159,灭世者的死亡之帽＋水银＋狂徒铠甲,无,222,200,250,s6-b6435-a0
5159,大天使之杖＋狂徒铠甲＋强袭者的链枷,无,222,200,250,s6-b6628-a0
5159,莫雷洛秘典＋珠光护手＋狂徒铠甲,无,222,200,250,s6-b6983-a0
5159,莫雷洛秘典＋棘刺背心＋日炎斗篷,无,222,200,250,s6-b7047-a0
5159,珠光护手＋水银＋狂徒铠甲,无,222,200,250,s6-b7205-a0
5159,蓝霸符＋薄暮法袍＋水银,无,222,200,250,s6-b7306-a0
5159,棘刺背心＋薄暮法袍＋水银,无,222,200,250,s6-b7641-a0
5159,棘刺背心＋薄暮法袍＋强袭者的链枷,无,222,200,250,s6-b7643-a0
5191,死亡之刃＋死亡之刃＋振奋盔甲,无,221,200,250,s6-b24-a0
5191,死亡之刃＋无尽之刃＋振奋盔甲,无,221,200,250,s6-b241-a0
5191,死亡之刃＋纳什之牙＋狂徒铠甲,无,221,200,250,s6-b397-a0
5191,死亡之刃＋适应性头盔＋水银,无,221,200,250,s6-b561-a0
5191,死亡之刃＋石像鬼石板甲＋强袭者的链枷,无,221,200,250,s6-b601-a0
5191,巨人杀手＋海克斯科技枪刃＋纳什之牙,无,221,200,250,s6-b675-a0
5191,巨人杀手＋红霸符＋正义之手,无,221,200,250,s6-b864-a0
5191,巨人杀手＋珠光护手＋正义之手,无,221,200,250,s6-b1110-a0
5191,巨人杀手＋蓝霸符＋适应性头盔,无,221,200,250,s6-b1122-a0
5191,巨人杀手＋适应性头盔＋水银,无,221,200,250,s6-b1156-a0
5191,巨人杀手＋狂徒铠甲＋强袭者的链枷,无,221,200,250,s6-b1223-a0
5191,海克斯科技枪刃＋斯特拉克的挑战护手＋大天使之杖,无,221,200,250,s6-b1361-a0
5191,海克斯科技枪刃＋日炎斗篷＋水银,无,221,200,250,s6-b1762-a0
5191,朔极之矛＋虚空之杖＋薄暮法袍,无,221,200,250,s6-b2010-a0
5191,朔极之矛＋海妖之怒＋适应性头盔,无,221,200,250,s6-b2049-a0
5191,朔极之矛＋薄暮法袍＋水银,无,221,200,250,s6-b2305-a0
5191,斯特拉克的挑战护手＋鬼索的狂暴之刃＋海妖之怒,无,221,200,250,s6-b3362-a0
5191,无尽之刃＋无尽之刃＋振奋盔甲,无,221,200,250,s6-b3727-a0
5191,无尽之刃＋适应性头盔＋水银,无,221,200,250,s6-b4047-a0
5191,无尽之刃＋石像鬼石板甲＋强袭者的链枷,无,221,200,250,s6-b4087-a0
5191,红霸符＋海妖之怒＋正义之手,无,221,200,250,s6-b4231-a0
5191,红霸符＋蓝霸符＋适应性头盔,无,221,200,250,s6-b4391-a0
5191,鬼索的狂暴之刃＋虚空之杖＋坚定之心,无,221,200,250,s6-b4539-a0
5191,鬼索的狂暴之刃＋海妖之怒＋适应性头盔,无,221,200,250,s6-b4580-a0
5191,鬼索的狂暴之刃＋离子火花＋薄暮法袍,无,221,200,250,s6-b4705-a0
5191,鬼索的狂暴之刃＋日炎斗篷＋日炎斗篷,无,221,200,250,s6-b4817-a0
5191,鬼索的狂暴之刃＋薄暮法袍＋薄暮法袍,无,221,200,250,s6-b4835-a0
5191,虚空之杖＋适应性头盔＋水银,无,221,200,250,s6-b5101-a0
5191,泰坦的坚决＋最后的轻语＋适应性头盔,无,221,200,250,s6-b5248-a0
5191,海妖之怒＋冕卫＋强袭者的链枷,无,221,200,250,s6-b5592-a0
5191,海妖之怒＋适应性头盔＋水银,无,221,200,250,s6-b5677-a0
5191,纳什之牙＋灭世者的死亡之帽＋狂徒铠甲,无,221,200,250,s6-b5807-a0
5191,最后的轻语＋灭世者的死亡之帽＋振奋盔甲,无,221,200,250,s6-b6029-a0
5191,最后的轻语＋珠光护手＋振奋盔甲,无,221,200,250,s6-b6114-a0
5191,最后的轻语＋蓝霸符＋薄暮法袍,无,221,200,250,s6-b6135-a0
5191,最后的轻语＋正义之手＋强袭者的链枷,无,221,200,250,s6-b6184-a0
5191,灭世者的死亡之帽＋适应性头盔＋水银,无,221,200,250,s6-b6371-a0
5191,灭世者的死亡之帽＋石像鬼石板甲＋强袭者的链枷,无,221,200,250,s6-b6411-a0
5191,大天使之杖＋莫雷洛秘典＋石像鬼石板甲,无,221,200,250,s6-b6502-a0
5191,大天使之杖＋莫雷洛秘典＋狂徒铠甲,无,221,200,250,s6-b6508-a0
5191,珠光护手＋适应性头盔＋水银,无,221,200,250,s6-b7141-a0
5191,珠光护手＋石像鬼石板甲＋强袭者的链枷,无,221,200,250,s6-b7181-a0
5191,棘刺背心＋日炎斗篷＋水银,无,221,200,250,s6-b7626-a0
5191,日炎斗篷＋日炎斗篷＋水银,无,221,200,250,s6-b7690-a0
5235,死亡之刃＋海克斯科技枪刃＋斯特拉克的挑战护手,无,220,200,250,s6-b73-a0
5235,死亡之刃＋斯特拉克的挑战护手＋薄暮法袍,无,220,200,250,s6-b220-a0
5235,死亡之刃＋泰坦的坚决＋石像鬼石板甲,无,220,200,250,s6-b346-a0
5235,死亡之刃＋海妖之怒＋石像鬼石板甲,无,220,200,250,s6-b369-a0
5235,死亡之刃＋大天使之杖＋巨龙之爪,无,220,200,250,s6-b454-a0
5235,死亡之刃＋石像鬼石板甲＋水银,无,220,200,250,s6-b599-a0
5235,死亡之刃＋水银＋狂徒铠甲,无,220,200,250,s6-b625-a0
5235,死亡之刃＋狂徒铠甲＋强袭者的链枷,无,220,200,250,s6-b628-a0
5235,巨人杀手＋巨人杀手＋巨龙之爪,无,220,200,250,s6-b659-a0
5235,巨人杀手＋夜之锋刃＋冕卫,无,220,200,250,s6-b742-a0
5235,巨人杀手＋斯特拉克的挑战护手＋离子火花,无,220,200,250,s6-b802-a0
5235,巨人杀手＋斯特拉克的挑战护手＋薄暮法袍,无,220,200,250,s6-b815-a0
5235,巨人杀手＋适应性头盔＋强袭者的链枷,无,220,200,250,s6-b1158-a0
5235,海克斯科技枪刃＋海克斯科技枪刃＋灭世者的死亡之帽,无,220,200,250,s6-b1238-a0
5235,海克斯科技枪刃＋朔极之矛＋红霸符,无,220,200,250,s6-b1263-a0
5235,海克斯科技枪刃＋海妖之怒＋薄暮法袍,无,220,200,250,s6-b1529-a0
5235,海克斯科技枪刃＋水银＋水银,无,220,200,250,s6-b1780-a0
5235,朔极之矛＋夜之锋刃＋纳什之牙,无,220,200,250,s6-b1827-a0
5235,朔极之矛＋夜之锋刃＋莫雷洛秘典,无,220,200,250,s6-b1833-a0
5235,朔极之矛＋虚空之杖＋棘刺背心,无,220,200,250,s6-b2005-a0
5235,朔极之矛＋虚空之杖＋日炎斗篷,无,220,200,250,s6-b2007-a0
5235,夜之锋刃＋斯特拉克的挑战护手＋泰坦的坚决,无,220,200,250,s6-b2380-a0
5235,夜之锋刃＋泰坦的坚决＋坚定之心,无,220,200,250,s6-b2528-a0
5235,夜之锋刃＋纳什之牙＋蓝霸符,无,220,200,250,s6-b2565-a0
5235,斯特拉克的挑战护手＋无尽之刃＋薄暮法袍,无,220,200,250,s6-b3328-a0
5235,斯特拉克的挑战护手＋鬼索的狂暴之刃＋强袭者的链枷,无,220,200,250,s6-b3384-a0
5235,斯特拉克的挑战护手＋纳什之牙＋最后的轻语,无,220,200,250,s6-b3458-a0
5235,斯特拉克的挑战护手＋最后的轻语＋离子火花,无,220,200,250,s6-b3483-a0
5235,斯特拉克的挑战护手＋最后的轻语＋薄暮法袍,无,220,200,250,s6-b3496-a0
5235,斯特拉克的挑战护手＋灭世者的死亡之帽＋薄暮法袍,无,220,200,250,s6-b3516-a0
5235,斯特拉克的挑战护手＋珠光护手＋薄暮法袍,无,220,200,250,s6-b3601-a0
5235,无尽之刃＋泰坦的坚决＋石像鬼石板甲,无,220,200,250,s6-b3832-a0
5235,无尽之刃＋海妖之怒＋石像鬼石板甲,无,220,200,250,s6-b3855-a0
5235,无尽之刃＋大天使之杖＋巨龙之爪,无,220,200,250,s6-b3940-a0
5235,无尽之刃＋石像鬼石板甲＋水银,无,220,200,250,s6-b4085-a0
5235,无尽之刃＋水银＋狂徒铠甲,无,220,200,250,s6-b4111-a0
5235,无尽之刃＋狂徒铠甲＋强袭者的链枷,无,220,200,250,s6-b4114-a0
5235,红霸符＋海妖之怒＋石像鬼石板甲,无,220,200,250,s6-b4233-a0
5235,红霸符＋海妖之怒＋狂徒铠甲,无,220,200,250,s6-b4239-a0
5235,红霸符＋大天使之杖＋巨龙之爪,无,220,200,250,s6-b4318-a0
5235,红霸符＋石像鬼石板甲＋水银,无,220,200,250,s6-b4463-a0
5235,红霸符＋狂徒铠甲＋强袭者的链枷,无,220,200,250,s6-b4492-a0
5235,鬼索的狂暴之刃＋蓝霸符＋棘刺背心,无,220,200,250,s6-b4745-a0
5235,虚空之杖＋纳什之牙＋适应性头盔,无,220,200,250,s6-b4927-a0
5235,虚空之杖＋莫雷洛秘典＋适应性头盔,无,220,200,250,s6-b5038-a0
5235,泰坦的坚决＋灭世者的死亡之帽＋石像鬼石板甲,无,220,200,250,s6-b5272-a0
5235,泰坦的坚决＋冕卫＋水银,无,220,200,250,s6-b5314-a0
5235,泰坦的坚决＋珠光护手＋石像鬼石板甲,无,220,200,250,s6-b5357-a0
5235,海妖之怒＋海妖之怒＋正义之手,无,220,200,250,s6-b5483-a0
5235,海妖之怒＋最后的轻语＋狂徒铠甲,无,220,200,250,s6-b5534-a0
5235,海妖之怒＋灭世者的死亡之帽＋石像鬼石板甲,无,220,200,250,s6-b5548-a0
5235,海妖之怒＋冕卫＋水银,无,220,200,250,s6-b5590-a0
5235,海妖之怒＋离子火花＋棘刺背心,无,220,200,250,s6-b5601-a0
5235,海妖之怒＋珠光护手＋石像鬼石板甲,无,220,200,250,s6-b5633-a0
5235,海妖之怒＋石像鬼石板甲＋水银,无,220,200,250,s6-b5715-a0
5235,纳什之牙＋大天使之杖＋适应性头盔,无,220,200,250,s6-b5816-a0
5235,最后的轻语＋适应性头盔＋强袭者的链枷,无,220,200,250,s6-b6163-a0
5235,最后的轻语＋狂徒铠甲＋强袭者的链枷,无,220,200,250,s6-b6228-a0
5235,灭世者的死亡之帽＋大天使之杖＋巨龙之爪,无,220,200,250,s6-b6264-a0
5235,灭世者的死亡之帽＋石像鬼石板甲＋水银,无,220,200,250,s6-b6409-a0
5235,大天使之杖＋大天使之杖＋巨龙之爪,无,220,200,250,s6-b6454-a0
5235,大天使之杖＋莫雷洛秘典＋适应性头盔,无,220,200,250,s6-b6498-a0
5235,大天使之杖＋珠光护手＋巨龙之爪,无,220,200,250,s6-b6520-a0
5235,离子火花＋蓝霸符＋水银,无,220,200,250,s6-b6860-a0
5235,离子火花＋日炎斗篷＋水银,无,220,200,250,s6-b6930-a0
5235,离子火花＋日炎斗篷＋强袭者的链枷,无,220,200,250,s6-b6932-a0
5235,珠光护手＋石像鬼石板甲＋水银,无,220,200,250,s6-b7179-a0
5235,石像鬼石板甲＋水银＋水银,无,220,200,250,s6-b7680-a0
5235,日炎斗篷＋日炎斗篷＋强袭者的链枷,无,220,200,250,s6-b7692-a0
5235,日炎斗篷＋薄暮法袍＋水银,无,220,200,250,s6-b7705-a0
5235,日炎斗篷＋薄暮法袍＋强袭者的链枷,无,220,200,250,s6-b7707-a0
5306,死亡之刃＋泰坦的坚决＋狂徒铠甲,无,219,200,250,s6-b352-a0
5306,死亡之刃＋海妖之怒＋狂徒铠甲,无,219,200,250,s6-b375-a0
5306,死亡之刃＋最后的轻语＋振奋盔甲,无,219,200,250,s6-b409-a0
5306,死亡之刃＋灭世者的死亡之帽＋振奋盔甲,无,219,200,250,s6-b429-a0
5306,死亡之刃＋珠光护手＋振奋盔甲,无,219,200,250,s6-b514-a0
5306,死亡之刃＋正义之手＋强袭者的链枷,无,219,200,250,s6-b584-a0
5306,巨人杀手＋泰坦的坚决＋圣盾使的誓约,无,219,200,250,s6-b936-a0
5306,巨人杀手＋泰坦的坚决＋狂徒铠甲,无,219,200,250,s6-b947-a0
5306,巨人杀手＋海妖之怒＋圣盾使的誓约,无,219,200,250,s6-b959-a0
5306,巨人杀手＋海妖之怒＋正义之手,无,219,200,250,s6-b962-a0
5306,巨人杀手＋海妖之怒＋狂徒铠甲,无,219,200,250,s6-b970-a0
5306,巨人杀手＋莫雷洛秘典＋石像鬼石板甲,无,219,200,250,s6-b1097-a0
5306,海克斯科技枪刃＋海克斯科技枪刃＋珠光护手,无,219,200,250,s6-b1243-a0
5306,海克斯科技枪刃＋朔极之矛＋灭世者的死亡之帽,无,219,200,250,s6-b1270-a0
5306,海克斯科技枪刃＋海妖之怒＋离子火花,无,219,200,250,s6-b1516-a0
5306,海克斯科技枪刃＋日炎斗篷＋强袭者的链枷,无,219,200,250,s6-b1764-a0
5306,朔极之矛＋朔极之矛＋棘刺背心,无,219,200,250,s6-b1809-a0
5306,朔极之矛＋斯特拉克的挑战护手＋蓝霸符,无,219,200,250,s6-b1894-a0
5306,朔极之矛＋虚空之杖＋离子火花,无,219,200,250,s6-b1997-a0
5306,朔极之矛＋离子火花＋水银,无,219,200,250,s6-b2175-a0
5306,夜之锋刃＋纳什之牙＋纳什之牙,无,219,200,250,s6-b2557-a0
5306,夜之锋刃＋最后的轻语＋正义之手,无,219,200,250,s6-b2590-a0
5306,斯特拉克的挑战护手＋斯特拉克的挑战护手＋虚空之杖,无,219,200,250,s6-b3279-a0
5306,斯特拉克的挑战护手＋斯特拉克的挑战护手＋灭世者的死亡之帽,无,219,200,250,s6-b3284-a0
5306,斯特拉克的挑战护手＋斯特拉克的挑战护手＋珠光护手,无,219,200,250,s6-b3289-a0
5306,斯特拉克的挑战护手＋鬼索的狂暴之刃＋泰坦的坚决,无,219,200,250,s6-b3361-a0
5306,无尽之刃＋泰坦的坚决＋狂徒铠甲,无,219,200,250,s6-b3838-a0
5306,无尽之刃＋海妖之怒＋正义之手,无,219,200,250,s6-b3853-a0
5306,无尽之刃＋海妖之怒＋狂徒铠甲,无,219,200,250,s6-b3861-a0
5306,无尽之刃＋最后的轻语＋振奋盔甲,无,219,200,250,s6-b3895-a0
5306,无尽之刃＋灭世者的死亡之帽＋振奋盔甲,无,219,200,250,s6-b3915-a0
5306,无尽之刃＋珠光护手＋振奋盔甲,无,219,200,250,s6-b4000-a0
5306,红霸符＋泰坦的坚决＋适应性头盔,无,219,200,250,s6-b4206-a0
5306,红霸符＋石像鬼石板甲＋强袭者的链枷,无,219,200,250,s6-b4465-a0
5306,鬼索的狂暴之刃＋离子火花＋离子火花,无,219,200,250,s6-b4692-a0
5306,鬼索的狂暴之刃＋莫雷洛秘典＋坚定之心,无,219,200,250,s6-b4719-a0
5306,虚空之杖＋泰坦的坚决＋狂徒铠甲,无,219,200,250,s6-b4892-a0
5306,虚空之杖＋海妖之怒＋狂徒铠甲,无,219,200,250,s6-b4915-a0
5306,虚空之杖＋灭世者的死亡之帽＋正义之手,无,219,200,250,s6-b4970-a0
5306,虚空之杖＋蓝霸符＋棘刺背心,无,219,200,250,s6-b5070-a0
5306,虚空之杖＋石像鬼石板甲＋强袭者的链枷,无,219,200,250,s6-b5141-a0
5306,泰坦的坚决＋灭世者的死亡之帽＋狂徒铠甲,无,219,200,250,s6-b5278-a0
5306,泰坦的坚决＋大天使之杖＋狂徒铠甲,无,219,200,250,s6-b5297-a0
5306,泰坦的坚决＋冕卫＋强袭者的链枷,无,219,200,250,s6-b5316-a0
5306,泰坦的坚决＋珠光护手＋狂徒铠甲,无,219,200,250,s6-b5363-a0
5306,海妖之怒＋灭世者的死亡之帽＋正义之手,无,219,200,250,s6-b5546-a0
5306,海妖之怒＋灭世者的死亡之帽＋狂徒铠甲,无,219,200,250,s6-b5554-a0
5306,海妖之怒＋大天使之杖＋正义之手,无,219,200,250,s6-b5565-a0
5306,海妖之怒＋大天使之杖＋狂徒铠甲,无,219,200,250,s6-b5573-a0
5306,海妖之怒＋珠光护手＋正义之手,无,219,200,250,s6-b5631-a0
5306,海妖之怒＋珠光护手＋狂徒铠甲,无,219,200,250,s6-b5639-a0
5306,海妖之怒＋棘刺背心＋薄暮法袍,无,219,200,250,s6-b5706-a0
5306,纳什之牙＋纳什之牙＋莫雷洛秘典,无,219,200,250,s6-b5752-a0
5306,纳什之牙＋棘刺背心＋棘刺背心,无,219,200,250,s6-b5954-a0
5306,纳什之牙＋薄暮法袍＋薄暮法袍,无,219,200,250,s6-b5989-a0
5306,最后的轻语＋莫雷洛秘典＋石像鬼石板甲,无,219,200,250,s6-b6102-a0
5306,灭世者的死亡之帽＋灭世者的死亡之帽＋振奋盔甲,无,219,200,250,s6-b6239-a0
5306,灭世者的死亡之帽＋珠光护手＋振奋盔甲,无,219,200,250,s6-b6324-a0
5306,大天使之杖＋石像鬼石板甲＋强袭者的链枷,无,219,200,250,s6-b6601-a0
5306,莫雷洛秘典＋棘刺背心＋棘刺背心,无,219,200,250,s6-b7045-a0
5306,莫雷洛秘典＋薄暮法袍＋薄暮法袍,无,219,200,250,s6-b7080-a0
5306,珠光护手＋珠光护手＋振奋盔甲,无,219,200,250,s6-b7094-a0
5306,蓝霸符＋蓝霸符＋蓝霸符,无,219,200,250,s6-b7210-a0
5306,蓝霸符＋蓝霸符＋棘刺背心,无,219,200,250,s6-b7215-a0
5306,棘刺背心＋日炎斗篷＋强袭者的链枷,无,219,200,250,s6-b7628-a0
5306,薄暮法袍＋薄暮法袍＋强袭者的链枷,无,219,200,250,s6-b7753-a0
5372,死亡之刃＋死亡之刃＋巨龙之爪,无,218,200,250,s6-b30-a0
5372,死亡之刃＋无尽之刃＋巨龙之爪,无,218,200,250,s6-b247-a0
5372,死亡之刃＋红霸符＋圣盾使的誓约,无,218,200,250,s6-b266-a0
5372,死亡之刃＋海妖之怒＋正义之手,无,218,200,250,s6-b367-a0
5372,死亡之刃＋灭世者的死亡之帽＋巨龙之爪,无,218,200,250,s6-b435-a0
5372,死亡之刃＋珠光护手＋巨龙之爪,无,218,200,250,s6-b520-a0
5372,巨人杀手＋海克斯科技枪刃＋离子火花,无,218,200,250,s6-b680-a0
5372,巨人杀手＋红霸符＋巨龙之爪,无,218,200,250,s6-b869-a0
5372,巨人杀手＋灭世者的死亡之帽＋正义之手,无,218,200,250,s6-b1025-a0
5372,海克斯科技枪刃＋鬼索的狂暴之刃＋最后的轻语,无,218,200,250,s6-b1440-a0
5372,海克斯科技枪刃＋灭世者的死亡之帽＋离子火花,无,218,200,250,s6-b1579-a0
5372,海克斯科技枪刃＋离子火花＋莫雷洛秘典,无,218,200,250,s6-b1634-a0
5372,海克斯科技枪刃＋棘刺背心＋水银,无,218,200,250,s6-b1747-a0
5372,朔极之矛＋红霸符＋日炎斗篷,无,218,200,250,s6-b1956-a0
5372,朔极之矛＋虚空之杖＋适应性头盔,无,218,200,250,s6-b2002-a0
5372,朔极之矛＋莫雷洛秘典＋日炎斗篷,无,218,200,250,s6-b2187-a0
5372,朔极之矛＋莫雷洛秘典＋薄暮法袍,无,218,200,250,s6-b2190-a0
5372,夜之锋刃＋夜之锋刃＋离子火花,无,218,200,250,s6-b2328-a0
5372,夜之锋刃＋夜之锋刃＋薄暮法袍,无,218,200,250,s6-b2341-a0
5372,夜之锋刃＋纳什之牙＋离子火花,无,218,200,250,s6-b2562-a0
5372,夜之锋刃＋纳什之牙＋日炎斗篷,无,218,200,250,s6-b2572-a0
5372,夜之锋刃＋纳什之牙＋薄暮法袍,无,218,200,250,s6-b2575-a0
5372,无尽之刃＋无尽之刃＋巨龙之爪,无,218,200,250,s6-b3733-a0
5372,无尽之刃＋红霸符＋圣盾使的誓约,无,218,200,250,s6-b3752-a0
5372,无尽之刃＋灭世者的死亡之帽＋巨龙之爪,无,218,200,250,s6-b3921-a0
5372,无尽之刃＋珠光护手＋巨龙之爪,无,218,200,250,s6-b4006-a0
5372,红霸符＋最后的轻语＋适应性头盔,无,218,200,250,s6-b4272-a0
5372,红霸符＋灭世者的死亡之帽＋圣盾使的誓约,无,218,200,250,s6-b4291-a0
5372,红霸符＋珠光护手＋圣盾使的誓约,无,218,200,250,s6-b4376-a0
5372,鬼索的狂暴之刃＋虚空之杖＋适应性头盔,无,218,200,250,s6-b4533-a0
5372,虚空之杖＋虚空之杖＋适应性头盔,无,218,200,250,s6-b4858-a0
5372,泰坦的坚决＋离子火花＋棘刺背心,无,218,200,250,s6-b5325-a0
5372,泰坦的坚决＋离子火花＋日炎斗篷,无,218,200,250,s6-b5327-a0
5372,海妖之怒＋莫雷洛秘典＋正义之手,无,218,200,250,s6-b5616-a0
5372,海妖之怒＋棘刺背心＋日炎斗篷,无,218,200,250,s6-b5703-a0
5372,海妖之怒＋日炎斗篷＋日炎斗篷,无,218,200,250,s6-b5718-a0
5372,纳什之牙＋纳什之牙＋纳什之牙,无,218,200,250,s6-b5746-a0
5372,纳什之牙＋离子火花＋薄暮法袍,无,218,200,250,s6-b5859-a0
5372,最后的轻语＋珠光护手＋正义之手,无,218,200,250,s6-b6115-a0
5372,最后的轻语＋蓝霸符＋适应性头盔,无,218,200,250,s6-b6127-a0
5372,灭世者的死亡之帽＋灭世者的死亡之帽＋巨龙之爪,无,218,200,250,s6-b6245-a0
5372,灭世者的死亡之帽＋珠光护手＋巨龙之爪,无,218,200,250,s6-b6330-a0
5372,大天使之杖＋蓝霸符＋适应性头盔,无,218,200,250,s6-b6527-a0
5372,离子火花＋莫雷洛秘典＋薄暮法袍,无,218,200,250,s6-b6830-a0
5372,珠光护手＋珠光护手＋正义之手,无,218,200,250,s6-b7095-a0
5372,珠光护手＋珠光护手＋巨龙之爪,无,218,200,250,s6-b7100-a0
5372,蓝霸符＋蓝霸符＋日炎斗篷,无,218,200,250,s6-b7217-a0
5419,死亡之刃＋巨人杀手＋巨龙之爪,无,217,200,250,s6-b64-a0
5419,死亡之刃＋朔极之矛＋冕卫,无,217,200,250,s6-b116-a0
5419,死亡之刃＋夜之锋刃＋坚定之心,无,217,200,250,s6-b159-a0
5419,死亡之刃＋红霸符＋巨龙之爪,无,217,200,250,s6-b274-a0
5419,死亡之刃＋最后的轻语＋巨龙之爪,无,217,200,250,s6-b415-a0
5419,巨人杀手＋无尽之刃＋正义之手,无,217,200,250,s6-b837-a0
5419,巨人杀手＋无尽之刃＋巨龙之爪,无,217,200,250,s6-b842-a0
5419,巨人杀手＋虚空之杖＋巨龙之爪,无,217,200,250,s6-b920-a0
5419,巨人杀手＋泰坦的坚决＋石像鬼石板甲,无,217,200,250,s6-b941-a0
5419,巨人杀手＋海妖之怒＋石像鬼石板甲,无,217,200,250,s6-b964-a0
5419,巨人杀手＋灭世者的死亡之帽＋巨龙之爪,无,217,200,250,s6-b1030-a0
5419,巨人杀手＋大天使之杖＋正义之手,无,217,200,250,s6-b1044-a0
5419,巨人杀手＋冕卫＋莫雷洛秘典,无,217,200,250,s6-b1056-a0
5419,巨人杀手＋珠光护手＋巨龙之爪,无,217,200,250,s6-b1115-a0
5419,巨人杀手＋蓝霸符＋薄暮法袍,无,217,200,250,s6-b1130-a0
5419,海克斯科技枪刃＋夜之锋刃＋泰坦的坚决,无,217,200,250,s6-b1297-a0
5419,海克斯科技枪刃＋海妖之怒＋日炎斗篷,无,217,200,250,s6-b1526-a0
5419,海克斯科技枪刃＋纳什之牙＋珠光护手,无,217,200,250,s6-b1540-a0
5419,海克斯科技枪刃＋离子火花＋珠光护手,无,217,200,250,s6-b1635-a0
5419,海克斯科技枪刃＋莫雷洛秘典＋棘刺背心,无,217,200,250,s6-b1657-a0
5419,朔极之矛＋朔极之矛＋薄暮法袍,无,217,200,250,s6-b1814-a0
5419,朔极之矛＋无尽之刃＋冕卫,无,217,200,250,s6-b1918-a0
5419,朔极之矛＋灭世者的死亡之帽＋冕卫,无,217,200,250,s6-b2106-a0
5419,朔极之矛＋冕卫＋珠光护手,无,217,200,250,s6-b2146-a0
5419,夜之锋刃＋夜之锋刃＋蓝霸符,无,217,200,250,s6-b2331-a0
5419,夜之锋刃＋无尽之刃＋坚定之心,无,217,200,250,s6-b2426-a0
5419,夜之锋刃＋红霸符＋冕卫,无,217,200,250,s6-b2441-a0
5419,夜之锋刃＋虚空之杖＋冕卫,无,217,200,250,s6-b2492-a0
5419,夜之锋刃＋灭世者的死亡之帽＋坚定之心,无,217,200,250,s6-b2614-a0
5419,夜之锋刃＋珠光护手＋坚定之心,无,217,200,250,s6-b2699-a0
5419,无尽之刃＋红霸符＋巨龙之爪,无,217,200,250,s6-b3760-a0
5419,无尽之刃＋虚空之杖＋正义之手,无,217,200,250,s6-b3806-a0
5419,无尽之刃＋最后的轻语＋巨龙之爪,无,217,200,250,s6-b3901-a0
5419,无尽之刃＋灭世者的死亡之帽＋正义之手,无,217,200,250,s6-b3916-a0
5419,红霸符＋泰坦的坚决＋石像鬼石板甲,无,217,200,250,s6-b4210-a0
5419,红霸符＋海妖之怒＋适应性头盔,无,217,200,250,s6-b4229-a0
5419,红霸符＋最后的轻语＋巨龙之爪,无,217,200,250,s6-b4279-a0
5419,红霸符＋灭世者的死亡之帽＋巨龙之爪,无,217,200,250,s6-b4299-a0
5419,红霸符＋珠光护手＋巨龙之爪,无,217,200,250,s6-b4384-a0
5419,红霸符＋蓝霸符＋棘刺背心,无,217,200,250,s6-b4394-a0
5419,红霸符＋适应性头盔＋水银,无,217,200,250,s6-b4425-a0
5419,鬼索的狂暴之刃＋泰坦的坚决＋石像鬼石板甲,无,217,200,250,s6-b4561-a0
5419,鬼索的狂暴之刃＋海妖之怒＋石像鬼石板甲,无,217,200,250,s6-b4584-a0
5419,鬼索的狂暴之刃＋离子火花＋蓝霸符,无,217,200,250,s6-b4695-a0
5419,虚空之杖＋泰坦的坚决＋石像鬼石板甲,无,217,200,250,s6-b4886-a0
5419,虚空之杖＋海妖之怒＋石像鬼石板甲,无,217,200,250,s6-b4909-a0
5419,虚空之杖＋最后的轻语＋正义之手,无,217,200,250,s6-b4950-a0
5419,虚空之杖＋最后的轻语＋巨龙之爪,无,217,200,250,s6-b4955-a0
5419,虚空之杖＋大天使之杖＋巨龙之爪,无,217,200,250,s6-b4994-a0
5419,虚空之杖＋蓝霸符＋薄暮法袍,无,217,200,250,s6-b5075-a0
5419,虚空之杖＋石像鬼石板甲＋水银,无,217,200,250,s6-b5139-a0
5419,泰坦的坚决＋海妖之怒＋冕卫,无,217,200,250,s6-b5199-a0
5419,泰坦的坚决＋棘刺背心＋薄暮法袍,无,217,200,250,s6-b5430-a0
5419,泰坦的坚决＋日炎斗篷＋薄暮法袍,无,217,200,250,s6-b5445-a0
5419,海妖之怒＋海妖之怒＋冕卫,无,217,200,250,s6-b5475-a0
5419,海妖之怒＋离子火花＋日炎斗篷,无,217,200,250,s6-b5603-a0
5419,海妖之怒＋日炎斗篷＋薄暮法袍,无,217,200,250,s6-b5721-a0
5419,纳什之牙＋坚定之心＋强袭者的链枷,无,217,200,250,s6-b5983-a0
5419,最后的轻语＋最后的轻语＋巨龙之爪,无,217,200,250,s6-b6015-a0
5419,最后的轻语＋灭世者的死亡之帽＋巨龙之爪,无,217,200,250,s6-b6035-a0
5419,最后的轻语＋大天使之杖＋巨龙之爪,无,217,200,250,s6-b6054-a0
5419,最后的轻语＋离子火花＋蓝霸符,无,217,200,250,s6-b6080-a0
5419,最后的轻语＋珠光护手＋巨龙之爪,无,217,200,250,s6-b6120-a0
5419,最后的轻语＋适应性头盔＋水银,无,217,200,250,s6-b6161-a0
5419,灭世者的死亡之帽＋灭世者的死亡之帽＋正义之手,无,217,200,250,s6-b6240-a0
5419,大天使之杖＋蓝霸符＋薄暮法袍,无,217,200,250,s6-b6535-a0
5419,大天使之杖＋适应性头盔＋水银,无,217,200,250,s6-b6561-a0
5419,大天使之杖＋石像鬼石板甲＋水银,无,217,200,250,s6-b6599-a0
5419,离子火花＋离子火花＋莫雷洛秘典,无,217,200,250,s6-b6802-a0
5419,莫雷洛秘典＋坚定之心＋强袭者的链枷,无,217,200,250,s6-b7074-a0
5419,棘刺背心＋棘刺背心＋水银,无,217,200,250,s6-b7611-a0
5419,坚定之心＋强袭者的链枷＋强袭者的链枷,无,217,200,250,s6-b7734-a0
5491,死亡之刃＋巨人杀手＋振奋盔甲,无,216,200,250,s6-b58-a0
5491,死亡之刃＋斯特拉克的挑战护手＋斯特拉克的挑战护手,无,216,200,250,s6-b195-a0
5491,巨人杀手＋海克斯科技枪刃＋薄暮法袍,无,216,200,250,s6-b693-a0
5491,巨人杀手＋无尽之刃＋振奋盔甲,无,216,200,250,s6-b836-a0
5491,巨人杀手＋灭世者的死亡之帽＋振奋盔甲,无,216,200,250,s6-b1024-a0
5491,巨人杀手＋珠光护手＋振奋盔甲,无,216,200,250,s6-b1109-a0
5491,巨人杀手＋蓝霸符＋棘刺背心,无,216,200,250,s6-b1125-a0
5491,巨人杀手＋蓝霸符＋日炎斗篷,无,216,200,250,s6-b1127-a0
5491,巨人杀手＋棘刺背心＋薄暮法袍,无,216,200,250,s6-b1185-a0
5491,海克斯科技枪刃＋泰坦的坚决＋水银,无,216,200,250,s6-b1507-a0
5491,海克斯科技枪刃＋海妖之怒＋纳什之牙,无,216,200,250,s6-b1511-a0
5491,海克斯科技枪刃＋莫雷洛秘典＋薄暮法袍,无,216,200,250,s6-b1662-a0
5491,朔极之矛＋朔极之矛＋日炎斗篷,无,216,200,250,s6-b1811-a0
5491,朔极之矛＋红霸符＋棘刺背心,无,216,200,250,s6-b1954-a0
5491,朔极之矛＋红霸符＋薄暮法袍,无,216,200,250,s6-b1959-a0
5491,朔极之矛＋离子火花＋莫雷洛秘典,无,216,200,250,s6-b2162-a0
5491,朔极之矛＋蓝霸符＋日炎斗篷,无,216,200,250,s6-b2216-a0
5491,夜之锋刃＋夜之锋刃＋棘刺背心,无,216,200,250,s6-b2336-a0
5491,夜之锋刃＋夜之锋刃＋日炎斗篷,无,216,200,250,s6-b2338-a0
5491,夜之锋刃＋鬼索的狂暴之刃＋纳什之牙,无,216,200,250,s6-b2463-a0
5491,夜之锋刃＋海妖之怒＋蓝霸符,无,216,200,250,s6-b2543-a0
5491,夜之锋刃＋纳什之牙＋棘刺背心,无,216,200,250,s6-b2570-a0
5491,斯特拉克的挑战护手＋斯特拉克的挑战护手＋无尽之刃,无,216,200,250,s6-b3276-a0
5491,斯特拉克的挑战护手＋斯特拉克的挑战护手＋红霸符,无,216,200,250,s6-b3277-a0
5491,无尽之刃＋最后的轻语＋正义之手,无,216,200,250,s6-b3896-a0
5491,红霸符＋蓝霸符＋薄暮法袍,无,216,200,250,s6-b4399-a0
5491,鬼索的狂暴之刃＋鬼索的狂暴之刃＋日炎斗篷,无,216,200,250,s6-b4513-a0
5491,鬼索的狂暴之刃＋最后的轻语＋石像鬼石板甲,无,216,200,250,s6-b4627-a0
5491,鬼索的狂暴之刃＋蓝霸符＋日炎斗篷,无,216,200,250,s6-b4747-a0
5491,鬼索的狂暴之刃＋蓝霸符＋薄暮法袍,无,216,200,250,s6-b4750-a0
5491,虚空之杖＋大天使之杖＋狂徒铠甲,无,216,200,250,s6-b4997-a0
5491,海妖之怒＋棘刺背心＋棘刺背心,无,216,200,250,s6-b5701-a0
5491,最后的轻语＋蓝霸符＋日炎斗篷,无,216,200,250,s6-b6132-a0
5491,大天使之杖＋珠光护手＋正义之手,无,216,200,250,s6-b6515-a0
5491,棘刺背心＋棘刺背心＋强袭者的链枷,无,216,200,250,s6-b7613-a0
5526,死亡之刃＋泰坦的坚决＋适应性头盔,无,215,200,250,s6-b342-a0
5526,巨人杀手＋斯特拉克的挑战护手＋斯特拉克的挑战护手,无,215,200,250,s6-b790-a0
5526,巨人杀手＋泰坦的坚决＋适应性头盔,无,215,200,250,s6-b937-a0
5526,巨人杀手＋离子火花＋蓝霸符,无,215,200,250,s6-b1075-a0
5526,巨人杀手＋莫雷洛秘典＋正义之手,无,215,200,250,s6-b1095-a0
5526,海克斯科技枪刃＋海克斯科技枪刃＋最后的轻语,无,215,200,250,s6-b1237-a0
5526,海克斯科技枪刃＋夜之锋刃＋强袭者的链枷,无,215,200,250,s6-b1320-a0
5526,海克斯科技枪刃＋灭世者的死亡之帽＋棘刺背心,无,215,200,250,s6-b1587-a0
5526,海克斯科技枪刃＋灭世者的死亡之帽＋薄暮法袍,无,215,200,250,s6-b1592-a0
5526,海克斯科技枪刃＋大天使之杖＋离子火花,无,215,200,250,s6-b1598-a0
5526,海克斯科技枪刃＋莫雷洛秘典＋日炎斗篷,无,215,200,250,s6-b1659-a0
5526,朔极之矛＋朔极之矛＋离子火花,无,215,200,250,s6-b1801-a0
5526,朔极之矛＋红霸符＋离子火花,无,215,200,250,s6-b1946-a0
5526,夜之锋刃＋斯特拉克的挑战护手＋最后的轻语,无,215,200,250,s6-b2383-a0
5526,夜之锋刃＋斯特拉克的挑战护手＋大天使之杖,无,215,200,250,s6-b2385-a0
5526,斯特拉克的挑战护手＋斯特拉克的挑战护手＋最后的轻语,无,215,200,250,s6-b3283-a0
5526,斯特拉克的挑战护手＋斯特拉克的挑战护手＋大天使之杖,无,215,200,250,s6-b3285-a0
5526,无尽之刃＋泰坦的坚决＋适应性头盔,无,215,200,250,s6-b3828-a0
5526,红霸符＋离子火花＋蓝霸符,无,215,200,250,s6-b4344-a0
5526,虚空之杖＋泰坦的坚决＋适应性头盔,无,215,200,250,s6-b4882-a0
5526,虚空之杖＋离子火花＋蓝霸符,无,215,200,250,s6-b5020-a0
5526,泰坦的坚决＋泰坦的坚决＋冕卫,无,215,200,250,s6-b5176-a0
5526,泰坦的坚决＋灭世者的死亡之帽＋适应性头盔,无,215,200,250,s6-b5268-a0
5526,泰坦的坚决＋大天使之杖＋适应性头盔,无,215,200,250,s6-b5287-a0
5526,泰坦的坚决＋大天使之杖＋石像鬼石板甲,无,215,200,250,s6-b5291-a0
5526,泰坦的坚决＋珠光护手＋适应性头盔,无,215,200,250,s6-b5353-a0
5526,泰坦的坚决＋日炎斗篷＋日炎斗篷,无,215,200,250,s6-b5442-a0
5526,海妖之怒＋纳什之牙＋坚定之心,无,215,200,250,s6-b5509-a0
5526,海妖之怒＋大天使之杖＋石像鬼石板甲,无,215,200,250,s6-b5567-a0
5526,纳什之牙＋纳什之牙＋强袭者的链枷,无,215,200,250,s6-b5767-a0
5526,纳什之牙＋离子火花＋离子火花,无,215,200,250,s6-b5846-a0
5526,最后的轻语＋日炎斗篷＋薄暮法袍,无,215,200,250,s6-b6205-a0
5526,大天使之杖＋离子火花＋蓝霸符,无,215,200,250,s6-b6480-a0
5526,离子火花＋蓝霸符＋蓝霸符,无,215,200,250,s6-b6849-a0
5526,离子火花＋薄暮法袍＋强袭者的链枷,无,215,200,250,s6-b6947-a0
5526,蓝霸符＋蓝霸符＋薄暮法袍,无,215,200,250,s6-b7220-a0
5562,死亡之刃＋鬼索的狂暴之刃＋适应性头盔,无,214,200,250,s6-b293-a0
5562,死亡之刃＋虚空之杖＋适应性头盔,无,214,200,250,s6-b318-a0
5562,死亡之刃＋海妖之怒＋适应性头盔,无,214,200,250,s6-b365-a0
5562,死亡之刃＋纳什之牙＋冕卫,无,214,200,250,s6-b381-a0
5562,死亡之刃＋冕卫＋莫雷洛秘典,无,214,200,250,s6-b461-a0
5562,死亡之刃＋蓝霸符＋适应性头盔,无,214,200,250,s6-b527-a0
5562,巨人杀手＋巨人杀手＋正义之手,无,214,200,250,s6-b654-a0
5562,巨人杀手＋海克斯科技枪刃＋日炎斗篷,无,214,200,250,s6-b690-a0
5562,巨人杀手＋朔极之矛＋适应性头盔,无,214,200,250,s6-b717-a0
5562,巨人杀手＋虚空之杖＋适应性头盔,无,214,200,250,s6-b913-a0
5562,巨人杀手＋海妖之怒＋适应性头盔,无,214,200,250,s6-b960-a0
5562,巨人杀手＋最后的轻语＋适应性头盔,无,214,200,250,s6-b1003-a0
5562,巨人杀手＋大天使之杖＋适应性头盔,无,214,200,250,s6-b1042-a0
5562,巨人杀手＋冕卫＋强袭者的链枷,无,214,200,250,s6-b1071-a0
5562,巨人杀手＋离子火花＋棘刺背心,无,214,200,250,s6-b1080-a0
5562,海克斯科技枪刃＋海克斯科技枪刃＋无尽之刃,无,214,200,250,s6-b1230-a0
5562,海克斯科技枪刃＋无尽之刃＋离子火花,无,214,200,250,s6-b1391-a0
5562,海克斯科技枪刃＋红霸符＋水银,无,214,200,250,s6-b1432-a0
5562,海克斯科技枪刃＋珠光护手＋棘刺背心,无,214,200,250,s6-b1672-a0
5562,海克斯科技枪刃＋珠光护手＋薄暮法袍,无,214,200,250,s6-b1677-a0
5562,朔极之矛＋夜之锋刃＋夜之锋刃,无,214,200,250,s6-b1818-a0
5562,朔极之矛＋红霸符＋适应性头盔,无,214,200,250,s6-b1951-a0
5562,朔极之矛＋鬼索的狂暴之刃＋薄暮法袍,无,214,200,250,s6-b1985-a0
5562,朔极之矛＋大天使之杖＋适应性头盔,无,214,200,250,s6-b2131-a0
5562,无尽之刃＋鬼索的狂暴之刃＋适应性头盔,无,214,200,250,s6-b3779-a0
5562,无尽之刃＋虚空之杖＋适应性头盔,无,214,200,250,s6-b3804-a0
5562,无尽之刃＋海妖之怒＋适应性头盔,无,214,200,250,s6-b3851-a0
5562,无尽之刃＋冕卫＋莫雷洛秘典,无,214,200,250,s6-b3947-a0
5562,无尽之刃＋珠光护手＋正义之手,无,214,200,250,s6-b4001-a0
5562,无尽之刃＋蓝霸符＋适应性头盔,无,214,200,250,s6-b4013-a0
5562,红霸符＋红霸符＋适应性头盔,无,214,200,250,s6-b4131-a0
5562,红霸符＋鬼索的狂暴之刃＋适应性头盔,无,214,200,250,s6-b4157-a0
5562,红霸符＋大天使之杖＋适应性头盔,无,214,200,250,s6-b4311-a0
5562,红霸符＋冕卫＋强袭者的链枷,无,214,200,250,s6-b4340-a0
5562,鬼索的狂暴之刃＋灭世者的死亡之帽＋适应性头盔,无,214,200,250,s6-b4643-a0
5562,鬼索的狂暴之刃＋大天使之杖＋适应性头盔,无,214,200,250,s6-b4662-a0
5562,鬼索的狂暴之刃＋珠光护手＋适应性头盔,无,214,200,250,s6-b4728-a0
5562,鬼索的狂暴之刃＋适应性头盔＋水银,无,214,200,250,s6-b4776-a0
5562,虚空之杖＋海妖之怒＋适应性头盔,无,214,200,250,s6-b4905-a0
5562,虚空之杖＋灭世者的死亡之帽＋适应性头盔,无,214,200,250,s6-b4968-a0
5562,虚空之杖＋冕卫＋水银,无,214,200,250,s6-b5014-a0
5562,虚空之杖＋冕卫＋强袭者的链枷,无,214,200,250,s6-b5016-a0
5562,虚空之杖＋珠光护手＋适应性头盔,无,214,200,250,s6-b5053-a0
5562,虚空之杖＋日炎斗篷＋日炎斗篷,无,214,200,250,s6-b5142-a0
5562,泰坦的坚决＋离子火花＋离子火花,无,214,200,250,s6-b5317-a0
5562,泰坦的坚决＋离子火花＋薄暮法袍,无,214,200,250,s6-b5330-a0
5562,泰坦的坚决＋薄暮法袍＋薄暮法袍,无,214,200,250,s6-b5460-a0
5562,海妖之怒＋最后的轻语＋适应性头盔,无,214,200,250,s6-b5524-a0
5562,海妖之怒＋最后的轻语＋石像鬼石板甲,无,214,200,250,s6-b5528-a0
5562,海妖之怒＋灭世者的死亡之帽＋适应性头盔,无,214,200,250,s6-b5544-a0
5562,海妖之怒＋大天使之杖＋冕卫,无,214,200,250,s6-b5557-a0
5562,海妖之怒＋大天使之杖＋适应性头盔,无,214,200,250,s6-b5563-a0
5562,海妖之怒＋珠光护手＋适应性头盔,无,214,200,250,s6-b5629-a0
5562,纳什之牙＋灭世者的死亡之帽＋冕卫,无,214,200,250,s6-b5791-a0
5562,最后的轻语＋大天使之杖＋适应性头盔,无,214,200,250,s6-b6047-a0
5562,最后的轻语＋离子火花＋棘刺背心,无,214,200,250,s6-b6085-a0
5562,灭世者的死亡之帽＋冕卫＋莫雷洛秘典,无,214,200,250,s6-b6271-a0
5562,灭世者的死亡之帽＋蓝霸符＋适应性头盔,无,214,200,250,s6-b6337-a0
5562,大天使之杖＋冕卫＋莫雷洛秘典,无,214,200,250,s6-b6461-a0
5562,大天使之杖＋冕卫＋水银,无,214,200,250,s6-b6474-a0
5562,大天使之杖＋冕卫＋强袭者的链枷,无,214,200,250,s6-b6476-a0
5562,大天使之杖＋离子火花＋棘刺背心,无,214,200,250,s6-b6485-a0
5562,冕卫＋莫雷洛秘典＋珠光护手,无,214,200,250,s6-b6666-a0
5562,离子火花＋离子火花＋强袭者的链枷,无,214,200,250,s6-b6817-a0
5562,离子火花＋薄暮法袍＋水银,无,214,200,250,s6-b6945-a0
5562,珠光护手＋蓝霸符＋适应性头盔,无,214,200,250,s6-b7107-a0
5562,薄暮法袍＋薄暮法袍＋水银,无,214,200,250,s6-b7751-a0
5629,死亡之刃＋巨人杀手＋正义之手,无,213,200,250,s6-b59-a0
5629,死亡之刃＋虚空之杖＋正义之手,无,213,200,250,s6-b320-a0
5629,死亡之刃＋灭世者的死亡之帽＋正义之手,无,213,200,250,s6-b430-a0
5629,死亡之刃＋珠光护手＋正义之手,无,213,200,250,s6-b515-a0
5629,巨人杀手＋红霸符＋石像鬼石板甲,无,213,200,250,s6-b866-a0
5629,巨人杀手＋鬼索的狂暴之刃＋石像鬼石板甲,无,213,200,250,s6-b892-a0
5629,巨人杀手＋石像鬼石板甲＋水银,无,213,200,250,s6-b1194-a0
5629,海克斯科技枪刃＋虚空之杖＋水银,无,213,200,250,s6-b1483-a0
5629,海克斯科技枪刃＋灭世者的死亡之帽＋日炎斗篷,无,213,200,250,s6-b1589-a0
5629,海克斯科技枪刃＋莫雷洛秘典＋水银,无,213,200,250,s6-b1663-a0
5629,夜之锋刃＋红霸符＋坚定之心,无,213,200,250,s6-b2453-a0
5629,夜之锋刃＋虚空之杖＋坚定之心,无,213,200,250,s6-b2504-a0
5629,夜之锋刃＋蓝霸符＋强袭者的链枷,无,213,200,250,s6-b2718-a0
5629,斯特拉克的挑战护手＋莫雷洛秘典＋水银,无,213,200,250,s6-b3587-a0
5629,无尽之刃＋无尽之刃＋正义之手,无,213,200,250,s6-b3728-a0
5629,无尽之刃＋纳什之牙＋冕卫,无,213,200,250,s6-b3867-a0
5629,红霸符＋鬼索的狂暴之刃＋坚定之心,无,213,200,250,s6-b4163-a0
5629,鬼索的狂暴之刃＋鬼索的狂暴之刃＋薄暮法袍,无,213,200,250,s6-b4516-a0
5629,虚空之杖＋最后的轻语＋石像鬼石板甲,无,213,200,250,s6-b4952-a0
5629,虚空之杖＋大天使之杖＋石像鬼石板甲,无,213,200,250,s6-b4991-a0
5629,泰坦的坚决＋纳什之牙＋坚定之心,无,213,200,250,s6-b5233-a0
5629,泰坦的坚决＋最后的轻语＋石像鬼石板甲,无,213,200,250,s6-b5252-a0
5629,海妖之怒＋最后的轻语＋正义之手,无,213,200,250,s6-b5526-a0
5629,纳什之牙＋纳什之牙＋水银,无,213,200,250,s6-b5765-a0
5629,纳什之牙＋冕卫＋珠光护手,无,213,200,250,s6-b5831-a0
5629,纳什之牙＋水银＋强袭者的链枷,无,213,200,250,s6-b5995-a0
5629,最后的轻语＋棘刺背心＋薄暮法袍,无,213,200,250,s6-b6190-a0
5629,最后的轻语＋石像鬼石板甲＋水银,无,213,200,250,s6-b6199-a0
5629,灭世者的死亡之帽＋大天使之杖＋正义之手,无,213,200,250,s6-b6259-a0
5629,大天使之杖＋离子火花＋日炎斗篷,无,213,200,250,s6-b6487-a0
5629,大天使之杖＋棘刺背心＋薄暮法袍,无,213,200,250,s6-b6590-a0
5629,大天使之杖＋日炎斗篷＋薄暮法袍,无,213,200,250,s6-b6605-a0
5629,莫雷洛秘典＋莫雷洛秘典＋坚定之心,无,213,200,250,s6-b6964-a0
5662,死亡之刃＋海克斯科技枪刃＋海克斯科技枪刃,无,212,200,250,s6-b69-a0
5662,死亡之刃＋海克斯科技枪刃＋离子火花,无,212,200,250,s6-b85-a0
5662,死亡之刃＋无尽之刃＋正义之手,无,212,200,250,s6-b242-a0
5662,死亡之刃＋虚空之杖＋狂徒铠甲,无,212,200,250,s6-b328-a0
5662,死亡之刃＋灭世者的死亡之帽＋狂徒铠甲,无,212,200,250,s6-b438-a0
5662,死亡之刃＋大天使之杖＋狂徒铠甲,无,212,200,250,s6-b457-a0
5662,死亡之刃＋离子火花＋日炎斗篷,无,212,200,250,s6-b487-a0
5662,死亡之刃＋珠光护手＋狂徒铠甲,无,212,200,250,s6-b523-a0
5662,死亡之刃＋日炎斗篷＋薄暮法袍,无,212,200,250,s6-b605-a0
5662,巨人杀手＋巨人杀手＋狂徒铠甲,无,212,200,250,s6-b662-a0
5662,巨人杀手＋朔极之矛＋日炎斗篷,无,212,200,250,s6-b722-a0
5662,巨人杀手＋夜之锋刃＋斯特拉克的挑战护手,无,212,200,250,s6-b731-a0
5662,巨人杀手＋斯特拉克的挑战护手＋鬼索的狂暴之刃,无,212,200,250,s6-b793-a0
5662,巨人杀手＋鬼索的狂暴之刃＋适应性头盔,无,212,200,250,s6-b888-a0
5662,巨人杀手＋最后的轻语＋狂徒铠甲,无,212,200,250,s6-b1013-a0
5662,巨人杀手＋大天使之杖＋狂徒铠甲,无,212,200,250,s6-b1052-a0
5662,巨人杀手＋冕卫＋水银,无,212,200,250,s6-b1069-a0
5662,海克斯科技枪刃＋红霸符＋棘刺背心,无,212,200,250,s6-b1426-a0
5662,海克斯科技枪刃＋红霸符＋薄暮法袍,无,212,200,250,s6-b1431-a0
5662,海克斯科技枪刃＋大天使之杖＋棘刺背心,无,212,200,250,s6-b1606-a0
5662,海克斯科技枪刃＋珠光护手＋日炎斗篷,无,212,200,250,s6-b1674-a0
5662,朔极之矛＋鬼索的狂暴之刃＋棘刺背心,无,212,200,250,s6-b1980-a0
5662,朔极之矛＋鬼索的狂暴之刃＋日炎斗篷,无,212,200,250,s6-b1982-a0
5662,朔极之矛＋蓝霸符＋棘刺背心,无,212,200,250,s6-b2214-a0
5662,朔极之矛＋蓝霸符＋薄暮法袍,无,212,200,250,s6-b2219-a0
5662,夜之锋刃＋鬼索的狂暴之刃＋离子火花,无,212,200,250,s6-b2468-a0
5662,夜之锋刃＋鬼索的狂暴之刃＋日炎斗篷,无,212,200,250,s6-b2478-a0
5662,夜之锋刃＋日炎斗篷＋水银,无,212,200,250,s6-b2786-a0
5662,斯特拉克的挑战护手＋莫雷洛秘典＋强袭者的链枷,无,212,200,250,s6-b3589-a0
5662,斯特拉克的挑战护手＋蓝霸符＋蓝霸符,无,212,200,250,s6-b3605-a0
5662,斯特拉克的挑战护手＋水银＋强袭者的链枷,无,212,200,250,s6-b3706-a0
5662,无尽之刃＋虚空之杖＋狂徒铠甲,无,212,200,250,s6-b3814-a0
5662,无尽之刃＋灭世者的死亡之帽＋狂徒铠甲,无,212,200,250,s6-b3924-a0
5662,无尽之刃＋大天使之杖＋正义之手,无,212,200,250,s6-b3935-a0
5662,无尽之刃＋大天使之杖＋狂徒铠甲,无,212,200,250,s6-b3943-a0
5662,无尽之刃＋离子火花＋日炎斗篷,无,212,200,250,s6-b3973-a0
5662,无尽之刃＋珠光护手＋狂徒铠甲,无,212,200,250,s6-b4009-a0
5662,无尽之刃＋日炎斗篷＋薄暮法袍,无,212,200,250,s6-b4091-a0
5662,红霸符＋灭世者的死亡之帽＋狂徒铠甲,无,212,200,250,s6-b4302-a0
5662,红霸符＋离子火花＋日炎斗篷,无,212,200,250,s6-b4351-a0
5662,红霸符＋珠光护手＋狂徒铠甲,无,212,200,250,s6-b4387-a0
5662,红霸符＋蓝霸符＋日炎斗篷,无,212,200,250,s6-b4396-a0
5662,红霸符＋日炎斗篷＋薄暮法袍,无,212,200,250,s6-b4469-a0
5662,鬼索的狂暴之刃＋鬼索的狂暴之刃＋棘刺背心,无,212,200,250,s6-b4511-a0
5662,鬼索的狂暴之刃＋最后的轻语＋适应性头盔,无,212,200,250,s6-b4623-a0
5662,鬼索的狂暴之刃＋坚定之心＋强袭者的链枷,无,212,200,250,s6-b4829-a0
5662,虚空之杖＋灭世者的死亡之帽＋狂徒铠甲,无,212,200,250,s6-b4978-a0
5662,虚空之杖＋离子火花＋棘刺背心,无,212,200,250,s6-b5025-a0
5662,虚空之杖＋珠光护手＋狂徒铠甲,无,212,200,250,s6-b5063-a0
5662,虚空之杖＋蓝霸符＋日炎斗篷,无,212,200,250,s6-b5072-a0
5662,泰坦的坚决＋大天使之杖＋冕卫,无,212,200,250,s6-b5281-a0
5662,泰坦的坚决＋棘刺背心＋日炎斗篷,无,212,200,250,s6-b5427-a0
5662,海妖之怒＋坚定之心＋强袭者的链枷,无,212,200,250,s6-b5730-a0
5662,最后的轻语＋冕卫＋强袭者的链枷,无,212,200,250,s6-b6076-a0
5662,最后的轻语＋离子火花＋日炎斗篷,无,212,200,250,s6-b6087-a0
5662,最后的轻语＋蓝霸符＋棘刺背心,无,212,200,250,s6-b6130-a0
5662,灭世者的死亡之帽＋灭世者的死亡之帽＋狂徒铠甲,无,212,200,250,s6-b6248-a0
5662,灭世者的死亡之帽＋大天使之杖＋狂徒铠甲,无,212,200,250,s6-b6267-a0
5662,灭世者的死亡之帽＋离子火花＋日炎斗篷,无,212,200,250,s6-b6297-a0
5662,灭世者的死亡之帽＋珠光护手＋狂徒铠甲,无,212,200,250,s6-b6333-a0
5662,灭世者的死亡之帽＋日炎斗篷＋薄暮法袍,无,212,200,250,s6-b6415-a0
5662,大天使之杖＋珠光护手＋狂徒铠甲,无,212,200,250,s6-b6523-a0
5662,大天使之杖＋蓝霸符＋日炎斗篷,无,212,200,250,s6-b6532-a0
5662,离子火花＋离子火花＋水银,无,212,200,250,s6-b6815-a0
5662,离子火花＋珠光护手＋日炎斗篷,无,212,200,250,s6-b6842-a0
5662,莫雷洛秘典＋珠光护手＋正义之手,无,212,200,250,s6-b6975-a0
5662,莫雷洛秘典＋坚定之心＋水银,无,212,200,250,s6-b7072-a0
5662,珠光护手＋珠光护手＋狂徒铠甲,无,212,200,250,s6-b7103-a0
5662,珠光护手＋日炎斗篷＋薄暮法袍,无,212,200,250,s6-b7185-a0
5662,坚定之心＋水银＋强袭者的链枷,无,212,200,250,s6-b7731-a0
5732,死亡之刃＋海克斯科技枪刃＋棘刺背心,无,211,200,250,s6-b93-a0
5732,死亡之刃＋鬼索的狂暴之刃＋冕卫,无,211,200,250,s6-b287-a0
5732,死亡之刃＋冕卫＋水银,无,211,200,250,s6-b474-a0
5732,死亡之刃＋冕卫＋强袭者的链枷,无,211,200,250,s6-b476-a0
5732,死亡之刃＋离子火花＋棘刺背心,无,211,200,250,s6-b485-a0
5732,死亡之刃＋日炎斗篷＋日炎斗篷,无,211,200,250,s6-b602-a0
5732,巨人杀手＋海妖之怒＋冕卫,无,211,200,250,s6-b954-a0
5732,巨人杀手＋最后的轻语＋圣盾使的誓约,无,211,200,250,s6-b1002-a0
5732,海克斯科技枪刃＋夜之锋刃＋夜之锋刃,无,211,200,250,s6-b1290-a0
5732,海克斯科技枪刃＋无尽之刃＋棘刺背心,无,211,200,250,s6-b1399-a0
5732,海克斯科技枪刃＋无尽之刃＋薄暮法袍,无,211,200,250,s6-b1404-a0
5732,海克斯科技枪刃＋泰坦的坚决＋泰坦的坚决,无,211,200,250,s6-b1486-a0
5732,海克斯科技枪刃＋大天使之杖＋薄暮法袍,无,211,200,250,s6-b1611-a0
5732,海克斯科技枪刃＋水银＋强袭者的链枷,无,211,200,250,s6-b1782-a0
5732,朔极之矛＋鬼索的狂暴之刃＋离子火花,无,211,200,250,s6-b1972-a0
5732,朔极之矛＋离子火花＋蓝霸符,无,211,200,250,s6-b2164-a0
5732,夜之锋刃＋最后的轻语＋坚定之心,无,211,200,250,s6-b2594-a0
5732,夜之锋刃＋大天使之杖＋坚定之心,无,211,200,250,s6-b2633-a0
5732,夜之锋刃＋离子火花＋强袭者的链枷,无,211,200,250,s6-b2673-a0
5732,夜之锋刃＋莫雷洛秘典＋蓝霸符,无,211,200,250,s6-b2676-a0
5732,夜之锋刃＋莫雷洛秘典＋日炎斗篷,无,211,200,250,s6-b2683-a0
5732,夜之锋刃＋日炎斗篷＋强袭者的链枷,无,211,200,250,s6-b2788-a0
5732,夜之锋刃＋薄暮法袍＋强袭者的链枷,无,211,200,250,s6-b2803-a0
5732,斯特拉克的挑战护手＋鬼索的狂暴之刃＋最后的轻语,无,211,200,250,s6-b3364-a0
5732,无尽之刃＋鬼索的狂暴之刃＋冕卫,无,211,200,250,s6-b3773-a0
5732,无尽之刃＋冕卫＋水银,无,211,200,250,s6-b3960-a0
5732,无尽之刃＋冕卫＋强袭者的链枷,无,211,200,250,s6-b3962-a0
5732,无尽之刃＋离子火花＋棘刺背心,无,211,200,250,s6-b3971-a0
5732,无尽之刃＋日炎斗篷＋日炎斗篷,无,211,200,250,s6-b4088-a0
5732,红霸符＋海妖之怒＋冕卫,无,211,200,250,s6-b4223-a0
5732,红霸符＋冕卫＋莫雷洛秘典,无,211,200,250,s6-b4325-a0
5732,红霸符＋离子火花＋棘刺背心,无,211,200,250,s6-b4349-a0
5732,鬼索的狂暴之刃＋鬼索的狂暴之刃＋离子火花,无,211,200,250,s6-b4503-a0
5732,鬼索的狂暴之刃＋纳什之牙＋蓝霸符,无,211,200,250,s6-b4600-a0
5732,鬼索的狂暴之刃＋灭世者的死亡之帽＋冕卫,无,211,200,250,s6-b4637-a0
5732,鬼索的狂暴之刃＋冕卫＋珠光护手,无,211,200,250,s6-b4677-a0
5732,鬼索的狂暴之刃＋莫雷洛秘典＋日炎斗篷,无,211,200,250,s6-b4718-a0
5732,虚空之杖＋海妖之怒＋冕卫,无,211,200,250,s6-b4899-a0
5732,虚空之杖＋冕卫＋莫雷洛秘典,无,211,200,250,s6-b5001-a0
5732,海妖之怒＋最后的轻语＋冕卫,无,211,200,250,s6-b5518-a0
5732,海妖之怒＋薄暮法袍＋薄暮法袍,无,211,200,250,s6-b5736-a0
5732,最后的轻语＋冕卫＋莫雷洛秘典,无,211,200,250,s6-b6061-a0
5732,最后的轻语＋冕卫＋水银,无,211,200,250,s6-b6074-a0
5732,最后的轻语＋薄暮法袍＋薄暮法袍,无,211,200,250,s6-b6220-a0
5732,灭世者的死亡之帽＋冕卫＋水银,无,211,200,250,s6-b6284-a0
5732,灭世者的死亡之帽＋冕卫＋强袭者的链枷,无,211,200,250,s6-b6286-a0
5732,灭世者的死亡之帽＋离子火花＋棘刺背心,无,211,200,250,s6-b6295-a0
5732,灭世者的死亡之帽＋莫雷洛秘典＋正义之手,无,211,200,250,s6-b6310-a0
5732,灭世者的死亡之帽＋日炎斗篷＋日炎斗篷,无,211,200,250,s6-b6412-a0
5732,大天使之杖＋日炎斗篷＋日炎斗篷,无,211,200,250,s6-b6602-a0
5732,冕卫＋珠光护手＋水银,无,211,200,250,s6-b6693-a0
5732,冕卫＋珠光护手＋强袭者的链枷,无,211,200,250,s6-b6695-a0
5732,离子火花＋珠光护手＋棘刺背心,无,211,200,250,s6-b6840-a0
5732,珠光护手＋日炎斗篷＋日炎斗篷,无,211,200,250,s6-b7182-a0
5786,死亡之刃＋死亡之刃＋狂徒铠甲,无,210,200,250,s6-b33-a0
5786,死亡之刃＋海克斯科技枪刃＋薄暮法袍,无,210,200,250,s6-b98-a0
5786,死亡之刃＋朔极之矛＋适应性头盔,无,210,200,250,s6-b122-a0
5786,死亡之刃＋无尽之刃＋狂徒铠甲,无,210,200,250,s6-b250-a0
5786,死亡之刃＋红霸符＋狂徒铠甲,无,210,200,250,s6-b277-a0
5786,死亡之刃＋大天使之杖＋正义之手,无,210,200,250,s6-b449-a0
5786,死亡之刃＋棘刺背心＋薄暮法袍,无,210,200,250,s6-b590-a0
5786,巨人杀手＋巨人杀手＋适应性头盔,无,210,200,250,s6-b652-a0
5786,巨人杀手＋海克斯科技枪刃＋棘刺背心,无,210,200,250,s6-b688-a0
5786,巨人杀手＋夜之锋刃＋坚定之心,无,210,200,250,s6-b754-a0
5786,巨人杀手＋红霸符＋适应性头盔,无,210,200,250,s6-b862-a0
5786,海克斯科技枪刃＋朔极之矛＋珠光护手,无,210,200,250,s6-b1275-a0
5786,海克斯科技枪刃＋夜之锋刃＋水银,无,210,200,250,s6-b1318-a0
5786,海克斯科技枪刃＋红霸符＋离子火花,无,210,200,250,s6-b1418-a0
5786,海克斯科技枪刃＋虚空之杖＋离子火花,无,210,200,250,s6-b1469-a0
5786,海克斯科技枪刃＋虚空之杖＋棘刺背心,无,210,200,250,s6-b1477-a0
5786,海克斯科技枪刃＋泰坦的坚决＋强袭者的链枷,无,210,200,250,s6-b1509-a0
5786,海克斯科技枪刃＋大天使之杖＋日炎斗篷,无,210,200,250,s6-b1608-a0
5786,朔极之矛＋无尽之刃＋适应性头盔,无,210,200,250,s6-b1924-a0
5786,朔极之矛＋最后的轻语＋适应性头盔,无,210,200,250,s6-b2092-a0
5786,朔极之矛＋灭世者的死亡之帽＋适应性头盔,无,210,200,250,s6-b2112-a0
5786,朔极之矛＋大天使之杖＋坚定之心,无,210,200,250,s6-b2137-a0
5786,朔极之矛＋珠光护手＋适应性头盔,无,210,200,250,s6-b2197-a0
5786,夜之锋刃＋海妖之怒＋棘刺背心,无,210,200,250,s6-b2548-a0
5786,夜之锋刃＋蓝霸符＋水银,无,210,200,250,s6-b2716-a0
5786,夜之锋刃＋棘刺背心＋强袭者的链枷,无,210,200,250,s6-b2773-a0
5786,斯特拉克的挑战护手＋泰坦的坚决＋莫雷洛秘典,无,210,200,250,s6-b3418-a0
5786,斯特拉克的挑战护手＋海妖之怒＋莫雷洛秘典,无,210,200,250,s6-b3441-a0
5786,斯特拉克的挑战护手＋纳什之牙＋大天使之杖,无,210,200,250,s6-b3460-a0
5786,斯特拉克的挑战护手＋莫雷洛秘典＋莫雷洛秘典,无,210,200,250,s6-b3574-a0
5786,无尽之刃＋无尽之刃＋狂徒铠甲,无,210,200,250,s6-b3736-a0
5786,无尽之刃＋红霸符＋狂徒铠甲,无,210,200,250,s6-b3763-a0
5786,无尽之刃＋莫雷洛秘典＋正义之手,无,210,200,250,s6-b3986-a0
5786,无尽之刃＋棘刺背心＋薄暮法袍,无,210,200,250,s6-b4076-a0
5786,红霸符＋虚空之杖＋适应性头盔,无,210,200,250,s6-b4182-a0
5786,红霸符＋纳什之牙＋薄暮法袍,无,210,200,250,s6-b4259-a0
5786,红霸符＋最后的轻语＋正义之手,无,210,200,250,s6-b4274-a0
5786,红霸符＋最后的轻语＋狂徒铠甲,无,210,200,250,s6-b4282-a0
5786,红霸符＋棘刺背心＋薄暮法袍,无,210,200,250,s6-b4454-a0
5786,虚空之杖＋大天使之杖＋适应性头盔,无,210,200,250,s6-b4987-a0
5786,虚空之杖＋棘刺背心＋薄暮法袍,无,210,200,250,s6-b5130-a0
5786,泰坦的坚决＋棘刺背心＋棘刺背心,无,210,200,250,s6-b5425-a0
5786,泰坦的坚决＋坚定之心＋强袭者的链枷,无,210,200,250,s6-b5454-a0
5786,海妖之怒＋离子火花＋薄暮法袍,无,210,200,250,s6-b5606-a0
5786,纳什之牙＋莫雷洛秘典＋日炎斗篷,无,210,200,250,s6-b5872-a0
5786,最后的轻语＋最后的轻语＋适应性头盔,无,210,200,250,s6-b6008-a0
5786,最后的轻语＋最后的轻语＋狂徒铠甲,无,210,200,250,s6-b6018-a0
5786,最后的轻语＋离子火花＋薄暮法袍,无,210,200,250,s6-b6090-a0
5786,最后的轻语＋日炎斗篷＋日炎斗篷,无,210,200,250,s6-b6202-a0
5786,灭世者的死亡之帽＋棘刺背心＋薄暮法袍,无,210,200,250,s6-b6400-a0
5786,大天使之杖＋大天使之杖＋适应性头盔,无,210,200,250,s6-b6447-a0
5786,大天使之杖＋大天使之杖＋狂徒铠甲,无,210,200,250,s6-b6457-a0
5786,珠光护手＋棘刺背心＋薄暮法袍,无,210,200,250,s6-b7170-a0
5839,死亡之刃＋巨人杀手＋石像鬼石板甲,无,209,200,250,s6-b61-a0
5839,死亡之刃＋巨人杀手＋狂徒铠甲,无,209,200,250,s6-b67-a0
5839,死亡之刃＋海克斯科技枪刃＋日炎斗篷,无,209,200,250,s6-b95-a0
5839,死亡之刃＋夜之锋刃＋斯特拉克的挑战护手,无,209,200,250,s6-b136-a0
5839,死亡之刃＋泰坦的坚决＋圣盾使的誓约,无,209,200,250,s6-b341-a0
5839,死亡之刃＋海妖之怒＋圣盾使的誓约,无,209,200,250,s6-b364-a0
5839,死亡之刃＋最后的轻语＋狂徒铠甲,无,209,200,250,s6-b418-a0
5839,死亡之刃＋大天使之杖＋适应性头盔,无,209,200,250,s6-b447-a0
5839,死亡之刃＋莫雷洛秘典＋正义之手,无,209,200,250,s6-b500-a0
5839,死亡之刃＋圣盾使的誓约＋强袭者的链枷,无,209,200,250,s6-b551-a0
5839,巨人杀手＋无尽之刃＋石像鬼石板甲,无,209,200,250,s6-b839-a0
5839,巨人杀手＋无尽之刃＋狂徒铠甲,无,209,200,250,s6-b845-a0
5839,巨人杀手＋红霸符＋狂徒铠甲,无,209,200,250,s6-b872-a0
5839,巨人杀手＋虚空之杖＋石像鬼石板甲,无,209,200,250,s6-b917-a0
5839,巨人杀手＋虚空之杖＋狂徒铠甲,无,209,200,250,s6-b923-a0
5839,巨人杀手＋泰坦的坚决＋冕卫,无,209,200,250,s6-b931-a0
5839,巨人杀手＋纳什之牙＋坚定之心,无,209,200,250,s6-b988-a0
5839,巨人杀手＋灭世者的死亡之帽＋石像鬼石板甲,无,209,200,250,s6-b1027-a0
5839,巨人杀手＋灭世者的死亡之帽＋狂徒铠甲,无,209,200,250,s6-b1033-a0
5839,巨人杀手＋离子火花＋日炎斗篷,无,209,200,250,s6-b1082-a0
5839,巨人杀手＋离子火花＋薄暮法袍,无,209,200,250,s6-b1085-a0
5839,巨人杀手＋珠光护手＋石像鬼石板甲,无,209,200,250,s6-b1112-a0
5839,巨人杀手＋珠光护手＋狂徒铠甲,无,209,200,250,s6-b1118-a0
5839,巨人杀手＋日炎斗篷＋薄暮法袍,无,209,200,250,s6-b1200-a0
5839,巨人杀手＋薄暮法袍＋薄暮法袍,无,209,200,250,s6-b1215-a0
5839,海克斯科技枪刃＋无尽之刃＋日炎斗篷,无,209,200,250,s6-b1401-a0
5839,朔极之矛＋夜之锋刃＋水银,无,209,200,250,s6-b1846-a0
5839,朔极之矛＋夜之锋刃＋强袭者的链枷,无,209,200,250,s6-b1848-a0
5839,朔极之矛＋最后的轻语＋日炎斗篷,无,209,200,250,s6-b2097-a0
5839,朔极之矛＋最后的轻语＋薄暮法袍,无,209,200,250,s6-b2100-a0
5839,夜之锋刃＋斯特拉克的挑战护手＋无尽之刃,无,209,200,250,s6-b2376-a0
5839,夜之锋刃＋斯特拉克的挑战护手＋红霸符,无,209,200,250,s6-b2377-a0
5839,夜之锋刃＋斯特拉克的挑战护手＋虚空之杖,无,209,200,250,s6-b2379-a0
5839,夜之锋刃＋斯特拉克的挑战护手＋灭世者的死亡之帽,无,209,200,250,s6-b2384-a0
5839,夜之锋刃＋斯特拉克的挑战护手＋珠光护手,无,209,200,250,s6-b2389-a0
5839,夜之锋刃＋海妖之怒＋日炎斗篷,无,209,200,250,s6-b2550-a0
5839,斯特拉克的挑战护手＋泰坦的坚决＋纳什之牙,无,209,200,250,s6-b3412-a0
5839,斯特拉克的挑战护手＋海妖之怒＋纳什之牙,无,209,200,250,s6-b3435-a0
5839,无尽之刃＋泰坦的坚决＋圣盾使的誓约,无,209,200,250,s6-b3827-a0
5839,无尽之刃＋海妖之怒＋圣盾使的誓约,无,209,200,250,s6-b3850-a0
5839,无尽之刃＋最后的轻语＋狂徒铠甲,无,209,200,250,s6-b3904-a0
5839,无尽之刃＋大天使之杖＋适应性头盔,无,209,200,250,s6-b3933-a0
5839,无尽之刃＋圣盾使的誓约＋强袭者的链枷,无,209,200,250,s6-b4037-a0
5839,红霸符＋泰坦的坚决＋冕卫,无,209,200,250,s6-b4200-a0
5839,红霸符＋最后的轻语＋石像鬼石板甲,无,209,200,250,s6-b4276-a0
5839,红霸符＋大天使之杖＋石像鬼石板甲,无,209,200,250,s6-b4315-a0
5839,红霸符＋大天使之杖＋狂徒铠甲,无,209,200,250,s6-b4321-a0
5839,红霸符＋棘刺背心＋日炎斗篷,无,209,200,250,s6-b4451-a0
5839,虚空之杖＋泰坦的坚决＋冕卫,无,209,200,250,s6-b4876-a0
5839,虚空之杖＋最后的轻语＋狂徒铠甲,无,209,200,250,s6-b4958-a0
5839,虚空之杖＋离子火花＋日炎斗篷,无,209,200,250,s6-b5027-a0
5839,虚空之杖＋日炎斗篷＋薄暮法袍,无,209,200,250,s6-b5145-a0
5839,泰坦的坚决＋最后的轻语＋冕卫,无,209,200,250,s6-b5242-a0
5839,泰坦的坚决＋灭世者的死亡之帽＋圣盾使的誓约,无,209,200,250,s6-b5267-a0
5839,泰坦的坚决＋珠光护手＋圣盾使的誓约,无,209,200,250,s6-b5352-a0
5839,海妖之怒＋纳什之牙＋纳什之牙,无,209,200,250,s6-b5493-a0
5839,海妖之怒＋灭世者的死亡之帽＋圣盾使的誓约,无,209,200,250,s6-b5543-a0
5839,海妖之怒＋离子火花＋离子火花,无,209,200,250,s6-b5593-a0
5839,海妖之怒＋莫雷洛秘典＋坚定之心,无,209,200,250,s6-b5620-a0
5839,海妖之怒＋珠光护手＋圣盾使的誓约,无,209,200,250,s6-b5628-a0
5839,最后的轻语＋灭世者的死亡之帽＋正义之手,无,209,200,250,s6-b6030-a0
5839,最后的轻语＋灭世者的死亡之帽＋狂徒铠甲,无,209,200,250,s6-b6038-a0
5839,最后的轻语＋大天使之杖＋正义之手,无,209,200,250,s6-b6049-a0
5839,最后的轻语＋大天使之杖＋狂徒铠甲,无,209,200,250,s6-b6057-a0
5839,最后的轻语＋莫雷洛秘典＋正义之手,无,209,200,250,s6-b6100-a0
5839,最后的轻语＋珠光护手＋狂徒铠甲,无,209,200,250,s6-b6123-a0
5839,最后的轻语＋棘刺背心＋日炎斗篷,无,209,200,250,s6-b6187-a0
5839,灭世者的死亡之帽＋大天使之杖＋适应性头盔,无,209,200,250,s6-b6257-a0
5839,灭世者的死亡之帽＋圣盾使的誓约＋强袭者的链枷,无,209,200,250,s6-b6361-a0
5839,大天使之杖＋大天使之杖＋石像鬼石板甲,无,209,200,250,s6-b6451-a0
5839,大天使之杖＋珠光护手＋适应性头盔,无,209,200,250,s6-b6513-a0
5839,大天使之杖＋棘刺背心＋日炎斗篷,无,209,200,250,s6-b6587-a0
5839,珠光护手＋圣盾使的誓约＋强袭者的链枷,无,209,200,250,s6-b7131-a0
5839,坚定之心＋水银＋水银,无,209,200,250,s6-b7729-a0
5913,死亡之刃＋红霸符＋石像鬼石板甲,无,208,200,250,s6-b271-a0
5913,死亡之刃＋鬼索的狂暴之刃＋石像鬼石板甲,无,208,200,250,s6-b297-a0
5913,死亡之刃＋海妖之怒＋冕卫,无,208,200,250,s6-b359-a0
5913,巨人杀手＋巨人杀手＋石像鬼石板甲,无,208,200,250,s6-b656-a0
5913,巨人杀手＋棘刺背心＋棘刺背心,无,208,200,250,s6-b1180-a0
5913,巨人杀手＋日炎斗篷＋日炎斗篷,无,208,200,250,s6-b1197-a0
5913,海克斯科技枪刃＋无尽之刃＋纳什之牙,无,208,200,250,s6-b1386-a0
5913,海克斯科技枪刃＋虚空之杖＋薄暮法袍,无,208,200,250,s6-b1482-a0
5913,海克斯科技枪刃＋最后的轻语＋离子火花,无,208,200,250,s6-b1559-a0
5913,夜之锋刃＋泰坦的坚决＋离子火花,无,208,200,250,s6-b2517-a0
5913,夜之锋刃＋离子火花＋莫雷洛秘典,无,208,200,250,s6-b2658-a0
5913,夜之锋刃＋莫雷洛秘典＋薄暮法袍,无,208,200,250,s6-b2686-a0
5913,斯特拉克的挑战护手＋泰坦的坚决＋海妖之怒,无,208,200,250,s6-b3411-a0
5913,斯特拉克的挑战护手＋强袭者的链枷＋强袭者的链枷,无,208,200,250,s6-b3709-a0
5913,无尽之刃＋红霸符＋石像鬼石板甲,无,208,200,250,s6-b3757-a0
5913,无尽之刃＋鬼索的狂暴之刃＋石像鬼石板甲,无,208,200,250,s6-b3783-a0
5913,无尽之刃＋海妖之怒＋冕卫,无,208,200,250,s6-b3845-a0
5913,红霸符＋灭世者的死亡之帽＋正义之手,无,208,200,250,s6-b4294-a0
5913,红霸符＋灭世者的死亡之帽＋石像鬼石板甲,无,208,200,250,s6-b4296-a0
5913,红霸符＋珠光护手＋正义之手,无,208,200,250,s6-b4379-a0
5913,红霸符＋珠光护手＋石像鬼石板甲,无,208,200,250,s6-b4381-a0
5913,红霸符＋日炎斗篷＋日炎斗篷,无,208,200,250,s6-b4466-a0
5913,红霸符＋薄暮法袍＋薄暮法袍,无,208,200,250,s6-b4484-a0
5913,鬼索的狂暴之刃＋灭世者的死亡之帽＋石像鬼石板甲,无,208,200,250,s6-b4647-a0
5913,鬼索的狂暴之刃＋珠光护手＋石像鬼石板甲,无,208,200,250,s6-b4732-a0
5913,海妖之怒＋纳什之牙＋水银,无,208,200,250,s6-b5512-a0
5913,海妖之怒＋灭世者的死亡之帽＋冕卫,无,208,200,250,s6-b5538-a0
5913,海妖之怒＋冕卫＋珠光护手,无,208,200,250,s6-b5578-a0
5913,纳什之牙＋水银＋水银,无,208,200,250,s6-b5993-a0
5913,大天使之杖＋蓝霸符＋棘刺背心,无,208,200,250,s6-b6530-a0
5943,死亡之刃＋死亡之刃＋正义之手,无,207,200,250,s6-b25-a0
5943,死亡之刃＋红霸符＋适应性头盔,无,207,200,250,s6-b267-a0
5943,死亡之刃＋最后的轻语＋正义之手,无,207,200,250,s6-b410-a0
5943,死亡之刃＋大天使之杖＋圣盾使的誓约,无,207,200,250,s6-b446-a0
5943,巨人杀手＋朔极之矛＋离子火花,无,207,200,250,s6-b712-a0
5943,巨人杀手＋棘刺背心＋日炎斗篷,无,207,200,250,s6-b1182-a0
5943,海克斯科技枪刃＋朔极之矛＋无尽之刃,无,207,200,250,s6-b1262-a0
5943,海克斯科技枪刃＋红霸符＋日炎斗篷,无,207,200,250,s6-b1428-a0
5943,海克斯科技枪刃＋泰坦的坚决＋灭世者的死亡之帽,无,207,200,250,s6-b1490-a0
5943,海克斯科技枪刃＋泰坦的坚决＋珠光护手,无,207,200,250,s6-b1495-a0
5943,朔极之矛＋鬼索的狂暴之刃＋水银,无,207,200,250,s6-b1986-a0
5943,朔极之矛＋纳什之牙＋强袭者的链枷,无,207,200,250,s6-b2082-a0
5943,朔极之矛＋最后的轻语＋离子火花,无,207,200,250,s6-b2087-a0
5943,朔极之矛＋莫雷洛秘典＋强袭者的链枷,无,207,200,250,s6-b2193-a0
5943,夜之锋刃＋鬼索的狂暴之刃＋鬼索的狂暴之刃,无,207,200,250,s6-b2459-a0
5943,夜之锋刃＋泰坦的坚决＋蓝霸符,无,207,200,250,s6-b2520-a0
5943,夜之锋刃＋泰坦的坚决＋薄暮法袍,无,207,200,250,s6-b2530-a0
5943,夜之锋刃＋海妖之怒＋离子火花,无,207,200,250,s6-b2540-a0
5943,夜之锋刃＋海妖之怒＋薄暮法袍,无,207,200,250,s6-b2553-a0
5943,夜之锋刃＋大天使之杖＋蓝霸符,无,207,200,250,s6-b2625-a0
5943,夜之锋刃＋莫雷洛秘典＋棘刺背心,无,207,200,250,s6-b2681-a0
5943,夜之锋刃＋蓝霸符＋蓝霸符,无,207,200,250,s6-b2705-a0
5943,斯特拉克的挑战护手＋泰坦的坚决＋泰坦的坚决,无,207,200,250,s6-b3410-a0
5943,斯特拉克的挑战护手＋泰坦的坚决＋水银,无,207,200,250,s6-b3431-a0
5943,斯特拉克的挑战护手＋海妖之怒＋海妖之怒,无,207,200,250,s6-b3434-a0
5943,无尽之刃＋红霸符＋适应性头盔,无,207,200,250,s6-b3753-a0
5943,无尽之刃＋红霸符＋正义之手,无,207,200,250,s6-b3755-a0
5943,无尽之刃＋纳什之牙＋纳什之牙,无,207,200,250,s6-b3863-a0
5943,无尽之刃＋大天使之杖＋圣盾使的誓约,无,207,200,250,s6-b3932-a0
5943,红霸符＋灭世者的死亡之帽＋适应性头盔,无,207,200,250,s6-b4292-a0
5943,红霸符＋离子火花＋薄暮法袍,无,207,200,250,s6-b4354-a0
5943,红霸符＋珠光护手＋适应性头盔,无,207,200,250,s6-b4377-a0
5943,鬼索的狂暴之刃＋纳什之牙＋强袭者的链枷,无,207,200,250,s6-b4613-a0
5943,鬼索的狂暴之刃＋日炎斗篷＋强袭者的链枷,无,207,200,250,s6-b4823-a0
5943,虚空之杖＋纳什之牙＋纳什之牙,无,207,200,250,s6-b4917-a0
5943,虚空之杖＋离子火花＋薄暮法袍,无,207,200,250,s6-b5030-a0
5943,泰坦的坚决＋莫雷洛秘典＋坚定之心,无,207,200,250,s6-b5344-a0
5943,纳什之牙＋纳什之牙＋大天使之杖,无,207,200,250,s6-b5749-a0
5943,纳什之牙＋纳什之牙＋珠光护手,无,207,200,250,s6-b5753-a0
5943,纳什之牙＋离子火花＋莫雷洛秘典,无,207,200,250,s6-b5847-a0
5943,纳什之牙＋蓝霸符＋蓝霸符,无,207,200,250,s6-b5894-a0
5943,灭世者的死亡之帽＋大天使之杖＋圣盾使的誓约,无,207,200,250,s6-b6256-a0
5943,大天使之杖＋离子火花＋离子火花,无,207,200,250,s6-b6477-a0
5943,大天使之杖＋离子火花＋薄暮法袍,无,207,200,250,s6-b6490-a0
5943,大天使之杖＋珠光护手＋圣盾使的誓约,无,207,200,250,s6-b6512-a0
5943,大天使之杖＋薄暮法袍＋薄暮法袍,无,207,200,250,s6-b6620-a0
5943,蓝霸符＋强袭者的链枷＋强袭者的链枷,无,207,200,250,s6-b7314-a0
5990,死亡之刃＋死亡之刃＋石像鬼石板甲,无,206,200,250,s6-b27-a0
5990,死亡之刃＋巨人杀手＋适应性头盔,无,206,200,250,s6-b57-a0
5990,死亡之刃＋海克斯科技枪刃＋朔极之矛,无,206,200,250,s6-b70-a0
5990,死亡之刃＋朔极之矛＋坚定之心,无,206,200,250,s6-b128-a0
5990,死亡之刃＋无尽之刃＋石像鬼石板甲,无,206,200,250,s6-b244-a0
5990,死亡之刃＋虚空之杖＋石像鬼石板甲,无,206,200,250,s6-b322-a0
5990,死亡之刃＋泰坦的坚决＋冕卫,无,206,200,250,s6-b336-a0
5990,死亡之刃＋最后的轻语＋适应性头盔,无,206,200,250,s6-b408-a0
5990,死亡之刃＋最后的轻语＋石像鬼石板甲,无,206,200,250,s6-b412-a0
5990,死亡之刃＋灭世者的死亡之帽＋石像鬼石板甲,无,206,200,250,s6-b432-a0
5990,死亡之刃＋大天使之杖＋石像鬼石板甲,无,206,200,250,s6-b451-a0
5990,死亡之刃＋珠光护手＋石像鬼石板甲,无,206,200,250,s6-b517-a0
5990,死亡之刃＋棘刺背心＋日炎斗篷,无,206,200,250,s6-b587-a0
5990,巨人杀手＋斯特拉克的挑战护手＋纳什之牙,无,206,200,250,s6-b797-a0
5990,巨人杀手＋无尽之刃＋适应性头盔,无,206,200,250,s6-b835-a0
5990,巨人杀手＋最后的轻语＋正义之手,无,206,200,250,s6-b1005-a0
5990,巨人杀手＋最后的轻语＋石像鬼石板甲,无,206,200,250,s6-b1007-a0
5990,巨人杀手＋灭世者的死亡之帽＋适应性头盔,无,206,200,250,s6-b1023-a0
5990,巨人杀手＋大天使之杖＋石像鬼石板甲,无,206,200,250,s6-b1046-a0
5990,巨人杀手＋珠光护手＋适应性头盔,无,206,200,250,s6-b1108-a0
5990,海克斯科技枪刃＋夜之锋刃＋海妖之怒,无,206,200,250,s6-b1298-a0
5990,海克斯科技枪刃＋夜之锋刃＋灭世者的死亡之帽,无,206,200,250,s6-b1301-a0
5990,海克斯科技枪刃＋虚空之杖＋泰坦的坚决,无,206,200,250,s6-b1462-a0
5990,海克斯科技枪刃＋虚空之杖＋日炎斗篷,无,206,200,250,s6-b1479-a0
5990,海克斯科技枪刃＋最后的轻语＋棘刺背心,无,206,200,250,s6-b1567-a0
5990,海克斯科技枪刃＋最后的轻语＋薄暮法袍,无,206,200,250,s6-b1572-a0
5990,朔极之矛＋无尽之刃＋坚定之心,无,206,200,250,s6-b1930-a0
5990,朔极之矛＋纳什之牙＋纳什之牙,无,206,200,250,s6-b2061-a0
5990,朔极之矛＋灭世者的死亡之帽＋坚定之心,无,206,200,250,s6-b2118-a0
5990,朔极之矛＋珠光护手＋坚定之心,无,206,200,250,s6-b2203-a0
5990,夜之锋刃＋鬼索的狂暴之刃＋薄暮法袍,无,206,200,250,s6-b2481-a0
5990,夜之锋刃＋泰坦的坚决＋日炎斗篷,无,206,200,250,s6-b2527-a0
5990,斯特拉克的挑战护手＋泰坦的坚决＋强袭者的链枷,无,206,200,250,s6-b3433-a0
5990,斯特拉克的挑战护手＋海妖之怒＋水银,无,206,200,250,s6-b3454-a0
5990,斯特拉克的挑战护手＋海妖之怒＋强袭者的链枷,无,206,200,250,s6-b3456-a0
5990,无尽之刃＋无尽之刃＋石像鬼石板甲,无,206,200,250,s6-b3730-a0
5990,无尽之刃＋虚空之杖＋石像鬼石板甲,无,206,200,250,s6-b3808-a0
5990,无尽之刃＋泰坦的坚决＋冕卫,无,206,200,250,s6-b3822-a0
5990,无尽之刃＋最后的轻语＋适应性头盔,无,206,200,250,s6-b3894-a0
5990,无尽之刃＋最后的轻语＋石像鬼石板甲,无,206,200,250,s6-b3898-a0
5990,无尽之刃＋灭世者的死亡之帽＋石像鬼石板甲,无,206,200,250,s6-b3918-a0
5990,无尽之刃＋大天使之杖＋石像鬼石板甲,无,206,200,250,s6-b3937-a0
5990,无尽之刃＋珠光护手＋石像鬼石板甲,无,206,200,250,s6-b4003-a0
5990,无尽之刃＋棘刺背心＋日炎斗篷,无,206,200,250,s6-b4073-a0
5990,红霸符＋红霸符＋石像鬼石板甲,无,206,200,250,s6-b4135-a0
5990,红霸符＋虚空之杖＋石像鬼石板甲,无,206,200,250,s6-b4186-a0
5990,红霸符＋离子火花＋离子火花,无,206,200,250,s6-b4341-a0
5990,鬼索的狂暴之刃＋大天使之杖＋坚定之心,无,206,200,250,s6-b4668-a0
5990,鬼索的狂暴之刃＋蓝霸符＋蓝霸符,无,206,200,250,s6-b4740-a0
5990,鬼索的狂暴之刃＋薄暮法袍＋水银,无,206,200,250,s6-b4836-a0
5990,虚空之杖＋虚空之杖＋石像鬼石板甲,无,206,200,250,s6-b4862-a0
5990,虚空之杖＋最后的轻语＋适应性头盔,无,206,200,250,s6-b4948-a0
5990,虚空之杖＋灭世者的死亡之帽＋石像鬼石板甲,无,206,200,250,s6-b4972-a0
5990,虚空之杖＋珠光护手＋石像鬼石板甲,无,206,200,250,s6-b5057-a0
5990,虚空之杖＋棘刺背心＋日炎斗篷,无,206,200,250,s6-b5127-a0
5990,虚空之杖＋薄暮法袍＋薄暮法袍,无,206,200,250,s6-b5160-a0
5990,泰坦的坚决＋纳什之牙＋水银,无,206,200,250,s6-b5236-a0
5990,泰坦的坚决＋灭世者的死亡之帽＋冕卫,无,206,200,250,s6-b5262-a0
5990,泰坦的坚决＋冕卫＋珠光护手,无,206,200,250,s6-b5302-a0
5990,最后的轻语＋最后的轻语＋石像鬼石板甲,无,206,200,250,s6-b6012-a0
5990,最后的轻语＋灭世者的死亡之帽＋适应性头盔,无,206,200,250,s6-b6028-a0
5990,最后的轻语＋灭世者的死亡之帽＋石像鬼石板甲,无,206,200,250,s6-b6032-a0
5990,最后的轻语＋大天使之杖＋石像鬼石板甲,无,206,200,250,s6-b6051-a0
5990,最后的轻语＋离子火花＋离子火花,无,206,200,250,s6-b6077-a0
5990,最后的轻语＋珠光护手＋适应性头盔,无,206,200,250,s6-b6113-a0
5990,最后的轻语＋珠光护手＋石像鬼石板甲,无,206,200,250,s6-b6117-a0
5990,灭世者的死亡之帽＋灭世者的死亡之帽＋石像鬼石板甲,无,206,200,250,s6-b6242-a0
5990,灭世者的死亡之帽＋大天使之杖＋石像鬼石板甲,无,206,200,250,s6-b6261-a0
5990,灭世者的死亡之帽＋珠光护手＋石像鬼石板甲,无,206,200,250,s6-b6327-a0
5990,灭世者的死亡之帽＋棘刺背心＋日炎斗篷,无,206,200,250,s6-b6397-a0
5990,大天使之杖＋珠光护手＋石像鬼石板甲,无,206,200,250,s6-b6517-a0
5990,珠光护手＋珠光护手＋石像鬼石板甲,无,206,200,250,s6-b7097-a0
5990,珠光护手＋棘刺背心＋日炎斗篷,无,206,200,250,s6-b7167-a0
6063,死亡之刃＋红霸符＋正义之手,无,205,200,250,s6-b269-a0
6063,死亡之刃＋蓝霸符＋日炎斗篷,无,205,200,250,s6-b532-a0
6063,死亡之刃＋薄暮法袍＋薄暮法袍,无,205,200,250,s6-b620-a0
6063,海克斯科技枪刃＋夜之锋刃＋虚空之杖,无,205,200,250,s6-b1296-a0
6063,海克斯科技枪刃＋夜之锋刃＋莫雷洛秘典,无,205,200,250,s6-b1305-a0
6063,海克斯科技枪刃＋夜之锋刃＋珠光护手,无,205,200,250,s6-b1306-a0
6063,海克斯科技枪刃＋无尽之刃＋泰坦的坚决,无,205,200,250,s6-b1384-a0
6063,朔极之矛＋夜之锋刃＋海妖之怒,无,205,200,250,s6-b1826-a0
6063,朔极之矛＋大天使之杖＋日炎斗篷,无,205,200,250,s6-b2136-a0
6063,夜之锋刃＋红霸符＋纳什之牙,无,205,200,250,s6-b2437-a0
6063,无尽之刃＋纳什之牙＋坚定之心,无,205,200,250,s6-b3879-a0
6063,无尽之刃＋蓝霸符＋日炎斗篷,无,205,200,250,s6-b4018-a0
6063,无尽之刃＋薄暮法袍＋薄暮法袍,无,205,200,250,s6-b4106-a0
6063,红霸符＋纳什之牙＋纳什之牙,无,205,200,250,s6-b4241-a0
6063,红霸符＋棘刺背心＋棘刺背心,无,205,200,250,s6-b4449-a0
6063,鬼索的狂暴之刃＋虚空之杖＋日炎斗篷,无,205,200,250,s6-b4538-a0
6063,鬼索的狂暴之刃＋棘刺背心＋水银,无,205,200,250,s6-b4806-a0
6063,虚空之杖＋纳什之牙＋薄暮法袍,无,205,200,250,s6-b4935-a0
6063,泰坦的坚决＋海妖之怒＋坚定之心,无,205,200,250,s6-b5211-a0
6063,泰坦的坚决＋纳什之牙＋纳什之牙,无,205,200,250,s6-b5217-a0
6063,泰坦的坚决＋坚定之心＋水银,无,205,200,250,s6-b5452-a0
6063,海妖之怒＋海妖之怒＋坚定之心,无,205,200,250,s6-b5487-a0
6063,海妖之怒＋坚定之心＋水银,无,205,200,250,s6-b5728-a0
6063,纳什之牙＋莫雷洛秘典＋水银,无,205,200,250,s6-b5876-a0
6063,纳什之牙＋珠光护手＋坚定之心,无,205,200,250,s6-b5888-a0
6063,最后的轻语＋棘刺背心＋棘刺背心,无,205,200,250,s6-b6185-a0
6063,灭世者的死亡之帽＋蓝霸符＋日炎斗篷,无,205,200,250,s6-b6342-a0
6063,灭世者的死亡之帽＋薄暮法袍＋薄暮法袍,无,205,200,250,s6-b6430-a0
6063,大天使之杖＋棘刺背心＋棘刺背心,无,205,200,250,s6-b6585-a0
6063,珠光护手＋蓝霸符＋日炎斗篷,无,205,200,250,s6-b7112-a0
6063,珠光护手＋薄暮法袍＋薄暮法袍,无,205,200,250,s6-b7200-a0
6094,死亡之刃＋朔极之矛＋斯特拉克的挑战护手,无,204,200,250,s6-b105-a0
6094,死亡之刃＋离子火花＋薄暮法袍,无,204,200,250,s6-b490-a0
6094,巨人杀手＋夜之锋刃＋蓝霸符,无,204,200,250,s6-b746-a0
6094,巨人杀手＋最后的轻语＋冕卫,无,204,200,250,s6-b997-a0
6094,巨人杀手＋离子火花＋离子火花,无,204,200,250,s6-b1072-a0
6094,海克斯科技枪刃＋泰坦的坚决＋海妖之怒,无,204,200,250,s6-b1487-a0
6094,海克斯科技枪刃＋泰坦的坚决＋莫雷洛秘典,无,204,200,250,s6-b1494-a0
6094,海克斯科技枪刃＋纳什之牙＋灭世者的死亡之帽,无,204,200,250,s6-b1535-a0
6094,海克斯科技枪刃＋最后的轻语＋日炎斗篷,无,204,200,250,s6-b1569-a0
6094,海克斯科技枪刃＋强袭者的链枷＋强袭者的链枷,无,204,200,250,s6-b1785-a0
6094,朔极之矛＋斯特拉克的挑战护手＋无尽之刃,无,204,200,250,s6-b1880-a0
6094,朔极之矛＋斯特拉克的挑战护手＋灭世者的死亡之帽,无,204,200,250,s6-b1888-a0
6094,朔极之矛＋斯特拉克的挑战护手＋珠光护手,无,204,200,250,s6-b1893-a0
6094,朔极之矛＋泰坦的坚决＋纳什之牙,无,204,200,250,s6-b2016-a0
6094,朔极之矛＋泰坦的坚决＋莫雷洛秘典,无,204,200,250,s6-b2022-a0
6094,朔极之矛＋泰坦的坚决＋棘刺背心,无,204,200,250,s6-b2029-a0
6094,朔极之矛＋海妖之怒＋纳什之牙,无,204,200,250,s6-b2039-a0
6094,朔极之矛＋海妖之怒＋莫雷洛秘典,无,204,200,250,s6-b2045-a0
6094,朔极之矛＋纳什之牙＋水银,无,204,200,250,s6-b2080-a0
6094,朔极之矛＋最后的轻语＋棘刺背心,无,204,200,250,s6-b2095-a0
6094,朔极之矛＋莫雷洛秘典＋棘刺背心,无,204,200,250,s6-b2185-a0
6094,朔极之矛＋莫雷洛秘典＋水银,无,204,200,250,s6-b2191-a0
6094,夜之锋刃＋最后的轻语＋蓝霸符,无,204,200,250,s6-b2586-a0
6094,夜之锋刃＋离子火花＋水银,无,204,200,250,s6-b2671-a0
6094,夜之锋刃＋棘刺背心＋水银,无,204,200,250,s6-b2771-a0
6094,夜之锋刃＋薄暮法袍＋水银,无,204,200,250,s6-b2801-a0
6094,斯特拉克的挑战护手＋红霸符＋水银,无,204,200,250,s6-b3356-a0
6094,无尽之刃＋纳什之牙＋水银,无,204,200,250,s6-b3882-a0
6094,无尽之刃＋离子火花＋薄暮法袍,无,204,200,250,s6-b3976-a0
6094,红霸符＋红霸符＋冕卫,无,204,200,250,s6-b4125-a0
6094,鬼索的狂暴之刃＋虚空之杖＋离子火花,无,204,200,250,s6-b4528-a0
6094,鬼索的狂暴之刃＋莫雷洛秘典＋水银,无,204,200,250,s6-b4722-a0
6094,虚空之杖＋纳什之牙＋日炎斗篷,无,204,200,250,s6-b4932-a0
6094,纳什之牙＋最后的轻语＋棘刺背心,无,204,200,250,s6-b5780-a0
6094,纳什之牙＋最后的轻语＋日炎斗篷,无,204,200,250,s6-b5782-a0
6094,纳什之牙＋珠光护手＋水银,无,204,200,250,s6-b5891-a0
6094,纳什之牙＋蓝霸符＋水银,无,204,200,250,s6-b5905-a0
6094,最后的轻语＋最后的轻语＋圣盾使的誓约,无,204,200,250,s6-b6007-a0
6094,灭世者的死亡之帽＋离子火花＋薄暮法袍,无,204,200,250,s6-b6300-a0
6094,离子火花＋珠光护手＋薄暮法袍,无,204,200,250,s6-b6845-a0
6094,蓝霸符＋水银＋强袭者的链枷,无,204,200,250,s6-b7311-a0
6135,死亡之刃＋海克斯科技枪刃＋泰坦的坚决,无,203,200,250,s6-b78-a0
6135,死亡之刃＋海妖之怒＋坚定之心,无,203,200,250,s6-b371-a0
6135,死亡之刃＋离子火花＋离子火花,无,203,200,250,s6-b477-a0
6135,死亡之刃＋棘刺背心＋棘刺背心,无,203,200,250,s6-b585-a0
6135,死亡之刃＋坚定之心＋强袭者的链枷,无,203,200,250,s6-b614-a0
6135,巨人杀手＋海克斯科技枪刃＋夜之锋刃,无,203,200,250,s6-b666-a0
6135,巨人杀手＋海克斯科技枪刃＋泰坦的坚决,无,203,200,250,s6-b673-a0
6135,巨人杀手＋朔极之矛＋夜之锋刃,无,203,200,250,s6-b698-a0
6135,巨人杀手＋斯特拉克的挑战护手＋莫雷洛秘典,无,203,200,250,s6-b803-a0
6135,海克斯科技枪刃＋夜之锋刃＋红霸符,无,203,200,250,s6-b1294-a0
6135,海克斯科技枪刃＋无尽之刃＋强袭者的链枷,无,203,200,250,s6-b1407-a0
6135,海克斯科技枪刃＋虚空之杖＋强袭者的链枷,无,203,200,250,s6-b1485-a0
6135,海克斯科技枪刃＋海妖之怒＋强袭者的链枷,无,203,200,250,s6-b1532-a0
6135,海克斯科技枪刃＋灭世者的死亡之帽＋强袭者的链枷,无,203,200,250,s6-b1595-a0
6135,海克斯科技枪刃＋珠光护手＋强袭者的链枷,无,203,200,250,s6-b1680-a0
6135,朔极之矛＋朔极之矛＋夜之锋刃,无,203,200,250,s6-b1787-a0
6135,朔极之矛＋夜之锋刃＋大天使之杖,无,203,200,250,s6-b1830-a0
6135,朔极之矛＋莫雷洛秘典＋莫雷洛秘典,无,203,200,250,s6-b2178-a0
6135,夜之锋刃＋鬼索的狂暴之刃＋蓝霸符,无,203,200,250,s6-b2471-a0
6135,夜之锋刃＋纳什之牙＋莫雷洛秘典,无,203,200,250,s6-b2563-a0
6135,斯特拉克的挑战护手＋大天使之杖＋强袭者的链枷,无,203,200,250,s6-b3538-a0
6135,无尽之刃＋海妖之怒＋坚定之心,无,203,200,250,s6-b3857-a0
6135,无尽之刃＋离子火花＋离子火花,无,203,200,250,s6-b3963-a0
6135,无尽之刃＋棘刺背心＋棘刺背心,无,203,200,250,s6-b4071-a0
6135,无尽之刃＋坚定之心＋强袭者的链枷,无,203,200,250,s6-b4100-a0
6135,红霸符＋海妖之怒＋坚定之心,无,203,200,250,s6-b4235-a0
6135,红霸符＋纳什之牙＋莫雷洛秘典,无,203,200,250,s6-b4247-a0
6135,红霸符＋大天使之杖＋冕卫,无,203,200,250,s6-b4305-a0
6135,鬼索的狂暴之刃＋莫雷洛秘典＋薄暮法袍,无,203,200,250,s6-b4721-a0
6135,虚空之杖＋海妖之怒＋坚定之心,无,203,200,250,s6-b4911-a0
6135,虚空之杖＋最后的轻语＋冕卫,无,203,200,250,s6-b4942-a0
6135,虚空之杖＋离子火花＋离子火花,无,203,200,250,s6-b5017-a0
6135,泰坦的坚决＋纳什之牙＋蓝霸符,无,203,200,250,s6-b5225-a0
6135,海妖之怒＋纳什之牙＋蓝霸符,无,203,200,250,s6-b5501-a0
6135,海妖之怒＋灭世者的死亡之帽＋坚定之心,无,203,200,250,s6-b5550-a0
6135,海妖之怒＋珠光护手＋坚定之心,无,203,200,250,s6-b5635-a0
6135,纳什之牙＋最后的轻语＋薄暮法袍,无,203,200,250,s6-b5785-a0
6135,纳什之牙＋蓝霸符＋强袭者的链枷,无,203,200,250,s6-b5907-a0
6135,纳什之牙＋棘刺背心＋强袭者的链枷,无,203,200,250,s6-b5962-a0
6135,灭世者的死亡之帽＋离子火花＋离子火花,无,203,200,250,s6-b6287-a0
6135,灭世者的死亡之帽＋棘刺背心＋棘刺背心,无,203,200,250,s6-b6395-a0
6135,灭世者的死亡之帽＋坚定之心＋强袭者的链枷,无,203,200,250,s6-b6424-a0
6135,离子火花＋离子火花＋珠光护手,无,203,200,250,s6-b6803-a0
6135,莫雷洛秘典＋蓝霸符＋强袭者的链枷,无,203,200,250,s6-b6998-a0
6135,莫雷洛秘典＋日炎斗篷＋强袭者的链枷,无,203,200,250,s6-b7068-a0
6135,珠光护手＋棘刺背心＋棘刺背心,无,203,200,250,s6-b7165-a0
6135,珠光护手＋坚定之心＋强袭者的链枷,无,203,200,250,s6-b7194-a0
6135,蓝霸符＋蓝霸符＋水银,无,203,200,250,s6-b7221-a0
6183,死亡之刃＋夜之锋刃＋离子火花,无,202,200,250,s6-b148-a0
6183,死亡之刃＋夜之锋刃＋薄暮法袍,无,202,200,250,s6-b161-a0
6183,死亡之刃＋纳什之牙＋坚定之心,无,202,200,250,s6-b393-a0
6183,死亡之刃＋大天使之杖＋冕卫,无,202,200,250,s6-b441-a0
6183,死亡之刃＋莫雷洛秘典＋坚定之心,无,202,200,250,s6-b504-a0
6183,死亡之刃＋蓝霸符＋棘刺背心,无,202,200,250,s6-b530-a0
6183,死亡之刃＋蓝霸符＋薄暮法袍,无,202,200,250,s6-b535-a0
6183,巨人杀手＋朔极之矛＋薄暮法袍,无,202,200,250,s6-b725-a0
6183,巨人杀手＋夜之锋刃＋离子火花,无,202,200,250,s6-b743-a0
6183,巨人杀手＋夜之锋刃＋日炎斗篷,无,202,200,250,s6-b753-a0
6183,巨人杀手＋夜之锋刃＋薄暮法袍,无,202,200,250,s6-b756-a0
6183,海克斯科技枪刃＋大天使之杖＋水银,无,202,200,250,s6-b1612-a0
6183,朔极之矛＋鬼索的狂暴之刃＋莫雷洛秘典,无,202,200,250,s6-b1973-a0
6183,夜之锋刃＋无尽之刃＋离子火花,无,202,200,250,s6-b2415-a0
6183,夜之锋刃＋无尽之刃＋薄暮法袍,无,202,200,250,s6-b2428-a0
6183,夜之锋刃＋泰坦的坚决＋棘刺背心,无,202,200,250,s6-b2525-a0
6183,夜之锋刃＋灭世者的死亡之帽＋离子火花,无,202,200,250,s6-b2603-a0
6183,夜之锋刃＋灭世者的死亡之帽＋薄暮法袍,无,202,200,250,s6-b2616-a0
6183,夜之锋刃＋离子火花＋珠光护手,无,202,200,250,s6-b2659-a0
6183,夜之锋刃＋珠光护手＋薄暮法袍,无,202,200,250,s6-b2701-a0
6183,无尽之刃＋大天使之杖＋冕卫,无,202,200,250,s6-b3927-a0
6183,无尽之刃＋莫雷洛秘典＋坚定之心,无,202,200,250,s6-b3990-a0
6183,无尽之刃＋蓝霸符＋棘刺背心,无,202,200,250,s6-b4016-a0
6183,无尽之刃＋蓝霸符＋薄暮法袍,无,202,200,250,s6-b4021-a0
6183,红霸符＋莫雷洛秘典＋坚定之心,无,202,200,250,s6-b4368-a0
6183,红霸符＋坚定之心＋强袭者的链枷,无,202,200,250,s6-b4478-a0
6183,鬼索的狂暴之刃＋鬼索的狂暴之刃＋纳什之牙,无,202,200,250,s6-b4498-a0
6183,鬼索的狂暴之刃＋离子火花＋莫雷洛秘典,无,202,200,250,s6-b4693-a0
6183,鬼索的狂暴之刃＋棘刺背心＋棘刺背心,无,202,200,250,s6-b4800-a0
6183,虚空之杖＋莫雷洛秘典＋坚定之心,无,202,200,250,s6-b5044-a0
6183,虚空之杖＋棘刺背心＋棘刺背心,无,202,200,250,s6-b5125-a0
6183,泰坦的坚决＋泰坦的坚决＋坚定之心,无,202,200,250,s6-b5188-a0
6183,海妖之怒＋纳什之牙＋棘刺背心,无,202,200,250,s6-b5506-a0
6183,纳什之牙＋最后的轻语＋离子火花,无,202,200,250,s6-b5772-a0
6183,纳什之牙＋灭世者的死亡之帽＋坚定之心,无,202,200,250,s6-b5803-a0
6183,纳什之牙＋大天使之杖＋坚定之心,无,202,200,250,s6-b5822-a0
6183,纳什之牙＋莫雷洛秘典＋蓝霸符,无,202,200,250,s6-b5865-a0
6183,最后的轻语＋最后的轻语＋正义之手,无,202,200,250,s6-b6010-a0
6183,灭世者的死亡之帽＋大天使之杖＋冕卫,无,202,200,250,s6-b6251-a0
6183,灭世者的死亡之帽＋莫雷洛秘典＋坚定之心,无,202,200,250,s6-b6314-a0
6183,灭世者的死亡之帽＋蓝霸符＋棘刺背心,无,202,200,250,s6-b6340-a0
6183,灭世者的死亡之帽＋蓝霸符＋薄暮法袍,无,202,200,250,s6-b6345-a0
6183,大天使之杖＋冕卫＋珠光护手,无,202,200,250,s6-b6462-a0
6183,大天使之杖＋莫雷洛秘典＋坚定之心,无,202,200,250,s6-b6504-a0
6183,莫雷洛秘典＋珠光护手＋坚定之心,无,202,200,250,s6-b6979-a0
6183,珠光护手＋蓝霸符＋棘刺背心,无,202,200,250,s6-b7110-a0
6183,珠光护手＋蓝霸符＋薄暮法袍,无,202,200,250,s6-b7115-a0
6230,死亡之刃＋死亡之刃＋冕卫,无,201,200,250,s6-b17-a0
6230,死亡之刃＋夜之锋刃＋蓝霸符,无,201,200,250,s6-b151-a0
6230,死亡之刃＋斯特拉克的挑战护手＋鬼索的狂暴之刃,无,201,200,250,s6-b198-a0
6230,死亡之刃＋无尽之刃＋冕卫,无,201,200,250,s6-b234-a0
6230,死亡之刃＋红霸符＋冕卫,无,201,200,250,s6-b261-a0
6230,死亡之刃＋泰坦的坚决＋坚定之心,无,201,200,250,s6-b348-a0
6230,死亡之刃＋最后的轻语＋冕卫,无,201,200,250,s6-b402-a0
6230,死亡之刃＋灭世者的死亡之帽＋冕卫,无,201,200,250,s6-b422-a0
6230,死亡之刃＋冕卫＋珠光护手,无,201,200,250,s6-b462-a0
6230,巨人杀手＋巨人杀手＋冕卫,无,201,200,250,s6-b646-a0
6230,巨人杀手＋斯特拉克的挑战护手＋水银,无,201,200,250,s6-b816-a0
6230,巨人杀手＋红霸符＋冕卫,无,201,200,250,s6-b856-a0
6230,海克斯科技枪刃＋虚空之杖＋虚空之杖,无,201,200,250,s6-b1461-a0
6230,海克斯科技枪刃＋最后的轻语＋水银,无,201,200,250,s6-b1573-a0
6230,朔极之矛＋夜之锋刃＋蓝霸符,无,201,200,250,s6-b1835-a0
6230,朔极之矛＋海妖之怒＋棘刺背心,无,201,200,250,s6-b2052-a0
6230,夜之锋刃＋无尽之刃＋蓝霸符,无,201,200,250,s6-b2418-a0
6230,夜之锋刃＋红霸符＋离子火花,无,201,200,250,s6-b2442-a0
6230,夜之锋刃＋红霸符＋薄暮法袍,无,201,200,250,s6-b2455-a0
6230,夜之锋刃＋虚空之杖＋蓝霸符,无,201,200,250,s6-b2496-a0
6230,夜之锋刃＋灭世者的死亡之帽＋蓝霸符,无,201,200,250,s6-b2606-a0
6230,夜之锋刃＋珠光护手＋蓝霸符,无,201,200,250,s6-b2691-a0
6230,斯特拉克的挑战护手＋无尽之刃＋鬼索的狂暴之刃,无,201,200,250,s6-b3306-a0
6230,斯特拉克的挑战护手＋鬼索的狂暴之刃＋灭世者的死亡之帽,无,201,200,250,s6-b3365-a0
6230,斯特拉克的挑战护手＋鬼索的狂暴之刃＋珠光护手,无,201,200,250,s6-b3370-a0
6230,斯特拉克的挑战护手＋泰坦的坚决＋大天使之杖,无,201,200,250,s6-b3415-a0
6230,斯特拉克的挑战护手＋海妖之怒＋最后的轻语,无,201,200,250,s6-b3436-a0
6230,斯特拉克的挑战护手＋海妖之怒＋大天使之杖,无,201,200,250,s6-b3438-a0
6230,无尽之刃＋无尽之刃＋冕卫,无,201,200,250,s6-b3720-a0
6230,无尽之刃＋红霸符＋冕卫,无,201,200,250,s6-b3747-a0
6230,无尽之刃＋泰坦的坚决＋坚定之心,无,201,200,250,s6-b3834-a0
6230,无尽之刃＋最后的轻语＋冕卫,无,201,200,250,s6-b3888-a0
6230,无尽之刃＋灭世者的死亡之帽＋冕卫,无,201,200,250,s6-b3908-a0
6230,无尽之刃＋冕卫＋珠光护手,无,201,200,250,s6-b3948-a0
6230,红霸符＋鬼索的狂暴之刃＋棘刺背心,无,201,200,250,s6-b4160-a0
6230,红霸符＋鬼索的狂暴之刃＋薄暮法袍,无,201,200,250,s6-b4165-a0
6230,红霸符＋虚空之杖＋冕卫,无,201,200,250,s6-b4176-a0
6230,红霸符＋灭世者的死亡之帽＋冕卫,无,201,200,250,s6-b4286-a0
6230,红霸符＋冕卫＋珠光护手,无,201,200,250,s6-b4326-a0
6230,鬼索的狂暴之刃＋海妖之怒＋坚定之心,无,201,200,250,s6-b4586-a0
6230,鬼索的狂暴之刃＋离子火花＋水银,无,201,200,250,s6-b4706-a0
6230,鬼索的狂暴之刃＋莫雷洛秘典＋棘刺背心,无,201,200,250,s6-b4716-a0
6230,虚空之杖＋虚空之杖＋冕卫,无,201,200,250,s6-b4852-a0
6230,虚空之杖＋泰坦的坚决＋坚定之心,无,201,200,250,s6-b4888-a0
6230,虚空之杖＋纳什之牙＋棘刺背心,无,201,200,250,s6-b4930-a0
6230,虚空之杖＋纳什之牙＋水银,无,201,200,250,s6-b4936-a0
6230,虚空之杖＋坚定之心＋水银,无,201,200,250,s6-b5152-a0
6230,泰坦的坚决＋灭世者的死亡之帽＋坚定之心,无,201,200,250,s6-b5274-a0
6230,泰坦的坚决＋珠光护手＋坚定之心,无,201,200,250,s6-b5359-a0
6230,海妖之怒＋纳什之牙＋日炎斗篷,无,201,200,250,s6-b5508-a0
6230,海妖之怒＋莫雷洛秘典＋日炎斗篷,无,201,200,250,s6-b5619-a0
6230,纳什之牙＋大天使之杖＋水银,无,201,200,250,s6-b5825-a0
6230,最后的轻语＋灭世者的死亡之帽＋冕卫,无,201,200,250,s6-b6022-a0
6230,最后的轻语＋冕卫＋珠光护手,无,201,200,250,s6-b6062-a0
6230,灭世者的死亡之帽＋灭世者的死亡之帽＋冕卫,无,201,200,250,s6-b6232-a0
6230,灭世者的死亡之帽＋冕卫＋珠光护手,无,201,200,250,s6-b6272-a0
6230,大天使之杖＋大天使之杖＋冕卫,无,201,200,250,s6-b6441-a0
6230,冕卫＋珠光护手＋珠光护手,无,201,200,250,s6-b6681-a0
6230,莫雷洛秘典＋薄暮法袍＋强袭者的链枷,无,201,200,250,s6-b7083-a0
6230,日炎斗篷＋强袭者的链枷＋强袭者的链枷,无,201,200,250,s6-b7713-a0
6230,薄暮法袍＋强袭者的链枷＋强袭者的链枷,无,201,200,250,s6-b7759-a0
6291,死亡之刃＋海克斯科技枪刃＋夜之锋刃,无,200,200,250,s6-b71-a0
6291,死亡之刃＋海克斯科技枪刃＋纳什之牙,无,200,200,250,s6-b80-a0
6291,死亡之刃＋海克斯科技枪刃＋强袭者的链枷,无,200,200,250,s6-b101-a0
6291,死亡之刃＋斯特拉克的挑战护手＋纳什之牙,无,200,200,250,s6-b202-a0
6291,死亡之刃＋斯特拉克的挑战护手＋莫雷洛秘典,无,200,200,250,s6-b208-a0
6291,死亡之刃＋离子火花＋蓝霸符,无,200,200,250,s6-b480-a0
6291,死亡之刃＋坚定之心＋水银,无,200,200,250,s6-b612-a0
6291,巨人杀手＋夜之锋刃＋棘刺背心,无,200,200,250,s6-b751-a0
6291,巨人杀手＋斯特拉克的挑战护手＋强袭者的链枷,无,200,200,250,s6-b818-a0
6291,巨人杀手＋纳什之牙＋纳什之牙,无,200,200,250,s6-b972-a0
6291,巨人杀手＋莫雷洛秘典＋坚定之心,无,200,200,250,s6-b1099-a0
6291,巨人杀手＋坚定之心＋水银,无,200,200,250,s6-b1207-a0
6291,海克斯科技枪刃＋夜之锋刃＋无尽之刃,无,200,200,250,s6-b1293-a0
6291,海克斯科技枪刃＋夜之锋刃＋最后的轻语,无,200,200,250,s6-b1300-a0
6291,海克斯科技枪刃＋夜之锋刃＋大天使之杖,无,200,200,250,s6-b1302-a0
6291,海克斯科技枪刃＋泰坦的坚决＋大天使之杖,无,200,200,250,s6-b1491-a0
6291,海克斯科技枪刃＋莫雷洛秘典＋莫雷洛秘典,无,200,200,250,s6-b1650-a0
6291,海克斯科技枪刃＋莫雷洛秘典＋强袭者的链枷,无,200,200,250,s6-b1665-a0
6291,朔极之矛＋夜之锋刃＋泰坦的坚决,无,200,200,250,s6-b1825-a0
6291,朔极之矛＋纳什之牙＋莫雷洛秘典,无,200,200,250,s6-b2067-a0
6291,朔极之矛＋水银＋强袭者的链枷,无,200,200,250,s6-b2310-a0
6291,夜之锋刃＋红霸符＋蓝霸符,无,200,200,250,s6-b2445-a0
6291,夜之锋刃＋红霸符＋棘刺背心,无,200,200,250,s6-b2450-a0
6291,夜之锋刃＋鬼索的狂暴之刃＋棘刺背心,无,200,200,250,s6-b2476-a0
6291,夜之锋刃＋虚空之杖＋离子火花,无,200,200,250,s6-b2493-a0
6291,斯特拉克的挑战护手＋无尽之刃＋纳什之牙,无,200,200,250,s6-b3310-a0
6291,斯特拉克的挑战护手＋无尽之刃＋莫雷洛秘典,无,200,200,250,s6-b3316-a0
6291,斯特拉克的挑战护手＋红霸符＋莫雷洛秘典,无,200,200,250,s6-b3343-a0
6291,斯特拉克的挑战护手＋红霸符＋强袭者的链枷,无,200,200,250,s6-b3358-a0
6291,斯特拉克的挑战护手＋虚空之杖＋莫雷洛秘典,无,200,200,250,s6-b3394-a0
6291,斯特拉克的挑战护手＋虚空之杖＋强袭者的链枷,无,200,200,250,s6-b3409-a0
6291,斯特拉克的挑战护手＋纳什之牙＋灭世者的死亡之帽,无,200,200,250,s6-b3459-a0
6291,斯特拉克的挑战护手＋纳什之牙＋珠光护手,无,200,200,250,s6-b3464-a0
6291,斯特拉克的挑战护手＋最后的轻语＋强袭者的链枷,无,200,200,250,s6-b3499-a0
6291,斯特拉克的挑战护手＋灭世者的死亡之帽＋莫雷洛秘典,无,200,200,250,s6-b3504-a0
6291,斯特拉克的挑战护手＋大天使之杖＋莫雷洛秘典,无,200,200,250,s6-b3523-a0
6291,斯特拉克的挑战护手＋莫雷洛秘典＋珠光护手,无,200,200,250,s6-b3575-a0
6291,无尽之刃＋离子火花＋蓝霸符,无,200,200,250,s6-b3966-a0
6291,无尽之刃＋坚定之心＋水银,无,200,200,250,s6-b4098-a0
6291,红霸符＋鬼索的狂暴之刃＋离子火花,无,200,200,250,s6-b4152-a0
6291,红霸符＋纳什之牙＋强袭者的链枷,无,200,200,250,s6-b4262-a0
6291,红霸符＋坚定之心＋水银,无,200,200,250,s6-b4476-a0
6291,鬼索的狂暴之刃＋泰坦的坚决＋纳什之牙,无,200,200,250,s6-b4547-a0
6291,鬼索的狂暴之刃＋泰坦的坚决＋坚定之心,无,200,200,250,s6-b4563-a0
6291,鬼索的狂暴之刃＋纳什之牙＋莫雷洛秘典,无,200,200,250,s6-b4598-a0
6291,鬼索的狂暴之刃＋莫雷洛秘典＋莫雷洛秘典,无,200,200,250,s6-b4709-a0
6291,虚空之杖＋坚定之心＋强袭者的链枷,无,200,200,250,s6-b5154-a0
6291,海妖之怒＋最后的轻语＋坚定之心,无,200,200,250,s6-b5530-a0
6291,纳什之牙＋纳什之牙＋蓝霸符,无,200,200,250,s6-b5754-a0
6291,纳什之牙＋最后的轻语＋水银,无,200,200,250,s6-b5786-a0
6291,纳什之牙＋莫雷洛秘典＋棘刺背心,无,200,200,250,s6-b5870-a0
6291,纳什之牙＋日炎斗篷＋强袭者的链枷,无,200,200,250,s6-b5977-a0
6291,纳什之牙＋薄暮法袍＋强袭者的链枷,无,200,200,250,s6-b5992-a0
6291,最后的轻语＋莫雷洛秘典＋坚定之心,无,200,200,250,s6-b6104-a0
6291,最后的轻语＋坚定之心＋水银,无,200,200,250,s6-b6212-a0
6291,灭世者的死亡之帽＋离子火花＋蓝霸符,无,200,200,250,s6-b6290-a0
6291,灭世者的死亡之帽＋坚定之心＋水银,无,200,200,250,s6-b6422-a0
6291,大天使之杖＋坚定之心＋水银,无,200,200,250,s6-b6612-a0
6291,大天使之杖＋坚定之心＋强袭者的链枷,无,200,200,250,s6-b6614-a0
6291,离子火花＋莫雷洛秘典＋莫雷洛秘典,无,200,200,250,s6-b6818-a0
6291,离子火花＋莫雷洛秘典＋强袭者的链枷,无,200,200,250,s6-b6833-a0
6291,离子火花＋珠光护手＋蓝霸符,无,200,200,250,s6-b6835-a0
6291,离子火花＋强袭者的链枷＋强袭者的链枷,无,200,200,250,s6-b6953-a0
6291,莫雷洛秘典＋莫雷洛秘典＋蓝霸符,无,200,200,250,s6-b6956-a0
6291,莫雷洛秘典＋莫雷洛秘典＋日炎斗篷,无,200,200,250,s6-b6963-a0
6291,莫雷洛秘典＋蓝霸符＋水银,无,200,200,250,s6-b6996-a0
6291,莫雷洛秘典＋棘刺背心＋强袭者的链枷,无,200,200,250,s6-b7053-a0
6291,珠光护手＋坚定之心＋水银,无,200,200,250,s6-b7192-a0
6291,棘刺背心＋强袭者的链枷＋强袭者的链枷,无,200,200,250,s6-b7649-a0
6360,死亡之刃＋夜之锋刃＋日炎斗篷,无,199,150,200,s6-b158-a0
6360,巨人杀手＋海克斯科技枪刃＋强袭者的链枷,无,199,150,200,s6-b696-a0
6360,巨人杀手＋坚定之心＋强袭者的链枷,无,199,150,200,s6-b1209-a0
6360,海克斯科技枪刃＋红霸符＋泰坦的坚决,无,199,150,200,s6-b1411-a0
6360,海克斯科技枪刃＋海妖之怒＋灭世者的死亡之帽,无,199,150,200,s6-b1513-a0
6360,朔极之矛＋朔极之矛＋水银,无,199,150,200,s6-b1815-a0
6360,朔极之矛＋夜之锋刃＋红霸符,无,199,150,200,s6-b1822-a0
6360,朔极之矛＋夜之锋刃＋鬼索的狂暴之刃,无,199,150,200,s6-b1823-a0
6360,朔极之矛＋夜之锋刃＋最后的轻语,无,199,150,200,s6-b1828-a0
6360,朔极之矛＋蓝霸符＋水银,无,199,150,200,s6-b2220-a0
6360,夜之锋刃＋夜之锋刃＋纳什之牙,无,199,150,200,s6-b2323-a0
6360,夜之锋刃＋无尽之刃＋日炎斗篷,无,199,150,200,s6-b2425-a0
6360,夜之锋刃＋红霸符＋日炎斗篷,无,199,150,200,s6-b2452-a0
6360,夜之锋刃＋虚空之杖＋日炎斗篷,无,199,150,200,s6-b2503-a0
6360,夜之锋刃＋最后的轻语＋离子火花,无,199,150,200,s6-b2583-a0
6360,夜之锋刃＋最后的轻语＋薄暮法袍,无,199,150,200,s6-b2596-a0
6360,夜之锋刃＋灭世者的死亡之帽＋日炎斗篷,无,199,150,200,s6-b2613-a0
6360,夜之锋刃＋珠光护手＋日炎斗篷,无,199,150,200,s6-b2698-a0
6360,红霸符＋泰坦的坚决＋坚定之心,无,199,150,200,s6-b4212-a0
6360,红霸符＋纳什之牙＋水银,无,199,150,200,s6-b4260-a0
6360,鬼索的狂暴之刃＋纳什之牙＋水银,无,199,150,200,s6-b4611-a0
6360,虚空之杖＋纳什之牙＋离子火花,无,199,150,200,s6-b4922-a0
6360,虚空之杖＋大天使之杖＋冕卫,无,199,150,200,s6-b4981-a0
6360,泰坦的坚决＋纳什之牙＋离子火花,无,199,150,200,s6-b5222-a0
6360,泰坦的坚决＋纳什之牙＋日炎斗篷,无,199,150,200,s6-b5232-a0
6360,泰坦的坚决＋纳什之牙＋薄暮法袍,无,199,150,200,s6-b5235-a0
6360,泰坦的坚决＋莫雷洛秘典＋日炎斗篷,无,199,150,200,s6-b5343-a0
6360,泰坦的坚决＋蓝霸符＋强袭者的链枷,无,199,150,200,s6-b5378-a0
6360,海妖之怒＋蓝霸符＋强袭者的链枷,无,199,150,200,s6-b5654-a0
6360,海妖之怒＋棘刺背心＋强袭者的链枷,无,199,150,200,s6-b5709-a0
6360,最后的轻语＋坚定之心＋强袭者的链枷,无,199,150,200,s6-b6214-a0
6360,莫雷洛秘典＋棘刺背心＋水银,无,199,150,200,s6-b7051-a0
6360,棘刺背心＋水银＋强袭者的链枷,无,199,150,200,s6-b7646-a0
6393,死亡之刃＋巨人杀手＋冕卫,无,198,150,200,s6-b51-a0
6393,死亡之刃＋巨人杀手＋圣盾使的誓约,无,198,150,200,s6-b56-a0
6393,死亡之刃＋斯特拉克的挑战护手＋水银,无,198,150,200,s6-b221-a0
6393,死亡之刃＋虚空之杖＋冕卫,无,198,150,200,s6-b312-a0
6393,死亡之刃＋最后的轻语＋圣盾使的誓约,无,198,150,200,s6-b407-a0
6393,巨人杀手＋斯特拉克的挑战护手＋泰坦的坚决,无,198,150,200,s6-b795-a0
6393,巨人杀手＋斯特拉克的挑战护手＋海妖之怒,无,198,150,200,s6-b796-a0
6393,巨人杀手＋无尽之刃＋冕卫,无,198,150,200,s6-b829-a0
6393,巨人杀手＋无尽之刃＋圣盾使的誓约,无,198,150,200,s6-b834-a0
6393,巨人杀手＋虚空之杖＋冕卫,无,198,150,200,s6-b907-a0
6393,巨人杀手＋灭世者的死亡之帽＋冕卫,无,198,150,200,s6-b1017-a0
6393,巨人杀手＋灭世者的死亡之帽＋圣盾使的誓约,无,198,150,200,s6-b1022-a0
6393,巨人杀手＋大天使之杖＋冕卫,无,198,150,200,s6-b1036-a0
6393,巨人杀手＋冕卫＋珠光护手,无,198,150,200,s6-b1057-a0
6393,巨人杀手＋珠光护手＋圣盾使的誓约,无,198,150,200,s6-b1107-a0
6393,海克斯科技枪刃＋海妖之怒＋水银,无,198,150,200,s6-b1530-a0
6393,海克斯科技枪刃＋大天使之杖＋强袭者的链枷,无,198,150,200,s6-b1614-a0
6393,朔极之矛＋夜之锋刃＋虚空之杖,无,198,150,200,s6-b1824-a0
6393,夜之锋刃＋鬼索的狂暴之刃＋莫雷洛秘典,无,198,150,200,s6-b2469-a0
6393,夜之锋刃＋鬼索的狂暴之刃＋水银,无,198,150,200,s6-b2482-a0
6393,斯特拉克的挑战护手＋无尽之刃＋水银,无,198,150,200,s6-b3329-a0
6393,斯特拉克的挑战护手＋虚空之杖＋水银,无,198,150,200,s6-b3407-a0
6393,斯特拉克的挑战护手＋泰坦的坚决＋最后的轻语,无,198,150,200,s6-b3413-a0
6393,斯特拉克的挑战护手＋最后的轻语＋水银,无,198,150,200,s6-b3497-a0
6393,斯特拉克的挑战护手＋灭世者的死亡之帽＋水银,无,198,150,200,s6-b3517-a0
6393,斯特拉克的挑战护手＋珠光护手＋水银,无,198,150,200,s6-b3602-a0
6393,无尽之刃＋虚空之杖＋冕卫,无,198,150,200,s6-b3798-a0
6393,无尽之刃＋最后的轻语＋圣盾使的誓约,无,198,150,200,s6-b3893-a0
6393,红霸符＋鬼索的狂暴之刃＋日炎斗篷,无,198,150,200,s6-b4162-a0
6393,红霸符＋最后的轻语＋冕卫,无,198,150,200,s6-b4266-a0
6393,鬼索的狂暴之刃＋虚空之杖＋棘刺背心,无,198,150,200,s6-b4536-a0
6393,鬼索的狂暴之刃＋虚空之杖＋薄暮法袍,无,198,150,200,s6-b4541-a0
6393,虚空之杖＋灭世者的死亡之帽＋冕卫,无,198,150,200,s6-b4962-a0
6393,虚空之杖＋冕卫＋珠光护手,无,198,150,200,s6-b5002-a0
6393,泰坦的坚决＋纳什之牙＋棘刺背心,无,198,150,200,s6-b5230-a0
6393,海妖之怒＋日炎斗篷＋强袭者的链枷,无,198,150,200,s6-b5724-a0
6393,纳什之牙＋离子火花＋强袭者的链枷,无,198,150,200,s6-b5862-a0
6393,纳什之牙＋莫雷洛秘典＋薄暮法袍,无,198,150,200,s6-b5875-a0
6393,最后的轻语＋最后的轻语＋冕卫,无,198,150,200,s6-b6002-a0
6393,最后的轻语＋灭世者的死亡之帽＋圣盾使的誓约,无,198,150,200,s6-b6027-a0
6393,最后的轻语＋大天使之杖＋冕卫,无,198,150,200,s6-b6041-a0
6393,最后的轻语＋珠光护手＋圣盾使的誓约,无,198,150,200,s6-b6112-a0
6435,死亡之刃＋夜之锋刃＋棘刺背心,无,197,150,200,s6-b156-a0
6435,死亡之刃＋斯特拉克的挑战护手＋强袭者的链枷,无,197,150,200,s6-b223-a0
6435,巨人杀手＋海妖之怒＋坚定之心,无,197,150,200,s6-b966-a0
6435,巨人杀手＋纳什之牙＋水银,无,197,150,200,s6-b991-a0
6435,海克斯科技枪刃＋红霸符＋虚空之杖,无,197,150,200,s6-b1410-a0
6435,海克斯科技枪刃＋海妖之怒＋珠光护手,无,197,150,200,s6-b1518-a0
6435,朔极之矛＋红霸符＋鬼索的狂暴之刃,无,197,150,200,s6-b1937-a0
6435,夜之锋刃＋无尽之刃＋棘刺背心,无,197,150,200,s6-b2423-a0
6435,夜之锋刃＋最后的轻语＋棘刺背心,无,197,150,200,s6-b2591-a0
6435,夜之锋刃＋灭世者的死亡之帽＋棘刺背心,无,197,150,200,s6-b2611-a0
6435,夜之锋刃＋大天使之杖＋棘刺背心,无,197,150,200,s6-b2630-a0
6435,夜之锋刃＋大天使之杖＋日炎斗篷,无,197,150,200,s6-b2632-a0
6435,夜之锋刃＋珠光护手＋棘刺背心,无,197,150,200,s6-b2696-a0
6435,斯特拉克的挑战护手＋无尽之刃＋强袭者的链枷,无,197,150,200,s6-b3331-a0
6435,斯特拉克的挑战护手＋最后的轻语＋莫雷洛秘典,无,197,150,200,s6-b3484-a0
6435,斯特拉克的挑战护手＋灭世者的死亡之帽＋强袭者的链枷,无,197,150,200,s6-b3519-a0
6435,斯特拉克的挑战护手＋珠光护手＋强袭者的链枷,无,197,150,200,s6-b3604-a0
6435,鬼索的狂暴之刃＋最后的轻语＋坚定之心,无,197,150,200,s6-b4629-a0
6435,海妖之怒＋纳什之牙＋离子火花,无,197,150,200,s6-b5498-a0
6435,海妖之怒＋纳什之牙＋薄暮法袍,无,197,150,200,s6-b5511-a0
6435,海妖之怒＋大天使之杖＋坚定之心,无,197,150,200,s6-b5569-a0
6435,莫雷洛秘典＋莫雷洛秘典＋棘刺背心,无,197,150,200,s6-b6961-a0
6435,莫雷洛秘典＋日炎斗篷＋水银,无,197,150,200,s6-b7066-a0
6435,日炎斗篷＋水银＋强袭者的链枷,无,197,150,200,s6-b7710-a0
6459,死亡之刃＋纳什之牙＋纳什之牙,无,196,150,200,s6-b377-a0
6459,巨人杀手＋海克斯科技枪刃＋水银,无,196,150,200,s6-b694-a0
6459,海克斯科技枪刃＋无尽之刃＋海妖之怒,无,196,150,200,s6-b1385-a0
6459,海克斯科技枪刃＋虚空之杖＋莫雷洛秘典,无,196,150,200,s6-b1470-a0
6459,海克斯科技枪刃＋泰坦的坚决＋最后的轻语,无,196,150,200,s6-b1489-a0
6459,朔极之矛＋强袭者的链枷＋强袭者的链枷,无,196,150,200,s6-b2313-a0
6459,夜之锋刃＋虚空之杖＋薄暮法袍,无,196,150,200,s6-b2506-a0
6459,夜之锋刃＋最后的轻语＋日炎斗篷,无,196,150,200,s6-b2593-a0
6459,夜之锋刃＋大天使之杖＋离子火花,无,196,150,200,s6-b2622-a0
6459,夜之锋刃＋大天使之杖＋薄暮法袍,无,196,150,200,s6-b2635-a0
6459,泰坦的坚决＋大天使之杖＋坚定之心,无,196,150,200,s6-b5293-a0
6459,泰坦的坚决＋离子火花＋强袭者的链枷,无,196,150,200,s6-b5333-a0
6459,泰坦的坚决＋日炎斗篷＋强袭者的链枷,无,196,150,200,s6-b5448-a0
6459,泰坦的坚决＋薄暮法袍＋强袭者的链枷,无,196,150,200,s6-b5463-a0
6459,海妖之怒＋莫雷洛秘典＋棘刺背心,无,196,150,200,s6-b5617-a0
6459,纳什之牙＋纳什之牙＋最后的轻语,无,196,150,200,s6-b5747-a0
6459,纳什之牙＋纳什之牙＋灭世者的死亡之帽,无,196,150,200,s6-b5748-a0
6459,纳什之牙＋莫雷洛秘典＋强袭者的链枷,无,196,150,200,s6-b5878-a0
6477,死亡之刃＋死亡之刃＋圣盾使的誓约,无,195,150,200,s6-b22-a0
6477,死亡之刃＋海克斯科技枪刃＋海妖之怒,无,195,150,200,s6-b79-a0
6477,死亡之刃＋斯特拉克的挑战护手＋泰坦的坚决,无,195,150,200,s6-b200-a0
6477,死亡之刃＋斯特拉克的挑战护手＋海妖之怒,无,195,150,200,s6-b201-a0
6477,死亡之刃＋无尽之刃＋圣盾使的誓约,无,195,150,200,s6-b239-a0
6477,死亡之刃＋灭世者的死亡之帽＋圣盾使的誓约,无,195,150,200,s6-b427-a0
6477,死亡之刃＋珠光护手＋圣盾使的誓约,无,195,150,200,s6-b512-a0
6477,巨人杀手＋巨人杀手＋圣盾使的誓约,无,195,150,200,s6-b651-a0
6477,巨人杀手＋朔极之矛＋纳什之牙,无,195,150,200,s6-b707-a0
6477,巨人杀手＋泰坦的坚决＋坚定之心,无,195,150,200,s6-b943-a0
6477,巨人杀手＋纳什之牙＋蓝霸符,无,195,150,200,s6-b980-a0
6477,海克斯科技枪刃＋红霸符＋强袭者的链枷,无,195,150,200,s6-b1434-a0
6477,海克斯科技枪刃＋虚空之杖＋大天使之杖,无,195,150,200,s6-b1467-a0
6477,海克斯科技枪刃＋海妖之怒＋海妖之怒,无,195,150,200,s6-b1510-a0
6477,海克斯科技枪刃＋灭世者的死亡之帽＋水银,无,195,150,200,s6-b1593-a0
6477,海克斯科技枪刃＋珠光护手＋水银,无,195,150,200,s6-b1678-a0
6477,朔极之矛＋朔极之矛＋纳什之牙,无,195,150,200,s6-b1796-a0
6477,朔极之矛＋红霸符＋强袭者的链枷,无,195,150,200,s6-b1962-a0
6477,朔极之矛＋虚空之杖＋纳什之牙,无,195,150,200,s6-b1992-a0
6477,朔极之矛＋虚空之杖＋莫雷洛秘典,无,195,150,200,s6-b1998-a0
6477,朔极之矛＋纳什之牙＋最后的轻语,无,195,150,200,s6-b2062-a0
6477,朔极之矛＋大天使之杖＋强袭者的链枷,无,195,150,200,s6-b2142-a0
6477,朔极之矛＋蓝霸符＋强袭者的链枷,无,195,150,200,s6-b2222-a0
6477,夜之锋刃＋纳什之牙＋最后的轻语,无,195,150,200,s6-b2558-a0
6477,斯特拉克的挑战护手＋无尽之刃＋泰坦的坚决,无,195,150,200,s6-b3308-a0
6477,斯特拉克的挑战护手＋无尽之刃＋海妖之怒,无,195,150,200,s6-b3309-a0
6477,斯特拉克的挑战护手＋红霸符＋泰坦的坚决,无,195,150,200,s6-b3335-a0
6477,斯特拉克的挑战护手＋红霸符＋海妖之怒,无,195,150,200,s6-b3336-a0
6477,斯特拉克的挑战护手＋虚空之杖＋泰坦的坚决,无,195,150,200,s6-b3386-a0
6477,斯特拉克的挑战护手＋虚空之杖＋海妖之怒,无,195,150,200,s6-b3387-a0
6477,斯特拉克的挑战护手＋泰坦的坚决＋灭世者的死亡之帽,无,195,150,200,s6-b3414-a0
6477,斯特拉克的挑战护手＋泰坦的坚决＋珠光护手,无,195,150,200,s6-b3419-a0
6477,斯特拉克的挑战护手＋海妖之怒＋灭世者的死亡之帽,无,195,150,200,s6-b3437-a0
6477,斯特拉克的挑战护手＋海妖之怒＋珠光护手,无,195,150,200,s6-b3442-a0
6477,斯特拉克的挑战护手＋大天使之杖＋水银,无,195,150,200,s6-b3536-a0
6477,无尽之刃＋无尽之刃＋圣盾使的誓约,无,195,150,200,s6-b3725-a0
6477,无尽之刃＋灭世者的死亡之帽＋圣盾使的誓约,无,195,150,200,s6-b3913-a0
6477,无尽之刃＋珠光护手＋圣盾使的誓约,无,195,150,200,s6-b3998-a0
6477,鬼索的狂暴之刃＋虚空之杖＋纳什之牙,无,195,150,200,s6-b4523-a0
6477,鬼索的狂暴之刃＋水银＋水银,无,195,150,200,s6-b4839-a0
6477,虚空之杖＋纳什之牙＋蓝霸符,无,195,150,200,s6-b4925-a0
6477,泰坦的坚决＋最后的轻语＋坚定之心,无,195,150,200,s6-b5254-a0
6477,泰坦的坚决＋棘刺背心＋强袭者的链枷,无,195,150,200,s6-b5433-a0
6477,海妖之怒＋海妖之怒＋棘刺背心,无,195,150,200,s6-b5484-a0
6477,海妖之怒＋蓝霸符＋水银,无,195,150,200,s6-b5652-a0
6477,灭世者的死亡之帽＋灭世者的死亡之帽＋圣盾使的誓约,无,195,150,200,s6-b6237-a0
6477,灭世者的死亡之帽＋珠光护手＋圣盾使的誓约,无,195,150,200,s6-b6322-a0
6477,莫雷洛秘典＋莫雷洛秘典＋薄暮法袍,无,195,150,200,s6-b6966-a0
6477,莫雷洛秘典＋薄暮法袍＋水银,无,195,150,200,s6-b7081-a0
6477,珠光护手＋珠光护手＋圣盾使的誓约,无,195,150,200,s6-b7092-a0
6477,蓝霸符＋蓝霸符＋强袭者的链枷,无,195,150,200,s6-b7223-a0
6477,棘刺背心＋水银＋水银,无,195,150,200,s6-b7644-a0
6477,薄暮法袍＋水银＋强袭者的链枷,无,195,150,200,s6-b7756-a0
6530,死亡之刃＋海克斯科技枪刃＋水银,无,194,150,200,s6-b99-a0
6530,死亡之刃＋朔极之矛＋纳什之牙,无,194,150,200,s6-b112-a0
6530,巨人杀手＋红霸符＋坚定之心,无,194,150,200,s6-b868-a0
6530,巨人杀手＋鬼索的狂暴之刃＋坚定之心,无,194,150,200,s6-b894-a0
6530,巨人杀手＋纳什之牙＋日炎斗篷,无,194,150,200,s6-b987-a0
6530,海克斯科技枪刃＋无尽之刃＋水银,无,194,150,200,s6-b1405-a0
6530,海克斯科技枪刃＋灭世者的死亡之帽＋灭世者的死亡之帽,无,194,150,200,s6-b1576-a0
6530,海克斯科技枪刃＋灭世者的死亡之帽＋莫雷洛秘典,无,194,150,200,s6-b1580-a0
6530,海克斯科技枪刃＋灭世者的死亡之帽＋珠光护手,无,194,150,200,s6-b1581-a0
6530,朔极之矛＋朔极之矛＋朔极之矛,无,194,150,200,s6-b1786-a0
6530,朔极之矛＋朔极之矛＋蓝霸符,无,194,150,200,s6-b1804-a0
6530,朔极之矛＋纳什之牙＋灭世者的死亡之帽,无,194,150,200,s6-b2063-a0
6530,夜之锋刃＋虚空之杖＋棘刺背心,无,194,150,200,s6-b2501-a0
6530,虚空之杖＋最后的轻语＋坚定之心,无,194,150,200,s6-b4954-a0
6530,虚空之杖＋大天使之杖＋坚定之心,无,194,150,200,s6-b4993-a0
6530,泰坦的坚决＋海妖之怒＋日炎斗篷,无,194,150,200,s6-b5210-a0
6530,泰坦的坚决＋日炎斗篷＋水银,无,194,150,200,s6-b5446-a0
6530,海妖之怒＋海妖之怒＋日炎斗篷,无,194,150,200,s6-b5486-a0
6530,海妖之怒＋离子火花＋强袭者的链枷,无,194,150,200,s6-b5609-a0
6530,海妖之怒＋棘刺背心＋水银,无,194,150,200,s6-b5707-a0
6530,海妖之怒＋薄暮法袍＋强袭者的链枷,无,194,150,200,s6-b5739-a0
6530,离子火花＋莫雷洛秘典＋水银,无,194,150,200,s6-b6831-a0
6530,离子火花＋水银＋强袭者的链枷,无,194,150,200,s6-b6950-a0
6553,死亡之刃＋纳什之牙＋水银,无,193,150,200,s6-b396-a0
6553,海克斯科技枪刃＋海妖之怒＋莫雷洛秘典,无,193,150,200,s6-b1517-a0
6553,海克斯科技枪刃＋最后的轻语＋强袭者的链枷,无,193,150,200,s6-b1575-a0
6553,海克斯科技枪刃＋莫雷洛秘典＋珠光护手,无,193,150,200,s6-b1651-a0
6553,朔极之矛＋泰坦的坚决＋水银,无,193,150,200,s6-b2035-a0
6553,朔极之矛＋最后的轻语＋莫雷洛秘典,无,193,150,200,s6-b2088-a0
6553,朔极之矛＋最后的轻语＋强袭者的链枷,无,193,150,200,s6-b2103-a0
6553,夜之锋刃＋夜之锋刃＋鬼索的狂暴之刃,无,193,150,200,s6-b2319-a0
6553,夜之锋刃＋夜之锋刃＋水银,无,193,150,200,s6-b2342-a0
6553,夜之锋刃＋夜之锋刃＋强袭者的链枷,无,193,150,200,s6-b2344-a0
6553,红霸符＋虚空之杖＋坚定之心,无,193,150,200,s6-b4188-a0
6553,鬼索的狂暴之刃＋海妖之怒＋纳什之牙,无,193,150,200,s6-b4570-a0
6553,鬼索的狂暴之刃＋离子火花＋强袭者的链枷,无,193,150,200,s6-b4708-a0
6553,虚空之杖＋纳什之牙＋莫雷洛秘典,无,193,150,200,s6-b4923-a0
6553,泰坦的坚决＋海妖之怒＋蓝霸符,无,193,150,200,s6-b5203-a0
6553,泰坦的坚决＋离子火花＋莫雷洛秘典,无,193,150,200,s6-b5318-a0
6553,泰坦的坚决＋莫雷洛秘典＋蓝霸符,无,193,150,200,s6-b5336-a0
6553,泰坦的坚决＋莫雷洛秘典＋薄暮法袍,无,193,150,200,s6-b5346-a0
6553,泰坦的坚决＋蓝霸符＋水银,无,193,150,200,s6-b5376-a0
6553,海妖之怒＋莫雷洛秘典＋蓝霸符,无,193,150,200,s6-b5612-a0
6553,纳什之牙＋灭世者的死亡之帽＋水银,无,193,150,200,s6-b5806-a0
6574,死亡之刃＋朔极之矛＋日炎斗篷,无,192,150,200,s6-b127-a0
6574,死亡之刃＋斯特拉克的挑战护手＋最后的轻语,无,192,150,200,s6-b203-a0
6574,巨人杀手＋蓝霸符＋强袭者的链枷,无,192,150,200,s6-b1133-a0
6574,海克斯科技枪刃＋珠光护手＋珠光护手,无,192,150,200,s6-b1666-a0
6574,朔极之矛＋无尽之刃＋日炎斗篷,无,192,150,200,s6-b1929-a0
6574,朔极之矛＋海妖之怒＋水银,无,192,150,200,s6-b2058-a0
6574,朔极之矛＋灭世者的死亡之帽＋日炎斗篷,无,192,150,200,s6-b2117-a0
6574,朔极之矛＋珠光护手＋日炎斗篷,无,192,150,200,s6-b2202-a0
6574,朔极之矛＋水银＋水银,无,192,150,200,s6-b2308-a0
6574,夜之锋刃＋夜之锋刃＋夜之锋刃,无,192,150,200,s6-b2314-a0
6574,夜之锋刃＋鬼索的狂暴之刃＋虚空之杖,无,192,150,200,s6-b2460-a0
6574,夜之锋刃＋虚空之杖＋纳什之牙,无,192,150,200,s6-b2488-a0
6574,斯特拉克的挑战护手＋无尽之刃＋最后的轻语,无,192,150,200,s6-b3311-a0
6574,斯特拉克的挑战护手＋最后的轻语＋灭世者的死亡之帽,无,192,150,200,s6-b3480-a0
6574,斯特拉克的挑战护手＋最后的轻语＋珠光护手,无,192,150,200,s6-b3485-a0
6574,鬼索的狂暴之刃＋纳什之牙＋大天使之杖,无,192,150,200,s6-b4595-a0
6574,泰坦的坚决＋海妖之怒＋棘刺背心,无,192,150,200,s6-b5208-a0
6574,泰坦的坚决＋莫雷洛秘典＋棘刺背心,无,192,150,200,s6-b5341-a0
6574,海妖之怒＋莫雷洛秘典＋薄暮法袍,无,192,150,200,s6-b5622-a0
6574,最后的轻语＋莫雷洛秘典＋蓝霸符,无,192,150,200,s6-b6096-a0
6574,蓝霸符＋水银＋水银,无,192,150,200,s6-b7309-a0
6595,死亡之刃＋巨人杀手＋坚定之心,无,191,150,200,s6-b63-a0
6595,死亡之刃＋朔极之矛＋离子火花,无,191,150,200,s6-b117-a0
6595,死亡之刃＋朔极之矛＋薄暮法袍,无,191,150,200,s6-b130-a0
6595,死亡之刃＋红霸符＋坚定之心,无,191,150,200,s6-b273-a0
6595,死亡之刃＋鬼索的狂暴之刃＋坚定之心,无,191,150,200,s6-b299-a0
6595,死亡之刃＋纳什之牙＋蓝霸符,无,191,150,200,s6-b385-a0
6595,死亡之刃＋纳什之牙＋棘刺背心,无,191,150,200,s6-b390-a0
6595,死亡之刃＋蓝霸符＋强袭者的链枷,无,191,150,200,s6-b538-a0
6595,死亡之刃＋棘刺背心＋强袭者的链枷,无,191,150,200,s6-b593-a0
6595,巨人杀手＋海克斯科技枪刃＋海妖之怒,无,191,150,200,s6-b674-a0
6595,巨人杀手＋海克斯科技枪刃＋莫雷洛秘典,无,191,150,200,s6-b681-a0
6595,巨人杀手＋无尽之刃＋坚定之心,无,191,150,200,s6-b841-a0
6595,巨人杀手＋虚空之杖＋坚定之心,无,191,150,200,s6-b919-a0
6595,巨人杀手＋灭世者的死亡之帽＋坚定之心,无,191,150,200,s6-b1029-a0
6595,巨人杀手＋莫雷洛秘典＋蓝霸符,无,191,150,200,s6-b1091-a0
6595,巨人杀手＋珠光护手＋坚定之心,无,191,150,200,s6-b1114-a0
6595,海克斯科技枪刃＋无尽之刃＋灭世者的死亡之帽,无,191,150,200,s6-b1388-a0
6595,海克斯科技枪刃＋红霸符＋海妖之怒,无,191,150,200,s6-b1412-a0
6595,海克斯科技枪刃＋虚空之杖＋灭世者的死亡之帽,无,191,150,200,s6-b1466-a0
6595,海克斯科技枪刃＋海妖之怒＋最后的轻语,无,191,150,200,s6-b1512-a0
6595,海克斯科技枪刃＋最后的轻语＋莫雷洛秘典,无,191,150,200,s6-b1560-a0
6595,海克斯科技枪刃＋灭世者的死亡之帽＋大天使之杖,无,191,150,200,s6-b1577-a0
6595,朔极之矛＋朔极之矛＋莫雷洛秘典,无,191,150,200,s6-b1802-a0
6595,朔极之矛＋朔极之矛＋强袭者的链枷,无,191,150,200,s6-b1817-a0
6595,朔极之矛＋无尽之刃＋离子火花,无,191,150,200,s6-b1919-a0
6595,朔极之矛＋无尽之刃＋薄暮法袍,无,191,150,200,s6-b1932-a0
6595,朔极之矛＋红霸符＋水银,无,191,150,200,s6-b1960-a0
6595,朔极之矛＋泰坦的坚决＋大天使之杖,无,191,150,200,s6-b2019-a0
6595,朔极之矛＋灭世者的死亡之帽＋离子火花,无,191,150,200,s6-b2107-a0
6595,朔极之矛＋灭世者的死亡之帽＋薄暮法袍,无,191,150,200,s6-b2120-a0
6595,朔极之矛＋大天使之杖＋离子火花,无,191,150,200,s6-b2126-a0
6595,朔极之矛＋大天使之杖＋棘刺背心,无,191,150,200,s6-b2134-a0
6595,朔极之矛＋大天使之杖＋薄暮法袍,无,191,150,200,s6-b2139-a0
6595,朔极之矛＋大天使之杖＋水银,无,191,150,200,s6-b2140-a0
6595,朔极之矛＋离子火花＋珠光护手,无,191,150,200,s6-b2163-a0
6595,朔极之矛＋珠光护手＋薄暮法袍,无,191,150,200,s6-b2205-a0
6595,夜之锋刃＋莫雷洛秘典＋莫雷洛秘典,无,191,150,200,s6-b2674-a0
6595,无尽之刃＋红霸符＋坚定之心,无,191,150,200,s6-b3759-a0
6595,无尽之刃＋鬼索的狂暴之刃＋纳什之牙,无,191,150,200,s6-b3769-a0
6595,无尽之刃＋鬼索的狂暴之刃＋坚定之心,无,191,150,200,s6-b3785-a0
6595,无尽之刃＋蓝霸符＋强袭者的链枷,无,191,150,200,s6-b4024-a0
6595,无尽之刃＋棘刺背心＋强袭者的链枷,无,191,150,200,s6-b4079-a0
6595,红霸符＋鬼索的狂暴之刃＋纳什之牙,无,191,150,200,s6-b4147-a0
6595,红霸符＋泰坦的坚决＋蓝霸符,无,191,150,200,s6-b4204-a0
6595,红霸符＋纳什之牙＋最后的轻语,无,191,150,200,s6-b4242-a0
6595,红霸符＋纳什之牙＋蓝霸符,无,191,150,200,s6-b4249-a0
6595,红霸符＋纳什之牙＋棘刺背心,无,191,150,200,s6-b4254-a0
6595,红霸符＋最后的轻语＋坚定之心,无,191,150,200,s6-b4278-a0
6595,红霸符＋灭世者的死亡之帽＋坚定之心,无,191,150,200,s6-b4298-a0
6595,红霸符＋莫雷洛秘典＋蓝霸符,无,191,150,200,s6-b4360-a0
6595,红霸符＋珠光护手＋坚定之心,无,191,150,200,s6-b4383-a0
6595,红霸符＋蓝霸符＋水银,无,191,150,200,s6-b4400-a0
6595,鬼索的狂暴之刃＋鬼索的狂暴之刃＋莫雷洛秘典,无,191,150,200,s6-b4504-a0
6595,鬼索的狂暴之刃＋纳什之牙＋最后的轻语,无,191,150,200,s6-b4593-a0
6595,鬼索的狂暴之刃＋纳什之牙＋珠光护手,无,191,150,200,s6-b4599-a0
6595,鬼索的狂暴之刃＋灭世者的死亡之帽＋坚定之心,无,191,150,200,s6-b4649-a0
6595,鬼索的狂暴之刃＋大天使之杖＋水银,无,191,150,200,s6-b4671-a0
6595,鬼索的狂暴之刃＋珠光护手＋坚定之心,无,191,150,200,s6-b4734-a0
6595,虚空之杖＋莫雷洛秘典＋棘刺背心,无,191,150,200,s6-b5041-a0
6595,泰坦的坚决＋泰坦的坚决＋日炎斗篷,无,191,150,200,s6-b5187-a0
6595,泰坦的坚决＋蓝霸符＋蓝霸符,无,191,150,200,s6-b5365-a0
6595,海妖之怒＋离子火花＋莫雷洛秘典,无,191,150,200,s6-b5594-a0
6595,海妖之怒＋蓝霸符＋蓝霸符,无,191,150,200,s6-b5641-a0
6595,海妖之怒＋日炎斗篷＋水银,无,191,150,200,s6-b5722-a0
6595,纳什之牙＋灭世者的死亡之帽＋蓝霸符,无,191,150,200,s6-b5795-a0
6595,纳什之牙＋灭世者的死亡之帽＋棘刺背心,无,191,150,200,s6-b5800-a0
6595,纳什之牙＋大天使之杖＋棘刺背心,无,191,150,200,s6-b5819-a0
6595,纳什之牙＋莫雷洛秘典＋莫雷洛秘典,无,191,150,200,s6-b5863-a0
6595,纳什之牙＋强袭者的链枷＋强袭者的链枷,无,191,150,200,s6-b5998-a0
6595,最后的轻语＋日炎斗篷＋强袭者的链枷,无,191,150,200,s6-b6208-a0
6595,灭世者的死亡之帽＋蓝霸符＋强袭者的链枷,无,191,150,200,s6-b6348-a0
6595,灭世者的死亡之帽＋棘刺背心＋强袭者的链枷,无,191,150,200,s6-b6403-a0
6595,大天使之杖＋大天使之杖＋坚定之心,无,191,150,200,s6-b6453-a0
6595,珠光护手＋蓝霸符＋强袭者的链枷,无,191,150,200,s6-b7118-a0
6595,珠光护手＋棘刺背心＋强袭者的链枷,无,191,150,200,s6-b7173-a0
6595,日炎斗篷＋水银＋水银,无,191,150,200,s6-b7708-a0
6671,死亡之刃＋死亡之刃＋适应性头盔,无,190,150,200,s6-b23-a0
6671,死亡之刃＋无尽之刃＋适应性头盔,无,190,150,200,s6-b240-a0
6671,死亡之刃＋灭世者的死亡之帽＋适应性头盔,无,190,150,200,s6-b428-a0
6671,死亡之刃＋珠光护手＋适应性头盔,无,190,150,200,s6-b513-a0
6671,死亡之刃＋薄暮法袍＋强袭者的链枷,无,190,150,200,s6-b623-a0
6671,巨人杀手＋巨人杀手＋坚定之心,无,190,150,200,s6-b658-a0
6671,巨人杀手＋纳什之牙＋离子火花,无,190,150,200,s6-b977-a0
6671,巨人杀手＋纳什之牙＋薄暮法袍,无,190,150,200,s6-b990-a0
6671,海克斯科技枪刃＋无尽之刃＋莫雷洛秘典,无,190,150,200,s6-b1392-a0
6671,海克斯科技枪刃＋虚空之杖＋珠光护手,无,190,150,200,s6-b1471-a0
6671,朔极之矛＋鬼索的狂暴之刃＋虚空之杖,无,190,150,200,s6-b1964-a0
6671,朔极之矛＋纳什之牙＋蓝霸符,无,190,150,200,s6-b2069-a0
6671,夜之锋刃＋夜之锋刃＋莫雷洛秘典,无,190,150,200,s6-b2329-a0
6671,夜之锋刃＋莫雷洛秘典＋强袭者的链枷,无,190,150,200,s6-b2689-a0
6671,夜之锋刃＋水银＋水银,无,190,150,200,s6-b2804-a0
6671,斯特拉克的挑战护手＋红霸符＋最后的轻语,无,190,150,200,s6-b3338-a0
6671,无尽之刃＋无尽之刃＋适应性头盔,无,190,150,200,s6-b3726-a0
6671,无尽之刃＋灭世者的死亡之帽＋适应性头盔,无,190,150,200,s6-b3914-a0
6671,无尽之刃＋珠光护手＋适应性头盔,无,190,150,200,s6-b3999-a0
6671,无尽之刃＋薄暮法袍＋强袭者的链枷,无,190,150,200,s6-b4109-a0
6671,红霸符＋纳什之牙＋离子火花,无,190,150,200,s6-b4246-a0
6671,鬼索的狂暴之刃＋鬼索的狂暴之刃＋强袭者的链枷,无,190,150,200,s6-b4519-a0
6671,鬼索的狂暴之刃＋大天使之杖＋日炎斗篷,无,190,150,200,s6-b4667-a0
6671,鬼索的狂暴之刃＋薄暮法袍＋强袭者的链枷,无,190,150,200,s6-b4838-a0
6671,虚空之杖＋莫雷洛秘典＋薄暮法袍,无,190,150,200,s6-b5046-a0
6671,泰坦的坚决＋泰坦的坚决＋离子火花,无,190,150,200,s6-b5177-a0
6671,泰坦的坚决＋泰坦的坚决＋薄暮法袍,无,190,150,200,s6-b5190-a0
6671,泰坦的坚决＋海妖之怒＋薄暮法袍,无,190,150,200,s6-b5213-a0
6671,泰坦的坚决＋棘刺背心＋水银,无,190,150,200,s6-b5431-a0
6671,泰坦的坚决＋薄暮法袍＋水银,无,190,150,200,s6-b5461-a0
6671,灭世者的死亡之帽＋灭世者的死亡之帽＋适应性头盔,无,190,150,200,s6-b6238-a0
6671,灭世者的死亡之帽＋珠光护手＋适应性头盔,无,190,150,200,s6-b6323-a0
6671,灭世者的死亡之帽＋薄暮法袍＋强袭者的链枷,无,190,150,200,s6-b6433-a0
6671,珠光护手＋珠光护手＋适应性头盔,无,190,150,200,s6-b7093-a0
6671,珠光护手＋薄暮法袍＋强袭者的链枷,无,190,150,200,s6-b7203-a0
6671,薄暮法袍＋水银＋水银,无,190,150,200,s6-b7754-a0
6707,死亡之刃＋海克斯科技枪刃＋灭世者的死亡之帽,无,189,150,200,s6-b82-a0
6707,死亡之刃＋海克斯科技枪刃＋珠光护手,无,189,150,200,s6-b87-a0
6707,死亡之刃＋斯特拉克的挑战护手＋红霸符,无,189,150,200,s6-b197-a0
6707,死亡之刃＋斯特拉克的挑战护手＋大天使之杖,无,189,150,200,s6-b205-a0
6707,死亡之刃＋海妖之怒＋日炎斗篷,无,189,150,200,s6-b370-a0
6707,死亡之刃＋莫雷洛秘典＋棘刺背心,无,189,150,200,s6-b501-a0
6707,死亡之刃＋日炎斗篷＋水银,无,189,150,200,s6-b606-a0
6707,巨人杀手＋巨人杀手＋斯特拉克的挑战护手,无,189,150,200,s6-b635-a0
6707,巨人杀手＋海克斯科技枪刃＋灭世者的死亡之帽,无,189,150,200,s6-b677-a0
6707,巨人杀手＋海克斯科技枪刃＋大天使之杖,无,189,150,200,s6-b678-a0
6707,巨人杀手＋斯特拉克的挑战护手＋红霸符,无,189,150,200,s6-b792-a0
6707,巨人杀手＋棘刺背心＋强袭者的链枷,无,189,150,200,s6-b1188-a0
6707,海克斯科技枪刃＋无尽之刃＋虚空之杖,无,189,150,200,s6-b1383-a0
6707,海克斯科技枪刃＋无尽之刃＋珠光护手,无,189,150,200,s6-b1393-a0
6707,海克斯科技枪刃＋虚空之杖＋海妖之怒,无,189,150,200,s6-b1463-a0
6707,海克斯科技枪刃＋海妖之怒＋大天使之杖,无,189,150,200,s6-b1514-a0
6707,夜之锋刃＋鬼索的狂暴之刃＋大天使之杖,无,189,150,200,s6-b2466-a0
6707,斯特拉克的挑战护手＋无尽之刃＋红霸符,无,189,150,200,s6-b3305-a0
6707,斯特拉克的挑战护手＋无尽之刃＋大天使之杖,无,189,150,200,s6-b3313-a0
6707,斯特拉克的挑战护手＋红霸符＋虚空之杖,无,189,150,200,s6-b3334-a0
6707,斯特拉克的挑战护手＋红霸符＋灭世者的死亡之帽,无,189,150,200,s6-b3339-a0
6707,斯特拉克的挑战护手＋红霸符＋大天使之杖,无,189,150,200,s6-b3340-a0
6707,斯特拉克的挑战护手＋红霸符＋珠光护手,无,189,150,200,s6-b3344-a0
6707,斯特拉克的挑战护手＋虚空之杖＋虚空之杖,无,189,150,200,s6-b3385-a0
6707,斯特拉克的挑战护手＋虚空之杖＋最后的轻语,无,189,150,200,s6-b3389-a0
6707,斯特拉克的挑战护手＋虚空之杖＋大天使之杖,无,189,150,200,s6-b3391-a0
6707,斯特拉克的挑战护手＋最后的轻语＋最后的轻语,无,189,150,200,s6-b3479-a0
6707,斯特拉克的挑战护手＋灭世者的死亡之帽＋大天使之杖,无,189,150,200,s6-b3501-a0
6707,斯特拉克的挑战护手＋大天使之杖＋珠光护手,无,189,150,200,s6-b3524-a0
6707,无尽之刃＋海妖之怒＋日炎斗篷,无,189,150,200,s6-b3856-a0
6707,无尽之刃＋纳什之牙＋棘刺背心,无,189,150,200,s6-b3876-a0
6707,无尽之刃＋莫雷洛秘典＋棘刺背心,无,189,150,200,s6-b3987-a0
6707,无尽之刃＋日炎斗篷＋水银,无,189,150,200,s6-b4092-a0
6707,红霸符＋海妖之怒＋日炎斗篷,无,189,150,200,s6-b4234-a0
6707,红霸符＋莫雷洛秘典＋棘刺背心,无,189,150,200,s6-b4365-a0
6707,红霸符＋棘刺背心＋强袭者的链枷,无,189,150,200,s6-b4457-a0
6707,红霸符＋日炎斗篷＋水银,无,189,150,200,s6-b4470-a0
6707,鬼索的狂暴之刃＋鬼索的狂暴之刃＋泰坦的坚决,无,189,150,200,s6-b4496-a0
6707,鬼索的狂暴之刃＋鬼索的狂暴之刃＋海妖之怒,无,189,150,200,s6-b4497-a0
6707,鬼索的狂暴之刃＋棘刺背心＋强袭者的链枷,无,189,150,200,s6-b4808-a0
6707,虚空之杖＋虚空之杖＋坚定之心,无,189,150,200,s6-b4864-a0
6707,虚空之杖＋离子火花＋莫雷洛秘典,无,189,150,200,s6-b5018-a0
6707,虚空之杖＋棘刺背心＋强袭者的链枷,无,189,150,200,s6-b5133-a0
6707,泰坦的坚决＋海妖之怒＋离子火花,无,189,150,200,s6-b5200-a0
6707,泰坦的坚决＋离子火花＋水银,无,189,150,200,s6-b5331-a0
6707,海妖之怒＋海妖之怒＋离子火花,无,189,150,200,s6-b5476-a0
6707,海妖之怒＋海妖之怒＋薄暮法袍,无,189,150,200,s6-b5489-a0
6707,海妖之怒＋灭世者的死亡之帽＋日炎斗篷,无,189,150,200,s6-b5549-a0
6707,海妖之怒＋珠光护手＋日炎斗篷,无,189,150,200,s6-b5634-a0
6707,纳什之牙＋珠光护手＋棘刺背心,无,189,150,200,s6-b5885-a0
6707,最后的轻语＋蓝霸符＋强袭者的链枷,无,189,150,200,s6-b6138-a0
6707,最后的轻语＋棘刺背心＋水银,无,189,150,200,s6-b6191-a0
6707,灭世者的死亡之帽＋莫雷洛秘典＋棘刺背心,无,189,150,200,s6-b6311-a0
6707,灭世者的死亡之帽＋日炎斗篷＋水银,无,189,150,200,s6-b6416-a0
6707,大天使之杖＋莫雷洛秘典＋棘刺背心,无,189,150,200,s6-b6501-a0
6707,莫雷洛秘典＋珠光护手＋棘刺背心,无,189,150,200,s6-b6976-a0
6707,珠光护手＋日炎斗篷＋水银,无,189,150,200,s6-b7186-a0
6764,死亡之刃＋死亡之刃＋坚定之心,无,188,150,200,s6-b29-a0
6764,死亡之刃＋朔极之矛＋水银,无,188,150,200,s6-b131-a0
6764,死亡之刃＋无尽之刃＋坚定之心,无,188,150,200,s6-b246-a0
6764,死亡之刃＋鬼索的狂暴之刃＋纳什之牙,无,188,150,200,s6-b283-a0
6764,死亡之刃＋虚空之杖＋坚定之心,无,188,150,200,s6-b324-a0
6764,死亡之刃＋泰坦的坚决＋薄暮法袍,无,188,150,200,s6-b350-a0
6764,死亡之刃＋纳什之牙＋日炎斗篷,无,188,150,200,s6-b392-a0
6764,死亡之刃＋最后的轻语＋坚定之心,无,188,150,200,s6-b414-a0
6764,死亡之刃＋灭世者的死亡之帽＋坚定之心,无,188,150,200,s6-b434-a0
6764,死亡之刃＋大天使之杖＋坚定之心,无,188,150,200,s6-b453-a0
6764,死亡之刃＋莫雷洛秘典＋日炎斗篷,无,188,150,200,s6-b503-a0
6764,死亡之刃＋珠光护手＋坚定之心,无,188,150,200,s6-b519-a0
6764,巨人杀手＋海克斯科技枪刃＋虚空之杖,无,188,150,200,s6-b672-a0
6764,巨人杀手＋海克斯科技枪刃＋珠光护手,无,188,150,200,s6-b682-a0
6764,巨人杀手＋朔极之矛＋莫雷洛秘典,无,188,150,200,s6-b713-a0
6764,巨人杀手＋纳什之牙＋棘刺背心,无,188,150,200,s6-b985-a0
6764,巨人杀手＋最后的轻语＋坚定之心,无,188,150,200,s6-b1009-a0
6764,巨人杀手＋大天使之杖＋坚定之心,无,188,150,200,s6-b1048-a0
6764,巨人杀手＋莫雷洛秘典＋棘刺背心,无,188,150,200,s6-b1096-a0
6764,巨人杀手＋日炎斗篷＋强袭者的链枷,无,188,150,200,s6-b1203-a0
6764,海克斯科技枪刃＋大天使之杖＋莫雷洛秘典,无,188,150,200,s6-b1599-a0
6764,朔极之矛＋朔极之矛＋泰坦的坚决,无,188,150,200,s6-b1794-a0
6764,朔极之矛＋朔极之矛＋海妖之怒,无,188,150,200,s6-b1795-a0
6764,朔极之矛＋无尽之刃＋纳什之牙,无,188,150,200,s6-b1914-a0
6764,朔极之矛＋无尽之刃＋水银,无,188,150,200,s6-b1933-a0
6764,朔极之矛＋红霸符＋莫雷洛秘典,无,188,150,200,s6-b1947-a0
6764,朔极之矛＋鬼索的狂暴之刃＋强袭者的链枷,无,188,150,200,s6-b1988-a0
6764,朔极之矛＋虚空之杖＋水银,无,188,150,200,s6-b2011-a0
6764,朔极之矛＋泰坦的坚决＋最后的轻语,无,188,150,200,s6-b2017-a0
6764,朔极之矛＋泰坦的坚决＋蓝霸符,无,188,150,200,s6-b2024-a0
6764,朔极之矛＋海妖之怒＋大天使之杖,无,188,150,200,s6-b2042-a0
6764,朔极之矛＋海妖之怒＋蓝霸符,无,188,150,200,s6-b2047-a0
6764,朔极之矛＋纳什之牙＋大天使之杖,无,188,150,200,s6-b2064-a0
6764,朔极之矛＋纳什之牙＋珠光护手,无,188,150,200,s6-b2068-a0
6764,朔极之矛＋灭世者的死亡之帽＋水银,无,188,150,200,s6-b2121-a0
6764,朔极之矛＋莫雷洛秘典＋蓝霸符,无,188,150,200,s6-b2180-a0
6764,朔极之矛＋珠光护手＋水银,无,188,150,200,s6-b2206-a0
6764,夜之锋刃＋夜之锋刃＋海妖之怒,无,188,150,200,s6-b2322-a0
6764,夜之锋刃＋纳什之牙＋强袭者的链枷,无,188,150,200,s6-b2578-a0
6764,夜之锋刃＋强袭者的链枷＋强袭者的链枷,无,188,150,200,s6-b2809-a0
6764,无尽之刃＋无尽之刃＋坚定之心,无,188,150,200,s6-b3732-a0
6764,无尽之刃＋虚空之杖＋坚定之心,无,188,150,200,s6-b3810-a0
6764,无尽之刃＋泰坦的坚决＋薄暮法袍,无,188,150,200,s6-b3836-a0
6764,无尽之刃＋纳什之牙＋日炎斗篷,无,188,150,200,s6-b3878-a0
6764,无尽之刃＋最后的轻语＋坚定之心,无,188,150,200,s6-b3900-a0
6764,无尽之刃＋灭世者的死亡之帽＋坚定之心,无,188,150,200,s6-b3920-a0
6764,无尽之刃＋大天使之杖＋坚定之心,无,188,150,200,s6-b3939-a0
6764,无尽之刃＋莫雷洛秘典＋日炎斗篷,无,188,150,200,s6-b3989-a0
6764,无尽之刃＋珠光护手＋坚定之心,无,188,150,200,s6-b4005-a0
6764,红霸符＋红霸符＋纳什之牙,无,188,150,200,s6-b4121-a0
6764,红霸符＋红霸符＋坚定之心,无,188,150,200,s6-b4137-a0
6764,红霸符＋鬼索的狂暴之刃＋莫雷洛秘典,无,188,150,200,s6-b4153-a0
6764,红霸符＋泰坦的坚决＋离子火花,无,188,150,200,s6-b4201-a0
6764,红霸符＋海妖之怒＋蓝霸符,无,188,150,200,s6-b4227-a0
6764,红霸符＋纳什之牙＋大天使之杖,无,188,150,200,s6-b4244-a0
6764,红霸符＋大天使之杖＋坚定之心,无,188,150,200,s6-b4317-a0
6764,红霸符＋莫雷洛秘典＋日炎斗篷,无,188,150,200,s6-b4367-a0
6764,红霸符＋蓝霸符＋强袭者的链枷,无,188,150,200,s6-b4402-a0
6764,鬼索的狂暴之刃＋鬼索的狂暴之刃＋水银,无,188,150,200,s6-b4517-a0
6764,鬼索的狂暴之刃＋虚空之杖＋莫雷洛秘典,无,188,150,200,s6-b4529-a0
6764,鬼索的狂暴之刃＋泰坦的坚决＋薄暮法袍,无,188,150,200,s6-b4565-a0
6764,鬼索的狂暴之刃＋海妖之怒＋水银,无,188,150,200,s6-b4589-a0
6764,鬼索的狂暴之刃＋纳什之牙＋灭世者的死亡之帽,无,188,150,200,s6-b4594-a0
6764,鬼索的狂暴之刃＋莫雷洛秘典＋蓝霸符,无,188,150,200,s6-b4711-a0
6764,鬼索的狂暴之刃＋蓝霸符＋强袭者的链枷,无,188,150,200,s6-b4753-a0
6764,虚空之杖＋虚空之杖＋纳什之牙,无,188,150,200,s6-b4848-a0
6764,虚空之杖＋泰坦的坚决＋离子火花,无,188,150,200,s6-b4877-a0
6764,虚空之杖＋泰坦的坚决＋薄暮法袍,无,188,150,200,s6-b4890-a0
6764,虚空之杖＋灭世者的死亡之帽＋坚定之心,无,188,150,200,s6-b4974-a0
6764,虚空之杖＋莫雷洛秘典＋蓝霸符,无,188,150,200,s6-b5036-a0
6764,虚空之杖＋莫雷洛秘典＋日炎斗篷,无,188,150,200,s6-b5043-a0
6764,虚空之杖＋珠光护手＋坚定之心,无,188,150,200,s6-b5059-a0
6764,泰坦的坚决＋泰坦的坚决＋蓝霸符,无,188,150,200,s6-b5180-a0
6764,泰坦的坚决＋泰坦的坚决＋棘刺背心,无,188,150,200,s6-b5185-a0
6764,泰坦的坚决＋灭世者的死亡之帽＋薄暮法袍,无,188,150,200,s6-b5276-a0
6764,泰坦的坚决＋珠光护手＋薄暮法袍,无,188,150,200,s6-b5361-a0
6764,海妖之怒＋海妖之怒＋蓝霸符,无,188,150,200,s6-b5479-a0
6764,海妖之怒＋大天使之杖＋蓝霸符,无,188,150,200,s6-b5561-a0
6764,纳什之牙＋最后的轻语＋蓝霸符,无,188,150,200,s6-b5775-a0
6764,纳什之牙＋灭世者的死亡之帽＋日炎斗篷,无,188,150,200,s6-b5802-a0
6764,纳什之牙＋大天使之杖＋蓝霸符,无,188,150,200,s6-b5814-a0
6764,纳什之牙＋大天使之杖＋日炎斗篷,无,188,150,200,s6-b5821-a0
6764,纳什之牙＋珠光护手＋日炎斗篷,无,188,150,200,s6-b5887-a0
6764,最后的轻语＋最后的轻语＋坚定之心,无,188,150,200,s6-b6014-a0
6764,最后的轻语＋灭世者的死亡之帽＋坚定之心,无,188,150,200,s6-b6034-a0
6764,最后的轻语＋大天使之杖＋坚定之心,无,188,150,200,s6-b6053-a0
6764,最后的轻语＋莫雷洛秘典＋棘刺背心,无,188,150,200,s6-b6101-a0
6764,最后的轻语＋珠光护手＋坚定之心,无,188,150,200,s6-b6119-a0
6764,最后的轻语＋蓝霸符＋水银,无,188,150,200,s6-b6136-a0
6764,灭世者的死亡之帽＋灭世者的死亡之帽＋坚定之心,无,188,150,200,s6-b6244-a0
6764,灭世者的死亡之帽＋大天使之杖＋坚定之心,无,188,150,200,s6-b6263-a0
6764,灭世者的死亡之帽＋莫雷洛秘典＋日炎斗篷,无,188,150,200,s6-b6313-a0
6764,灭世者的死亡之帽＋珠光护手＋坚定之心,无,188,150,200,s6-b6329-a0
6764,大天使之杖＋离子火花＋莫雷洛秘典,无,188,150,200,s6-b6478-a0
6764,大天使之杖＋莫雷洛秘典＋蓝霸符,无,188,150,200,s6-b6496-a0
6764,大天使之杖＋珠光护手＋坚定之心,无,188,150,200,s6-b6519-a0
6764,大天使之杖＋棘刺背心＋强袭者的链枷,无,188,150,200,s6-b6593-a0
6764,离子火花＋水银＋水银,无,188,150,200,s6-b6948-a0
6764,莫雷洛秘典＋珠光护手＋日炎斗篷,无,188,150,200,s6-b6978-a0
6764,莫雷洛秘典＋蓝霸符＋蓝霸符,无,188,150,200,s6-b6985-a0
6764,珠光护手＋珠光护手＋坚定之心,无,188,150,200,s6-b7099-a0
6865,死亡之刃＋巨人杀手＋斯特拉克的挑战护手,无,187,150,200,s6-b40-a0
6865,死亡之刃＋海克斯科技枪刃＋莫雷洛秘典,无,187,150,200,s6-b86-a0
6865,死亡之刃＋斯特拉克的挑战护手＋虚空之杖,无,187,150,200,s6-b199-a0
6865,死亡之刃＋泰坦的坚决＋日炎斗篷,无,187,150,200,s6-b347-a0
6865,死亡之刃＋纳什之牙＋离子火花,无,187,150,200,s6-b382-a0
6865,死亡之刃＋纳什之牙＋薄暮法袍,无,187,150,200,s6-b395-a0
6865,死亡之刃＋离子火花＋莫雷洛秘典,无,187,150,200,s6-b478-a0
6865,死亡之刃＋离子火花＋强袭者的链枷,无,187,150,200,s6-b493-a0
6865,死亡之刃＋日炎斗篷＋强袭者的链枷,无,187,150,200,s6-b608-a0
6865,巨人杀手＋巨人杀手＋海克斯科技枪刃,无,187,150,200,s6-b631-a0
6865,巨人杀手＋海克斯科技枪刃＋无尽之刃,无,187,150,200,s6-b669-a0
6865,巨人杀手＋斯特拉克的挑战护手＋无尽之刃,无,187,150,200,s6-b791-a0
6865,巨人杀手＋斯特拉克的挑战护手＋虚空之杖,无,187,150,200,s6-b794-a0
6865,巨人杀手＋斯特拉克的挑战护手＋灭世者的死亡之帽,无,187,150,200,s6-b799-a0
6865,巨人杀手＋斯特拉克的挑战护手＋大天使之杖,无,187,150,200,s6-b800-a0
6865,巨人杀手＋斯特拉克的挑战护手＋珠光护手,无,187,150,200,s6-b804-a0
6865,巨人杀手＋离子火花＋强袭者的链枷,无,187,150,200,s6-b1088-a0
6865,海克斯科技枪刃＋无尽之刃＋无尽之刃,无,187,150,200,s6-b1380-a0
6865,海克斯科技枪刃＋红霸符＋灭世者的死亡之帽,无,187,150,200,s6-b1415-a0
6865,海克斯科技枪刃＋红霸符＋莫雷洛秘典,无,187,150,200,s6-b1419-a0
6865,海克斯科技枪刃＋最后的轻语＋大天使之杖,无,187,150,200,s6-b1557-a0
6865,海克斯科技枪刃＋大天使之杖＋大天使之杖,无,187,150,200,s6-b1596-a0
6865,海克斯科技枪刃＋大天使之杖＋珠光护手,无,187,150,200,s6-b1600-a0
6865,斯特拉克的挑战护手＋无尽之刃＋虚空之杖,无,187,150,200,s6-b3307-a0
6865,斯特拉克的挑战护手＋虚空之杖＋灭世者的死亡之帽,无,187,150,200,s6-b3390-a0
6865,斯特拉克的挑战护手＋虚空之杖＋珠光护手,无,187,150,200,s6-b3395-a0
6865,斯特拉克的挑战护手＋最后的轻语＋大天使之杖,无,187,150,200,s6-b3481-a0
6865,无尽之刃＋泰坦的坚决＋日炎斗篷,无,187,150,200,s6-b3833-a0
6865,无尽之刃＋纳什之牙＋离子火花,无,187,150,200,s6-b3868-a0
6865,无尽之刃＋纳什之牙＋薄暮法袍,无,187,150,200,s6-b3881-a0
6865,无尽之刃＋离子火花＋莫雷洛秘典,无,187,150,200,s6-b3964-a0
6865,无尽之刃＋离子火花＋强袭者的链枷,无,187,150,200,s6-b3979-a0
6865,无尽之刃＋日炎斗篷＋强袭者的链枷,无,187,150,200,s6-b4094-a0
6865,红霸符＋泰坦的坚决＋纳什之牙,无,187,150,200,s6-b4196-a0
6865,红霸符＋泰坦的坚决＋薄暮法袍,无,187,150,200,s6-b4214-a0
6865,红霸符＋海妖之怒＋纳什之牙,无,187,150,200,s6-b4219-a0
6865,红霸符＋离子火花＋莫雷洛秘典,无,187,150,200,s6-b4342-a0
6865,红霸符＋离子火花＋强袭者的链枷,无,187,150,200,s6-b4357-a0
6865,红霸符＋莫雷洛秘典＋薄暮法袍,无,187,150,200,s6-b4370-a0
6865,红霸符＋薄暮法袍＋强袭者的链枷,无,187,150,200,s6-b4487-a0
6865,鬼索的狂暴之刃＋虚空之杖＋水银,无,187,150,200,s6-b4542-a0
6865,鬼索的狂暴之刃＋海妖之怒＋薄暮法袍,无,187,150,200,s6-b4588-a0
6865,鬼索的狂暴之刃＋水银＋强袭者的链枷,无,187,150,200,s6-b4841-a0
6865,虚空之杖＋离子火花＋强袭者的链枷,无,187,150,200,s6-b5033-a0
6865,虚空之杖＋棘刺背心＋水银,无,187,150,200,s6-b5131-a0
6865,虚空之杖＋薄暮法袍＋强袭者的链枷,无,187,150,200,s6-b5163-a0
6865,泰坦的坚决＋灭世者的死亡之帽＋日炎斗篷,无,187,150,200,s6-b5273-a0
6865,泰坦的坚决＋珠光护手＋日炎斗篷,无,187,150,200,s6-b5358-a0
6865,海妖之怒＋薄暮法袍＋水银,无,187,150,200,s6-b5737-a0
6865,纳什之牙＋灭世者的死亡之帽＋离子火花,无,187,150,200,s6-b5792-a0
6865,纳什之牙＋灭世者的死亡之帽＋薄暮法袍,无,187,150,200,s6-b5805-a0
6865,纳什之牙＋大天使之杖＋离子火花,无,187,150,200,s6-b5811-a0
6865,纳什之牙＋大天使之杖＋薄暮法袍,无,187,150,200,s6-b5824-a0
6865,纳什之牙＋离子火花＋珠光护手,无,187,150,200,s6-b5848-a0
6865,纳什之牙＋珠光护手＋薄暮法袍,无,187,150,200,s6-b5890-a0
6865,灭世者的死亡之帽＋离子火花＋莫雷洛秘典,无,187,150,200,s6-b6288-a0
6865,灭世者的死亡之帽＋离子火花＋强袭者的链枷,无,187,150,200,s6-b6303-a0
6865,灭世者的死亡之帽＋日炎斗篷＋强袭者的链枷,无,187,150,200,s6-b6418-a0
6865,大天使之杖＋莫雷洛秘典＋日炎斗篷,无,187,150,200,s6-b6503-a0
6865,大天使之杖＋莫雷洛秘典＋薄暮法袍,无,187,150,200,s6-b6506-a0
6865,离子火花＋莫雷洛秘典＋珠光护手,无,187,150,200,s6-b6819-a0
6865,离子火花＋珠光护手＋强袭者的链枷,无,187,150,200,s6-b6848-a0
6865,珠光护手＋日炎斗篷＋强袭者的链枷,无,187,150,200,s6-b7188-a0
6928,死亡之刃＋死亡之刃＋斯特拉克的挑战护手,无,186,150,200,s6-b6-a0
6928,死亡之刃＋海克斯科技枪刃＋无尽之刃,无,186,150,200,s6-b74-a0
6928,死亡之刃＋海克斯科技枪刃＋虚空之杖,无,186,150,200,s6-b77-a0
6928,死亡之刃＋斯特拉克的挑战护手＋无尽之刃,无,186,150,200,s6-b196-a0
6928,死亡之刃＋斯特拉克的挑战护手＋灭世者的死亡之帽,无,186,150,200,s6-b204-a0
6928,死亡之刃＋斯特拉克的挑战护手＋珠光护手,无,186,150,200,s6-b209-a0
6928,死亡之刃＋海妖之怒＋棘刺背心,无,186,150,200,s6-b368-a0
6928,死亡之刃＋棘刺背心＋水银,无,186,150,200,s6-b591-a0
6928,巨人杀手＋海克斯科技枪刃＋最后的轻语,无,186,150,200,s6-b676-a0
6928,巨人杀手＋斯特拉克的挑战护手＋最后的轻语,无,186,150,200,s6-b798-a0
6928,巨人杀手＋海妖之怒＋棘刺背心,无,186,150,200,s6-b963-a0
6928,巨人杀手＋海妖之怒＋日炎斗篷,无,186,150,200,s6-b965-a0
6928,巨人杀手＋莫雷洛秘典＋日炎斗篷,无,186,150,200,s6-b1098-a0
6928,巨人杀手＋薄暮法袍＋强袭者的链枷,无,186,150,200,s6-b1218-a0
6928,海克斯科技枪刃＋红霸符＋珠光护手,无,186,150,200,s6-b1420-a0
6928,朔极之矛＋红霸符＋纳什之牙,无,186,150,200,s6-b1941-a0
6928,朔极之矛＋鬼索的狂暴之刃＋大天使之杖,无,186,150,200,s6-b1970-a0
6928,朔极之矛＋虚空之杖＋泰坦的坚决,无,186,150,200,s6-b1990-a0
6928,朔极之矛＋虚空之杖＋海妖之怒,无,186,150,200,s6-b1991-a0
6928,朔极之矛＋大天使之杖＋莫雷洛秘典,无,186,150,200,s6-b2127-a0
6928,夜之锋刃＋海妖之怒＋莫雷洛秘典,无,186,150,200,s6-b2541-a0
6928,夜之锋刃＋莫雷洛秘典＋水银,无,186,150,200,s6-b2687-a0
6928,斯特拉克的挑战护手＋无尽之刃＋无尽之刃,无,186,150,200,s6-b3304-a0
6928,斯特拉克的挑战护手＋无尽之刃＋灭世者的死亡之帽,无,186,150,200,s6-b3312-a0
6928,斯特拉克的挑战护手＋无尽之刃＋珠光护手,无,186,150,200,s6-b3317-a0
6928,斯特拉克的挑战护手＋红霸符＋红霸符,无,186,150,200,s6-b3332-a0
6928,斯特拉克的挑战护手＋灭世者的死亡之帽＋灭世者的死亡之帽,无,186,150,200,s6-b3500-a0
6928,斯特拉克的挑战护手＋灭世者的死亡之帽＋珠光护手,无,186,150,200,s6-b3505-a0
6928,斯特拉克的挑战护手＋大天使之杖＋大天使之杖,无,186,150,200,s6-b3520-a0
6928,斯特拉克的挑战护手＋珠光护手＋珠光护手,无,186,150,200,s6-b3590-a0
6928,无尽之刃＋海妖之怒＋棘刺背心,无,186,150,200,s6-b3854-a0
6928,无尽之刃＋纳什之牙＋蓝霸符,无,186,150,200,s6-b3871-a0
6928,无尽之刃＋棘刺背心＋水银,无,186,150,200,s6-b4077-a0
6928,红霸符＋海妖之怒＋棘刺背心,无,186,150,200,s6-b4232-a0
6928,红霸符＋海妖之怒＋薄暮法袍,无,186,150,200,s6-b4237-a0
6928,红霸符＋棘刺背心＋水银,无,186,150,200,s6-b4455-a0
6928,红霸符＋日炎斗篷＋强袭者的链枷,无,186,150,200,s6-b4472-a0
6928,鬼索的狂暴之刃＋海妖之怒＋棘刺背心,无,186,150,200,s6-b4583-a0
6928,鬼索的狂暴之刃＋海妖之怒＋日炎斗篷,无,186,150,200,s6-b4585-a0
6928,鬼索的狂暴之刃＋大天使之杖＋棘刺背心,无,186,150,200,s6-b4665-a0
6928,虚空之杖＋海妖之怒＋棘刺背心,无,186,150,200,s6-b4908-a0
6928,虚空之杖＋海妖之怒＋日炎斗篷,无,186,150,200,s6-b4910-a0
6928,虚空之杖＋海妖之怒＋薄暮法袍,无,186,150,200,s6-b4913-a0
6928,虚空之杖＋纳什之牙＋强袭者的链枷,无,186,150,200,s6-b4938-a0
6928,虚空之杖＋日炎斗篷＋水银,无,186,150,200,s6-b5146-a0
6928,虚空之杖＋日炎斗篷＋强袭者的链枷,无,186,150,200,s6-b5148-a0
6928,泰坦的坚决＋大天使之杖＋蓝霸符,无,186,150,200,s6-b5285-a0
6928,海妖之怒＋最后的轻语＋棘刺背心,无,186,150,200,s6-b5527-a0
6928,海妖之怒＋灭世者的死亡之帽＋棘刺背心,无,186,150,200,s6-b5547-a0
6928,海妖之怒＋离子火花＋水银,无,186,150,200,s6-b5607-a0
6928,海妖之怒＋珠光护手＋棘刺背心,无,186,150,200,s6-b5632-a0
6928,纳什之牙＋珠光护手＋蓝霸符,无,186,150,200,s6-b5880-a0
6928,最后的轻语＋莫雷洛秘典＋日炎斗篷,无,186,150,200,s6-b6103-a0
6928,最后的轻语＋棘刺背心＋强袭者的链枷,无,186,150,200,s6-b6193-a0
6928,灭世者的死亡之帽＋棘刺背心＋水银,无,186,150,200,s6-b6401-a0
6928,大天使之杖＋棘刺背心＋水银,无,186,150,200,s6-b6591-a0
6928,大天使之杖＋日炎斗篷＋水银,无,186,150,200,s6-b6606-a0
6928,大天使之杖＋日炎斗篷＋强袭者的链枷,无,186,150,200,s6-b6608-a0
6928,珠光护手＋棘刺背心＋水银,无,186,150,200,s6-b7171-a0
6987,死亡之刃＋死亡之刃＋海克斯科技枪刃,无,185,150,200,s6-b2-a0
6987,死亡之刃＋巨人杀手＋海克斯科技枪刃,无,185,150,200,s6-b36-a0
6987,死亡之刃＋海克斯科技枪刃＋红霸符,无,185,150,200,s6-b75-a0
6987,死亡之刃＋海克斯科技枪刃＋最后的轻语,无,185,150,200,s6-b81-a0
6987,死亡之刃＋泰坦的坚决＋离子火花,无,185,150,200,s6-b337-a0
6987,死亡之刃＋莫雷洛秘典＋蓝霸符,无,185,150,200,s6-b496-a0
6987,死亡之刃＋蓝霸符＋水银,无,185,150,200,s6-b536-a0
6987,巨人杀手＋海克斯科技枪刃＋红霸符,无,185,150,200,s6-b670-a0
6987,巨人杀手＋红霸符＋纳什之牙,无,185,150,200,s6-b852-a0
6987,巨人杀手＋鬼索的狂暴之刃＋纳什之牙,无,185,150,200,s6-b878-a0
6987,巨人杀手＋泰坦的坚决＋日炎斗篷,无,185,150,200,s6-b942-a0
6987,巨人杀手＋蓝霸符＋水银,无,185,150,200,s6-b1131-a0
6987,海克斯科技枪刃＋无尽之刃＋红霸符,无,185,150,200,s6-b1381-a0
6987,海克斯科技枪刃＋无尽之刃＋最后的轻语,无,185,150,200,s6-b1387-a0
6987,海克斯科技枪刃＋无尽之刃＋大天使之杖,无,185,150,200,s6-b1389-a0
6987,海克斯科技枪刃＋最后的轻语＋灭世者的死亡之帽,无,185,150,200,s6-b1556-a0
6987,海克斯科技枪刃＋最后的轻语＋珠光护手,无,185,150,200,s6-b1561-a0
6987,朔极之矛＋虚空之杖＋强袭者的链枷,无,185,150,200,s6-b2013-a0
6987,朔极之矛＋蓝霸符＋蓝霸符,无,185,150,200,s6-b2209-a0
6987,夜之锋刃＋夜之锋刃＋泰坦的坚决,无,185,150,200,s6-b2321-a0
6987,夜之锋刃＋鬼索的狂暴之刃＋强袭者的链枷,无,185,150,200,s6-b2484-a0
6987,夜之锋刃＋水银＋强袭者的链枷,无,185,150,200,s6-b2806-a0
6987,无尽之刃＋泰坦的坚决＋离子火花,无,185,150,200,s6-b3823-a0
6987,无尽之刃＋莫雷洛秘典＋蓝霸符,无,185,150,200,s6-b3982-a0
6987,无尽之刃＋蓝霸符＋水银,无,185,150,200,s6-b4022-a0
6987,红霸符＋虚空之杖＋纳什之牙,无,185,150,200,s6-b4172-a0
6987,红霸符＋泰坦的坚决＋棘刺背心,无,185,150,200,s6-b4209-a0
6987,红霸符＋泰坦的坚决＋日炎斗篷,无,185,150,200,s6-b4211-a0
6987,红霸符＋海妖之怒＋离子火花,无,185,150,200,s6-b4224-a0
6987,鬼索的狂暴之刃＋泰坦的坚决＋离子火花,无,185,150,200,s6-b4552-a0
6987,鬼索的狂暴之刃＋泰坦的坚决＋蓝霸符,无,185,150,200,s6-b4555-a0
6987,鬼索的狂暴之刃＋泰坦的坚决＋日炎斗篷,无,185,150,200,s6-b4562-a0
6987,鬼索的狂暴之刃＋大天使之杖＋离子火花,无,185,150,200,s6-b4657-a0
6987,鬼索的狂暴之刃＋大天使之杖＋莫雷洛秘典,无,185,150,200,s6-b4658-a0
6987,鬼索的狂暴之刃＋大天使之杖＋薄暮法袍,无,185,150,200,s6-b4670-a0
6987,虚空之杖＋泰坦的坚决＋日炎斗篷,无,185,150,200,s6-b4887-a0
6987,虚空之杖＋海妖之怒＋离子火花,无,185,150,200,s6-b4900-a0
6987,虚空之杖＋蓝霸符＋蓝霸符,无,185,150,200,s6-b5065-a0
6987,虚空之杖＋蓝霸符＋强袭者的链枷,无,185,150,200,s6-b5078-a0
6987,泰坦的坚决＋最后的轻语＋离子火花,无,185,150,200,s6-b5243-a0
6987,泰坦的坚决＋最后的轻语＋薄暮法袍,无,185,150,200,s6-b5256-a0
6987,泰坦的坚决＋灭世者的死亡之帽＋离子火花,无,185,150,200,s6-b5263-a0
6987,泰坦的坚决＋离子火花＋珠光护手,无,185,150,200,s6-b5319-a0
6987,灭世者的死亡之帽＋莫雷洛秘典＋蓝霸符,无,185,150,200,s6-b6306-a0
6987,灭世者的死亡之帽＋蓝霸符＋水银,无,185,150,200,s6-b6346-a0
6987,大天使之杖＋蓝霸符＋强袭者的链枷,无,185,150,200,s6-b6538-a0
6987,莫雷洛秘典＋珠光护手＋蓝霸符,无,185,150,200,s6-b6971-a0
6987,莫雷洛秘典＋水银＋水银,无,185,150,200,s6-b7084-a0
6987,珠光护手＋蓝霸符＋水银,无,185,150,200,s6-b7116-a0
6987,水银＋水银＋水银,无,185,150,200,s6-b7760-a0
7037,死亡之刃＋莫雷洛秘典＋薄暮法袍,无,184,150,200,s6-b506-a0
7037,死亡之刃＋薄暮法袍＋水银,无,184,150,200,s6-b621-a0
7037,巨人杀手＋朔极之矛＋海妖之怒,无,184,150,200,s6-b706-a0
7037,巨人杀手＋朔极之矛＋水银,无,184,150,200,s6-b726-a0
7037,巨人杀手＋离子火花＋莫雷洛秘典,无,184,150,200,s6-b1073-a0
7037,巨人杀手＋莫雷洛秘典＋薄暮法袍,无,184,150,200,s6-b1101-a0
7037,海克斯科技枪刃＋红霸符＋大天使之杖,无,184,150,200,s6-b1416-a0
7037,海克斯科技枪刃＋最后的轻语＋最后的轻语,无,184,150,200,s6-b1555-a0
7037,朔极之矛＋红霸符＋泰坦的坚决,无,184,150,200,s6-b1939-a0
7037,朔极之矛＋红霸符＋海妖之怒,无,184,150,200,s6-b1940-a0
7037,朔极之矛＋鬼索的狂暴之刃＋泰坦的坚决,无,184,150,200,s6-b1965-a0
7037,朔极之矛＋鬼索的狂暴之刃＋海妖之怒,无,184,150,200,s6-b1966-a0
7037,朔极之矛＋海妖之怒＋最后的轻语,无,184,150,200,s6-b2040-a0
7037,朔极之矛＋最后的轻语＋水银,无,184,150,200,s6-b2101-a0
7037,夜之锋刃＋泰坦的坚决＋莫雷洛秘典,无,184,150,200,s6-b2518-a0
7037,夜之锋刃＋泰坦的坚决＋水银,无,184,150,200,s6-b2531-a0
7037,无尽之刃＋莫雷洛秘典＋薄暮法袍,无,184,150,200,s6-b3992-a0
7037,无尽之刃＋薄暮法袍＋水银,无,184,150,200,s6-b4107-a0
7037,红霸符＋鬼索的狂暴之刃＋水银,无,184,150,200,s6-b4166-a0
7037,红霸符＋薄暮法袍＋水银,无,184,150,200,s6-b4485-a0
7037,鬼索的狂暴之刃＋海妖之怒＋蓝霸符,无,184,150,200,s6-b4578-a0
7037,虚空之杖＋泰坦的坚决＋蓝霸符,无,184,150,200,s6-b4880-a0
7037,虚空之杖＋海妖之怒＋蓝霸符,无,184,150,200,s6-b4903-a0
7037,虚空之杖＋蓝霸符＋水银,无,184,150,200,s6-b5076-a0
7037,泰坦的坚决＋最后的轻语＋蓝霸符,无,184,150,200,s6-b5246-a0
7037,海妖之怒＋最后的轻语＋薄暮法袍,无,184,150,200,s6-b5532-a0
7037,海妖之怒＋大天使之杖＋日炎斗篷,无,184,150,200,s6-b5568-a0
7037,最后的轻语＋离子火花＋莫雷洛秘典,无,184,150,200,s6-b6078-a0
7037,最后的轻语＋离子火花＋强袭者的链枷,无,184,150,200,s6-b6093-a0
7037,最后的轻语＋莫雷洛秘典＋薄暮法袍,无,184,150,200,s6-b6106-a0
7037,最后的轻语＋薄暮法袍＋强袭者的链枷,无,184,150,200,s6-b6223-a0
7037,灭世者的死亡之帽＋莫雷洛秘典＋薄暮法袍,无,184,150,200,s6-b6316-a0
7037,灭世者的死亡之帽＋薄暮法袍＋水银,无,184,150,200,s6-b6431-a0
7037,大天使之杖＋离子火花＋强袭者的链枷,无,184,150,200,s6-b6493-a0
7037,大天使之杖＋蓝霸符＋水银,无,184,150,200,s6-b6536-a0
7037,大天使之杖＋薄暮法袍＋水银,无,184,150,200,s6-b6621-a0
7037,大天使之杖＋薄暮法袍＋强袭者的链枷,无,184,150,200,s6-b6623-a0
7037,莫雷洛秘典＋珠光护手＋薄暮法袍,无,184,150,200,s6-b6981-a0
7037,珠光护手＋薄暮法袍＋水银,无,184,150,200,s6-b7201-a0
7076,死亡之刃＋海克斯科技枪刃＋大天使之杖,无,183,150,200,s6-b83-a0
7076,死亡之刃＋朔极之矛＋红霸符,无,183,150,200,s6-b107-a0
7076,死亡之刃＋泰坦的坚决＋棘刺背心,无,183,150,200,s6-b345-a0
7076,死亡之刃＋海妖之怒＋离子火花,无,183,150,200,s6-b360-a0
7076,死亡之刃＋海妖之怒＋薄暮法袍,无,183,150,200,s6-b373-a0
7076,死亡之刃＋离子火花＋水银,无,183,150,200,s6-b491-a0
7076,巨人杀手＋鬼索的狂暴之刃＋鬼索的狂暴之刃,无,183,150,200,s6-b874-a0
7076,巨人杀手＋棘刺背心＋水银,无,183,150,200,s6-b1186-a0
7076,巨人杀手＋日炎斗篷＋水银,无,183,150,200,s6-b1201-a0
7076,朔极之矛＋无尽之刃＋红霸符,无,183,150,200,s6-b1909-a0
7076,朔极之矛＋红霸符＋红霸符,无,183,150,200,s6-b1936-a0
7076,朔极之矛＋红霸符＋灭世者的死亡之帽,无,183,150,200,s6-b1943-a0
7076,朔极之矛＋红霸符＋珠光护手,无,183,150,200,s6-b1948-a0
7076,朔极之矛＋鬼索的狂暴之刃＋最后的轻语,无,183,150,200,s6-b1968-a0
7076,朔极之矛＋虚空之杖＋大天使之杖,无,183,150,200,s6-b1995-a0
7076,朔极之矛＋泰坦的坚决＋海妖之怒,无,183,150,200,s6-b2015-a0
7076,朔极之矛＋海妖之怒＋强袭者的链枷,无,183,150,200,s6-b2060-a0
7076,夜之锋刃＋无尽之刃＋纳什之牙,无,183,150,200,s6-b2410-a0
7076,夜之锋刃＋海妖之怒＋纳什之牙,无,183,150,200,s6-b2535-a0
7076,夜之锋刃＋海妖之怒＋强袭者的链枷,无,183,150,200,s6-b2556-a0
7076,夜之锋刃＋纳什之牙＋大天使之杖,无,183,150,200,s6-b2560-a0
7076,夜之锋刃＋纳什之牙＋珠光护手,无,183,150,200,s6-b2564-a0
7076,无尽之刃＋泰坦的坚决＋棘刺背心,无,183,150,200,s6-b3831-a0
7076,无尽之刃＋海妖之怒＋离子火花,无,183,150,200,s6-b3846-a0
7076,无尽之刃＋海妖之怒＋薄暮法袍,无,183,150,200,s6-b3859-a0
7076,无尽之刃＋离子火花＋水银,无,183,150,200,s6-b3977-a0
7076,红霸符＋最后的轻语＋蓝霸符,无,183,150,200,s6-b4270-a0
7076,红霸符＋离子火花＋水银,无,183,150,200,s6-b4355-a0
7076,鬼索的狂暴之刃＋鬼索的狂暴之刃＋最后的轻语,无,183,150,200,s6-b4499-a0
7076,鬼索的狂暴之刃＋泰坦的坚决＋莫雷洛秘典,无,183,150,200,s6-b4553-a0
7076,鬼索的狂暴之刃＋泰坦的坚决＋棘刺背心,无,183,150,200,s6-b4560-a0
7076,鬼索的狂暴之刃＋海妖之怒＋离子火花,无,183,150,200,s6-b4575-a0
7076,鬼索的狂暴之刃＋海妖之怒＋莫雷洛秘典,无,183,150,200,s6-b4576-a0
7076,鬼索的狂暴之刃＋最后的轻语＋日炎斗篷,无,183,150,200,s6-b4628-a0
7076,鬼索的狂暴之刃＋莫雷洛秘典＋强袭者的链枷,无,183,150,200,s6-b4724-a0
7076,虚空之杖＋泰坦的坚决＋棘刺背心,无,183,150,200,s6-b4885-a0
7076,虚空之杖＋离子火花＋水银,无,183,150,200,s6-b5031-a0
7076,虚空之杖＋薄暮法袍＋水银,无,183,150,200,s6-b5161-a0
7076,泰坦的坚决＋最后的轻语＋棘刺背心,无,183,150,200,s6-b5251-a0
7076,泰坦的坚决＋灭世者的死亡之帽＋棘刺背心,无,183,150,200,s6-b5271-a0
7076,泰坦的坚决＋大天使之杖＋日炎斗篷,无,183,150,200,s6-b5292-a0
7076,泰坦的坚决＋珠光护手＋棘刺背心,无,183,150,200,s6-b5356-a0
7076,海妖之怒＋最后的轻语＋离子火花,无,183,150,200,s6-b5519-a0
7076,海妖之怒＋最后的轻语＋日炎斗篷,无,183,150,200,s6-b5529-a0
7076,海妖之怒＋灭世者的死亡之帽＋离子火花,无,183,150,200,s6-b5539-a0
7076,海妖之怒＋灭世者的死亡之帽＋薄暮法袍,无,183,150,200,s6-b5552-a0
7076,海妖之怒＋大天使之杖＋棘刺背心,无,183,150,200,s6-b5566-a0
7076,海妖之怒＋离子火花＋珠光护手,无,183,150,200,s6-b5595-a0
7076,海妖之怒＋珠光护手＋薄暮法袍,无,183,150,200,s6-b5637-a0
7076,纳什之牙＋最后的轻语＋莫雷洛秘典,无,183,150,200,s6-b5773-a0
7076,最后的轻语＋离子火花＋水银,无,183,150,200,s6-b6091-a0
7076,最后的轻语＋日炎斗篷＋水银,无,183,150,200,s6-b6206-a0
7076,最后的轻语＋薄暮法袍＋水银,无,183,150,200,s6-b6221-a0
7076,灭世者的死亡之帽＋离子火花＋水银,无,183,150,200,s6-b6301-a0
7076,大天使之杖＋离子火花＋水银,无,183,150,200,s6-b6491-a0
7076,离子火花＋珠光护手＋水银,无,183,150,200,s6-b6846-a0
7132,死亡之刃＋朔极之矛＋棘刺背心,无,182,150,200,s6-b125-a0
7132,巨人杀手＋朔极之矛＋蓝霸符,无,182,150,200,s6-b715-a0
7132,巨人杀手＋朔极之矛＋棘刺背心,无,182,150,200,s6-b720-a0
7132,巨人杀手＋泰坦的坚决＋离子火花,无,182,150,200,s6-b932-a0
7132,巨人杀手＋泰坦的坚决＋薄暮法袍,无,182,150,200,s6-b945-a0
7132,巨人杀手＋海妖之怒＋蓝霸符,无,182,150,200,s6-b958-a0
7132,朔极之矛＋无尽之刃＋棘刺背心,无,182,150,200,s6-b1927-a0
7132,朔极之矛＋海妖之怒＋海妖之怒,无,182,150,200,s6-b2038-a0
7132,朔极之矛＋灭世者的死亡之帽＋棘刺背心,无,182,150,200,s6-b2115-a0
7132,朔极之矛＋珠光护手＋棘刺背心,无,182,150,200,s6-b2200-a0
7132,夜之锋刃＋红霸符＋鬼索的狂暴之刃,无,182,150,200,s6-b2433-a0
7132,鬼索的狂暴之刃＋鬼索的狂暴之刃＋大天使之杖,无,182,150,200,s6-b4501-a0
7132,鬼索的狂暴之刃＋最后的轻语＋薄暮法袍,无,182,150,200,s6-b4631-a0
7132,虚空之杖＋虚空之杖＋蓝霸符,无,182,150,200,s6-b4856-a0
7132,泰坦的坚决＋最后的轻语＋日炎斗篷,无,182,150,200,s6-b5253-a0
7132,泰坦的坚决＋大天使之杖＋离子火花,无,182,150,200,s6-b5282-a0
7132,泰坦的坚决＋大天使之杖＋薄暮法袍,无,182,150,200,s6-b5295-a0
7132,海妖之怒＋最后的轻语＋蓝霸符,无,182,150,200,s6-b5522-a0
7150,死亡之刃＋夜之锋刃＋夜之锋刃,无,181,150,200,s6-b134-a0
7150,死亡之刃＋泰坦的坚决＋蓝霸符,无,181,150,200,s6-b340-a0
7150,死亡之刃＋海妖之怒＋蓝霸符,无,181,150,200,s6-b363-a0
7150,巨人杀手＋朔极之矛＋强袭者的链枷,无,181,150,200,s6-b728-a0
7150,巨人杀手＋夜之锋刃＋夜之锋刃,无,181,150,200,s6-b729-a0
7150,巨人杀手＋红霸符＋蓝霸符,无,181,150,200,s6-b860-a0
7150,巨人杀手＋泰坦的坚决＋蓝霸符,无,181,150,200,s6-b935-a0
7150,巨人杀手＋海妖之怒＋薄暮法袍,无,181,150,200,s6-b968-a0
7150,巨人杀手＋薄暮法袍＋水银,无,181,150,200,s6-b1216-a0
7150,海克斯科技枪刃＋红霸符＋最后的轻语,无,181,150,200,s6-b1414-a0
7150,海克斯科技枪刃＋虚空之杖＋最后的轻语,无,181,150,200,s6-b1465-a0
7150,夜之锋刃＋夜之锋刃＋无尽之刃,无,181,150,200,s6-b2317-a0
7150,夜之锋刃＋夜之锋刃＋虚空之杖,无,181,150,200,s6-b2320-a0
7150,夜之锋刃＋夜之锋刃＋最后的轻语,无,181,150,200,s6-b2324-a0
7150,夜之锋刃＋夜之锋刃＋灭世者的死亡之帽,无,181,150,200,s6-b2325-a0
7150,夜之锋刃＋夜之锋刃＋大天使之杖,无,181,150,200,s6-b2326-a0
7150,夜之锋刃＋夜之锋刃＋珠光护手,无,181,150,200,s6-b2330-a0
7150,夜之锋刃＋泰坦的坚决＋纳什之牙,无,181,150,200,s6-b2512-a0
7150,夜之锋刃＋泰坦的坚决＋强袭者的链枷,无,181,150,200,s6-b2533-a0
7150,夜之锋刃＋海妖之怒＋海妖之怒,无,181,150,200,s6-b2534-a0
7150,夜之锋刃＋海妖之怒＋水银,无,181,150,200,s6-b2554-a0
7150,无尽之刃＋泰坦的坚决＋蓝霸符,无,181,150,200,s6-b3826-a0
7150,无尽之刃＋海妖之怒＋蓝霸符,无,181,150,200,s6-b3849-a0
7150,鬼索的狂暴之刃＋泰坦的坚决＋水银,无,181,150,200,s6-b4566-a0
7150,鬼索的狂暴之刃＋蓝霸符＋水银,无,181,150,200,s6-b4751-a0
7150,泰坦的坚决＋灭世者的死亡之帽＋蓝霸符,无,181,150,200,s6-b5266-a0
7150,泰坦的坚决＋珠光护手＋蓝霸符,无,181,150,200,s6-b5351-a0
7150,海妖之怒＋灭世者的死亡之帽＋蓝霸符,无,181,150,200,s6-b5542-a0
7150,海妖之怒＋大天使之杖＋薄暮法袍,无,181,150,200,s6-b5571-a0
7150,海妖之怒＋珠光护手＋蓝霸符,无,181,150,200,s6-b5627-a0
7150,大天使之杖＋蓝霸符＋蓝霸符,无,181,150,200,s6-b6525-a0
7181,死亡之刃＋大天使之杖＋蓝霸符,无,180,150,200,s6-b445-a0
7181,巨人杀手＋红霸符＋日炎斗篷,无,180,150,200,s6-b867-a0
7181,巨人杀手＋鬼索的狂暴之刃＋棘刺背心,无,180,150,200,s6-b891-a0
7181,巨人杀手＋鬼索的狂暴之刃＋日炎斗篷,无,180,150,200,s6-b893-a0
7181,巨人杀手＋泰坦的坚决＋棘刺背心,无,180,150,200,s6-b940-a0
7181,巨人杀手＋海妖之怒＋离子火花,无,180,150,200,s6-b955-a0
7181,巨人杀手＋离子火花＋水银,无,180,150,200,s6-b1086-a0
7181,海克斯科技枪刃＋红霸符＋红霸符,无,180,150,200,s6-b1408-a0
7181,朔极之矛＋朔极之矛＋红霸符,无,180,150,200,s6-b1791-a0
7181,夜之锋刃＋鬼索的狂暴之刃＋海妖之怒,无,180,150,200,s6-b2462-a0
7181,夜之锋刃＋最后的轻语＋莫雷洛秘典,无,180,150,200,s6-b2584-a0
7181,夜之锋刃＋大天使之杖＋莫雷洛秘典,无,180,150,200,s6-b2623-a0
7181,无尽之刃＋大天使之杖＋蓝霸符,无,180,150,200,s6-b3931-a0
7181,鬼索的狂暴之刃＋最后的轻语＋棘刺背心,无,180,150,200,s6-b4626-a0
7181,虚空之杖＋最后的轻语＋棘刺背心,无,180,150,200,s6-b4951-a0
7181,虚空之杖＋最后的轻语＋日炎斗篷,无,180,150,200,s6-b4953-a0
7181,虚空之杖＋大天使之杖＋日炎斗篷,无,180,150,200,s6-b4992-a0
7181,泰坦的坚决＋大天使之杖＋棘刺背心,无,180,150,200,s6-b5290-a0
7181,海妖之怒＋大天使之杖＋离子火花,无,180,150,200,s6-b5558-a0
7181,灭世者的死亡之帽＋大天使之杖＋蓝霸符,无,180,150,200,s6-b6255-a0
7181,大天使之杖＋珠光护手＋蓝霸符,无,180,150,200,s6-b6511-a0
7202,死亡之刃＋朔极之矛＋朔极之矛,无,179,150,200,s6-b102-a0
7202,死亡之刃＋朔极之矛＋虚空之杖,无,179,150,200,s6-b109-a0
7202,死亡之刃＋朔极之矛＋蓝霸符,无,179,150,200,s6-b120-a0
7202,死亡之刃＋鬼索的狂暴之刃＋鬼索的狂暴之刃,无,179,150,200,s6-b279-a0
7202,死亡之刃＋鬼索的狂暴之刃＋蓝霸符,无,179,150,200,s6-b291-a0
7202,死亡之刃＋虚空之杖＋蓝霸符,无,179,150,200,s6-b316-a0
7202,死亡之刃＋蓝霸符＋蓝霸符,无,179,150,200,s6-b525-a0
7202,巨人杀手＋巨人杀手＋朔极之矛,无,179,150,200,s6-b632-a0
7202,巨人杀手＋朔极之矛＋红霸符,无,179,150,200,s6-b702-a0
7202,巨人杀手＋朔极之矛＋大天使之杖,无,179,150,200,s6-b710-a0
7202,巨人杀手＋红霸符＋离子火花,无,179,150,200,s6-b857-a0
7202,巨人杀手＋红霸符＋薄暮法袍,无,179,150,200,s6-b870-a0
7202,巨人杀手＋鬼索的狂暴之刃＋薄暮法袍,无,179,150,200,s6-b896-a0
7202,巨人杀手＋虚空之杖＋蓝霸符,无,179,150,200,s6-b911-a0
7202,巨人杀手＋大天使之杖＋蓝霸符,无,179,150,200,s6-b1040-a0
7202,朔极之矛＋朔极之矛＋无尽之刃,无,179,150,200,s6-b1790-a0
7202,朔极之矛＋朔极之矛＋虚空之杖,无,179,150,200,s6-b1793-a0
7202,朔极之矛＋朔极之矛＋灭世者的死亡之帽,无,179,150,200,s6-b1798-a0
7202,朔极之矛＋朔极之矛＋大天使之杖,无,179,150,200,s6-b1799-a0
7202,朔极之矛＋朔极之矛＋珠光护手,无,179,150,200,s6-b1803-a0
7202,朔极之矛＋无尽之刃＋虚空之杖,无,179,150,200,s6-b1911-a0
7202,朔极之矛＋无尽之刃＋蓝霸符,无,179,150,200,s6-b1922-a0
7202,朔极之矛＋红霸符＋虚空之杖,无,179,150,200,s6-b1938-a0
7202,朔极之矛＋红霸符＋大天使之杖,无,179,150,200,s6-b1944-a0
7202,朔极之矛＋红霸符＋蓝霸符,无,179,150,200,s6-b1949-a0
7202,朔极之矛＋虚空之杖＋虚空之杖,无,179,150,200,s6-b1989-a0
7202,朔极之矛＋虚空之杖＋最后的轻语,无,179,150,200,s6-b1993-a0
7202,朔极之矛＋虚空之杖＋灭世者的死亡之帽,无,179,150,200,s6-b1994-a0
7202,朔极之矛＋虚空之杖＋珠光护手,无,179,150,200,s6-b1999-a0
7202,朔极之矛＋虚空之杖＋蓝霸符,无,179,150,200,s6-b2000-a0
7202,朔极之矛＋最后的轻语＋蓝霸符,无,179,150,200,s6-b2090-a0
7202,朔极之矛＋灭世者的死亡之帽＋蓝霸符,无,179,150,200,s6-b2110-a0
7202,朔极之矛＋大天使之杖＋蓝霸符,无,179,150,200,s6-b2129-a0
7202,朔极之矛＋珠光护手＋蓝霸符,无,179,150,200,s6-b2195-a0
7202,夜之锋刃＋夜之锋刃＋红霸符,无,179,150,200,s6-b2318-a0
7202,无尽之刃＋鬼索的狂暴之刃＋鬼索的狂暴之刃,无,179,150,200,s6-b3765-a0
7202,无尽之刃＋鬼索的狂暴之刃＋蓝霸符,无,179,150,200,s6-b3777-a0
7202,无尽之刃＋虚空之杖＋蓝霸符,无,179,150,200,s6-b3802-a0
7202,无尽之刃＋蓝霸符＋蓝霸符,无,179,150,200,s6-b4011-a0
7202,红霸符＋鬼索的狂暴之刃＋蓝霸符,无,179,150,200,s6-b4155-a0
7202,鬼索的狂暴之刃＋鬼索的狂暴之刃＋鬼索的狂暴之刃,无,179,150,200,s6-b4494-a0
7202,鬼索的狂暴之刃＋鬼索的狂暴之刃＋虚空之杖,无,179,150,200,s6-b4495-a0
7202,鬼索的狂暴之刃＋鬼索的狂暴之刃＋灭世者的死亡之帽,无,179,150,200,s6-b4500-a0
7202,鬼索的狂暴之刃＋鬼索的狂暴之刃＋珠光护手,无,179,150,200,s6-b4505-a0
7202,鬼索的狂暴之刃＋鬼索的狂暴之刃＋蓝霸符,无,179,150,200,s6-b4506-a0
7202,鬼索的狂暴之刃＋虚空之杖＋虚空之杖,无,179,150,200,s6-b4520-a0
7202,鬼索的狂暴之刃＋最后的轻语＋离子火花,无,179,150,200,s6-b4618-a0
7202,鬼索的狂暴之刃＋灭世者的死亡之帽＋蓝霸符,无,179,150,200,s6-b4641-a0
7202,鬼索的狂暴之刃＋大天使之杖＋蓝霸符,无,179,150,200,s6-b4660-a0
7202,鬼索的狂暴之刃＋珠光护手＋蓝霸符,无,179,150,200,s6-b4726-a0
7202,虚空之杖＋最后的轻语＋离子火花,无,179,150,200,s6-b4943-a0
7202,虚空之杖＋最后的轻语＋薄暮法袍,无,179,150,200,s6-b4956-a0
7202,虚空之杖＋灭世者的死亡之帽＋蓝霸符,无,179,150,200,s6-b4966-a0
7202,虚空之杖＋大天使之杖＋离子火花,无,179,150,200,s6-b4982-a0
7202,虚空之杖＋大天使之杖＋蓝霸符,无,179,150,200,s6-b4985-a0
7202,虚空之杖＋大天使之杖＋薄暮法袍,无,179,150,200,s6-b4995-a0
7202,虚空之杖＋珠光护手＋蓝霸符,无,179,150,200,s6-b5051-a0
7202,最后的轻语＋大天使之杖＋蓝霸符,无,179,150,200,s6-b6045-a0
7202,最后的轻语＋蓝霸符＋蓝霸符,无,179,150,200,s6-b6125-a0
7202,灭世者的死亡之帽＋蓝霸符＋蓝霸符,无,179,150,200,s6-b6335-a0
7202,大天使之杖＋大天使之杖＋蓝霸符,无,179,150,200,s6-b6445-a0
7202,莫雷洛秘典＋莫雷洛秘典＋强袭者的链枷,无,179,150,200,s6-b6969-a0
7202,珠光护手＋蓝霸符＋蓝霸符,无,179,150,200,s6-b7105-a0
7265,巨人杀手＋朔极之矛＋鬼索的狂暴之刃,无,178,150,200,s6-b703-a0
7265,巨人杀手＋朔极之矛＋泰坦的坚决,无,178,150,200,s6-b705-a0
7265,巨人杀手＋鬼索的狂暴之刃＋离子火花,无,178,150,200,s6-b883-a0
7265,巨人杀手＋鬼索的狂暴之刃＋莫雷洛秘典,无,178,150,200,s6-b884-a0
7265,巨人杀手＋鬼索的狂暴之刃＋水银,无,178,150,200,s6-b897-a0
7265,巨人杀手＋虚空之杖＋薄暮法袍,无,178,150,200,s6-b921-a0
7265,朔极之矛＋泰坦的坚决＋强袭者的链枷,无,178,150,200,s6-b2037-a0
7265,夜之锋刃＋鬼索的狂暴之刃＋泰坦的坚决,无,178,150,200,s6-b2461-a0
7265,夜之锋刃＋泰坦的坚决＋海妖之怒,无,178,150,200,s6-b2511-a0
7265,虚空之杖＋纳什之牙＋大天使之杖,无,178,150,200,s6-b4920-a0
7265,大天使之杖＋大天使之杖＋棘刺背心,无,178,150,200,s6-b6450-a0
7276,死亡之刃＋死亡之刃＋棘刺背心,无,177,150,200,s6-b26-a0
7276,死亡之刃＋死亡之刃＋日炎斗篷,无,177,150,200,s6-b28-a0
7276,死亡之刃＋巨人杀手＋日炎斗篷,无,177,150,200,s6-b62-a0
7276,死亡之刃＋朔极之矛＋鬼索的狂暴之刃,无,177,150,200,s6-b108-a0
7276,死亡之刃＋夜之锋刃＋纳什之牙,无,177,150,200,s6-b143-a0
7276,死亡之刃＋无尽之刃＋棘刺背心,无,177,150,200,s6-b243-a0
7276,死亡之刃＋无尽之刃＋日炎斗篷,无,177,150,200,s6-b245-a0
7276,死亡之刃＋红霸符＋棘刺背心,无,177,150,200,s6-b270-a0
7276,死亡之刃＋红霸符＋薄暮法袍,无,177,150,200,s6-b275-a0
7276,死亡之刃＋鬼索的狂暴之刃＋棘刺背心,无,177,150,200,s6-b296-a0
7276,死亡之刃＋虚空之杖＋棘刺背心,无,177,150,200,s6-b321-a0
7276,死亡之刃＋最后的轻语＋棘刺背心,无,177,150,200,s6-b411-a0
7276,死亡之刃＋灭世者的死亡之帽＋棘刺背心,无,177,150,200,s6-b431-a0
7276,死亡之刃＋灭世者的死亡之帽＋日炎斗篷,无,177,150,200,s6-b433-a0
7276,死亡之刃＋大天使之杖＋棘刺背心,无,177,150,200,s6-b450-a0
7276,死亡之刃＋大天使之杖＋薄暮法袍,无,177,150,200,s6-b455-a0
7276,死亡之刃＋珠光护手＋棘刺背心,无,177,150,200,s6-b516-a0
7276,死亡之刃＋珠光护手＋日炎斗篷,无,177,150,200,s6-b518-a0
7276,巨人杀手＋巨人杀手＋蓝霸符,无,177,150,200,s6-b650-a0
7276,巨人杀手＋巨人杀手＋薄暮法袍,无,177,150,200,s6-b660-a0
7276,巨人杀手＋夜之锋刃＋纳什之牙,无,177,150,200,s6-b738-a0
7276,巨人杀手＋夜之锋刃＋莫雷洛秘典,无,177,150,200,s6-b744-a0
7276,巨人杀手＋无尽之刃＋日炎斗篷,无,177,150,200,s6-b840-a0
7276,巨人杀手＋鬼索的狂暴之刃＋蓝霸符,无,177,150,200,s6-b886-a0
7276,巨人杀手＋虚空之杖＋棘刺背心,无,177,150,200,s6-b916-a0
7276,巨人杀手＋虚空之杖＋日炎斗篷,无,177,150,200,s6-b918-a0
7276,巨人杀手＋灭世者的死亡之帽＋日炎斗篷,无,177,150,200,s6-b1028-a0
7276,巨人杀手＋大天使之杖＋棘刺背心,无,177,150,200,s6-b1045-a0
7276,巨人杀手＋珠光护手＋日炎斗篷,无,177,150,200,s6-b1113-a0
7276,朔极之矛＋无尽之刃＋鬼索的狂暴之刃,无,177,150,200,s6-b1910-a0
7276,朔极之矛＋鬼索的狂暴之刃＋灭世者的死亡之帽,无,177,150,200,s6-b1969-a0
7276,朔极之矛＋鬼索的狂暴之刃＋珠光护手,无,177,150,200,s6-b1974-a0
7276,夜之锋刃＋虚空之杖＋强袭者的链枷,无,177,150,200,s6-b2509-a0
7276,夜之锋刃＋海妖之怒＋最后的轻语,无,177,150,200,s6-b2536-a0
7276,夜之锋刃＋纳什之牙＋灭世者的死亡之帽,无,177,150,200,s6-b2559-a0
7276,夜之锋刃＋大天使之杖＋水银,无,177,150,200,s6-b2636-a0
7276,夜之锋刃＋大天使之杖＋强袭者的链枷,无,177,150,200,s6-b2638-a0
7276,无尽之刃＋无尽之刃＋棘刺背心,无,177,150,200,s6-b3729-a0
7276,无尽之刃＋无尽之刃＋日炎斗篷,无,177,150,200,s6-b3731-a0
7276,无尽之刃＋红霸符＋棘刺背心,无,177,150,200,s6-b3756-a0
7276,无尽之刃＋红霸符＋薄暮法袍,无,177,150,200,s6-b3761-a0
7276,无尽之刃＋鬼索的狂暴之刃＋棘刺背心,无,177,150,200,s6-b3782-a0
7276,无尽之刃＋虚空之杖＋棘刺背心,无,177,150,200,s6-b3807-a0
7276,无尽之刃＋最后的轻语＋棘刺背心,无,177,150,200,s6-b3897-a0
7276,无尽之刃＋灭世者的死亡之帽＋棘刺背心,无,177,150,200,s6-b3917-a0
7276,无尽之刃＋灭世者的死亡之帽＋日炎斗篷,无,177,150,200,s6-b3919-a0
7276,无尽之刃＋大天使之杖＋棘刺背心,无,177,150,200,s6-b3936-a0
7276,无尽之刃＋大天使之杖＋薄暮法袍,无,177,150,200,s6-b3941-a0
7276,无尽之刃＋珠光护手＋棘刺背心,无,177,150,200,s6-b4002-a0
7276,无尽之刃＋珠光护手＋日炎斗篷,无,177,150,200,s6-b4004-a0
7276,红霸符＋红霸符＋棘刺背心,无,177,150,200,s6-b4134-a0
7276,红霸符＋红霸符＋薄暮法袍,无,177,150,200,s6-b4139-a0
7276,红霸符＋虚空之杖＋离子火花,无,177,150,200,s6-b4177-a0
7276,红霸符＋虚空之杖＋棘刺背心,无,177,150,200,s6-b4185-a0
7276,红霸符＋虚空之杖＋薄暮法袍,无,177,150,200,s6-b4190-a0
7276,红霸符＋最后的轻语＋日炎斗篷,无,177,150,200,s6-b4277-a0
7276,红霸符＋灭世者的死亡之帽＋棘刺背心,无,177,150,200,s6-b4295-a0
7276,红霸符＋灭世者的死亡之帽＋薄暮法袍,无,177,150,200,s6-b4300-a0
7276,红霸符＋大天使之杖＋棘刺背心,无,177,150,200,s6-b4314-a0
7276,红霸符＋大天使之杖＋日炎斗篷,无,177,150,200,s6-b4316-a0
7276,红霸符＋珠光护手＋棘刺背心,无,177,150,200,s6-b4380-a0
7276,红霸符＋珠光护手＋薄暮法袍,无,177,150,200,s6-b4385-a0
7276,鬼索的狂暴之刃＋灭世者的死亡之帽＋棘刺背心,无,177,150,200,s6-b4646-a0
7276,鬼索的狂暴之刃＋珠光护手＋棘刺背心,无,177,150,200,s6-b4731-a0
7276,虚空之杖＋虚空之杖＋日炎斗篷,无,177,150,200,s6-b4863-a0
7276,虚空之杖＋虚空之杖＋薄暮法袍,无,177,150,200,s6-b4866-a0
7276,虚空之杖＋灭世者的死亡之帽＋棘刺背心,无,177,150,200,s6-b4971-a0
7276,虚空之杖＋珠光护手＋棘刺背心,无,177,150,200,s6-b5056-a0
7276,最后的轻语＋最后的轻语＋棘刺背心,无,177,150,200,s6-b6011-a0
7276,最后的轻语＋灭世者的死亡之帽＋棘刺背心,无,177,150,200,s6-b6031-a0
7276,最后的轻语＋大天使之杖＋棘刺背心,无,177,150,200,s6-b6050-a0
7276,最后的轻语＋珠光护手＋棘刺背心,无,177,150,200,s6-b6116-a0
7276,灭世者的死亡之帽＋灭世者的死亡之帽＋棘刺背心,无,177,150,200,s6-b6241-a0
7276,灭世者的死亡之帽＋灭世者的死亡之帽＋日炎斗篷,无,177,150,200,s6-b6243-a0
7276,灭世者的死亡之帽＋大天使之杖＋棘刺背心,无,177,150,200,s6-b6260-a0
7276,灭世者的死亡之帽＋大天使之杖＋薄暮法袍,无,177,150,200,s6-b6265-a0
7276,灭世者的死亡之帽＋珠光护手＋棘刺背心,无,177,150,200,s6-b6326-a0
7276,灭世者的死亡之帽＋珠光护手＋日炎斗篷,无,177,150,200,s6-b6328-a0
7276,大天使之杖＋大天使之杖＋日炎斗篷,无,177,150,200,s6-b6452-a0
7276,大天使之杖＋大天使之杖＋薄暮法袍,无,177,150,200,s6-b6455-a0
7276,大天使之杖＋珠光护手＋棘刺背心,无,177,150,200,s6-b6516-a0
7276,大天使之杖＋珠光护手＋薄暮法袍,无,177,150,200,s6-b6521-a0
7276,莫雷洛秘典＋莫雷洛秘典＋莫雷洛秘典,无,177,150,200,s6-b6954-a0
7276,莫雷洛秘典＋莫雷洛秘典＋水银,无,177,150,200,s6-b6967-a0
7276,珠光护手＋珠光护手＋棘刺背心,无,177,150,200,s6-b7096-a0
7276,珠光护手＋珠光护手＋日炎斗篷,无,177,150,200,s6-b7098-a0
7362,死亡之刃＋巨人杀手＋离子火花,无,176,150,200,s6-b52-a0
7362,死亡之刃＋红霸符＋离子火花,无,176,150,200,s6-b262-a0
7362,死亡之刃＋红霸符＋蓝霸符,无,176,150,200,s6-b265-a0
7362,死亡之刃＋红霸符＋日炎斗篷,无,176,150,200,s6-b272-a0
7362,死亡之刃＋鬼索的狂暴之刃＋日炎斗篷,无,176,150,200,s6-b298-a0
7362,死亡之刃＋最后的轻语＋离子火花,无,176,150,200,s6-b403-a0
7362,死亡之刃＋大天使之杖＋离子火花,无,176,150,200,s6-b442-a0
7362,巨人杀手＋巨人杀手＋离子火花,无,176,150,200,s6-b647-a0
7362,巨人杀手＋巨人杀手＋日炎斗篷,无,176,150,200,s6-b657-a0
7362,巨人杀手＋无尽之刃＋离子火花,无,176,150,200,s6-b830-a0
7362,巨人杀手＋虚空之杖＋离子火花,无,176,150,200,s6-b908-a0
7362,巨人杀手＋最后的轻语＋蓝霸符,无,176,150,200,s6-b1001-a0
7362,巨人杀手＋灭世者的死亡之帽＋离子火花,无,176,150,200,s6-b1018-a0
7362,巨人杀手＋离子火花＋珠光护手,无,176,150,200,s6-b1074-a0
7362,巨人杀手＋蓝霸符＋蓝霸符,无,176,150,200,s6-b1120-a0
7362,朔极之矛＋朔极之矛＋最后的轻语,无,176,150,200,s6-b1797-a0
7362,朔极之矛＋红霸符＋最后的轻语,无,176,150,200,s6-b1942-a0
7362,朔极之矛＋泰坦的坚决＋泰坦的坚决,无,176,150,200,s6-b2014-a0
7362,朔极之矛＋最后的轻语＋最后的轻语,无,176,150,200,s6-b2083-a0
7362,夜之锋刃＋泰坦的坚决＋泰坦的坚决,无,176,150,200,s6-b2510-a0
7362,夜之锋刃＋最后的轻语＋强袭者的链枷,无,176,150,200,s6-b2599-a0
7362,无尽之刃＋红霸符＋离子火花,无,176,150,200,s6-b3748-a0
7362,无尽之刃＋红霸符＋蓝霸符,无,176,150,200,s6-b3751-a0
7362,无尽之刃＋红霸符＋日炎斗篷,无,176,150,200,s6-b3758-a0
7362,无尽之刃＋鬼索的狂暴之刃＋日炎斗篷,无,176,150,200,s6-b3784-a0
7362,无尽之刃＋最后的轻语＋离子火花,无,176,150,200,s6-b3889-a0
7362,无尽之刃＋大天使之杖＋离子火花,无,176,150,200,s6-b3928-a0
7362,红霸符＋红霸符＋鬼索的狂暴之刃,无,176,150,200,s6-b4117-a0
7362,红霸符＋红霸符＋离子火花,无,176,150,200,s6-b4126-a0
7362,红霸符＋红霸符＋蓝霸符,无,176,150,200,s6-b4129-a0
7362,红霸符＋鬼索的狂暴之刃＋鬼索的狂暴之刃,无,176,150,200,s6-b4143-a0
7362,红霸符＋鬼索的狂暴之刃＋虚空之杖,无,176,150,200,s6-b4144-a0
7362,红霸符＋最后的轻语＋离子火花,无,176,150,200,s6-b4267-a0
7362,红霸符＋灭世者的死亡之帽＋离子火花,无,176,150,200,s6-b4287-a0
7362,红霸符＋灭世者的死亡之帽＋蓝霸符,无,176,150,200,s6-b4290-a0
7362,红霸符＋灭世者的死亡之帽＋日炎斗篷,无,176,150,200,s6-b4297-a0
7362,红霸符＋大天使之杖＋蓝霸符,无,176,150,200,s6-b4309-a0
7362,红霸符＋离子火花＋珠光护手,无,176,150,200,s6-b4343-a0
7362,红霸符＋珠光护手＋蓝霸符,无,176,150,200,s6-b4375-a0
7362,红霸符＋珠光护手＋日炎斗篷,无,176,150,200,s6-b4382-a0
7362,红霸符＋蓝霸符＋蓝霸符,无,176,150,200,s6-b4389-a0
7362,鬼索的狂暴之刃＋虚空之杖＋蓝霸符,无,176,150,200,s6-b4531-a0
7362,鬼索的狂暴之刃＋最后的轻语＋蓝霸符,无,176,150,200,s6-b4621-a0
7362,鬼索的狂暴之刃＋灭世者的死亡之帽＋日炎斗篷,无,176,150,200,s6-b4648-a0
7362,鬼索的狂暴之刃＋珠光护手＋日炎斗篷,无,176,150,200,s6-b4733-a0
7362,虚空之杖＋最后的轻语＋蓝霸符,无,176,150,200,s6-b4946-a0
7362,泰坦的坚决＋莫雷洛秘典＋莫雷洛秘典,无,176,150,200,s6-b5334-a0
7362,海妖之怒＋莫雷洛秘典＋莫雷洛秘典,无,176,150,200,s6-b5610-a0
7362,最后的轻语＋灭世者的死亡之帽＋离子火花,无,176,150,200,s6-b6023-a0
7362,最后的轻语＋离子火花＋珠光护手,无,176,150,200,s6-b6079-a0
7362,灭世者的死亡之帽＋大天使之杖＋离子火花,无,176,150,200,s6-b6252-a0
7362,大天使之杖＋大天使之杖＋离子火花,无,176,150,200,s6-b6442-a0
7362,大天使之杖＋离子火花＋珠光护手,无,176,150,200,s6-b6479-a0
7415,死亡之刃＋死亡之刃＋薄暮法袍,无,175,150,200,s6-b31-a0
7415,死亡之刃＋无尽之刃＋薄暮法袍,无,175,150,200,s6-b248-a0
7415,死亡之刃＋虚空之杖＋离子火花,无,175,150,200,s6-b313-a0
7415,死亡之刃＋虚空之杖＋日炎斗篷,无,175,150,200,s6-b323-a0
7415,死亡之刃＋虚空之杖＋薄暮法袍,无,175,150,200,s6-b326-a0
7415,死亡之刃＋最后的轻语＋蓝霸符,无,175,150,200,s6-b406-a0
7415,死亡之刃＋最后的轻语＋日炎斗篷,无,175,150,200,s6-b413-a0
7415,死亡之刃＋最后的轻语＋薄暮法袍,无,175,150,200,s6-b416-a0
7415,死亡之刃＋灭世者的死亡之帽＋薄暮法袍,无,175,150,200,s6-b436-a0
7415,死亡之刃＋大天使之杖＋日炎斗篷,无,175,150,200,s6-b452-a0
7415,死亡之刃＋珠光护手＋薄暮法袍,无,175,150,200,s6-b521-a0
7415,巨人杀手＋最后的轻语＋日炎斗篷,无,175,150,200,s6-b1008-a0
7415,巨人杀手＋大天使之杖＋离子火花,无,175,150,200,s6-b1037-a0
7415,巨人杀手＋大天使之杖＋日炎斗篷,无,175,150,200,s6-b1047-a0
7415,巨人杀手＋大天使之杖＋薄暮法袍,无,175,150,200,s6-b1050-a0
7415,夜之锋刃＋虚空之杖＋莫雷洛秘典,无,175,150,200,s6-b2494-a0
7415,无尽之刃＋无尽之刃＋薄暮法袍,无,175,150,200,s6-b3734-a0
7415,无尽之刃＋虚空之杖＋离子火花,无,175,150,200,s6-b3799-a0
7415,无尽之刃＋虚空之杖＋日炎斗篷,无,175,150,200,s6-b3809-a0
7415,无尽之刃＋虚空之杖＋薄暮法袍,无,175,150,200,s6-b3812-a0
7415,无尽之刃＋最后的轻语＋蓝霸符,无,175,150,200,s6-b3892-a0
7415,无尽之刃＋最后的轻语＋日炎斗篷,无,175,150,200,s6-b3899-a0
7415,无尽之刃＋最后的轻语＋薄暮法袍,无,175,150,200,s6-b3902-a0
7415,无尽之刃＋灭世者的死亡之帽＋薄暮法袍,无,175,150,200,s6-b3922-a0
7415,无尽之刃＋大天使之杖＋日炎斗篷,无,175,150,200,s6-b3938-a0
7415,无尽之刃＋珠光护手＋薄暮法袍,无,175,150,200,s6-b4007-a0
7415,红霸符＋红霸符＋日炎斗篷,无,175,150,200,s6-b4136-a0
7415,红霸符＋虚空之杖＋日炎斗篷,无,175,150,200,s6-b4187-a0
7415,鬼索的狂暴之刃＋虚空之杖＋强袭者的链枷,无,175,150,200,s6-b4544-a0
7415,鬼索的狂暴之刃＋最后的轻语＋莫雷洛秘典,无,175,150,200,s6-b4619-a0
7415,鬼索的狂暴之刃＋大天使之杖＋强袭者的链枷,无,175,150,200,s6-b4673-a0
7415,虚空之杖＋灭世者的死亡之帽＋离子火花,无,175,150,200,s6-b4963-a0
7415,虚空之杖＋灭世者的死亡之帽＋日炎斗篷,无,175,150,200,s6-b4973-a0
7415,虚空之杖＋灭世者的死亡之帽＋薄暮法袍,无,175,150,200,s6-b4976-a0
7415,虚空之杖＋离子火花＋珠光护手,无,175,150,200,s6-b5019-a0
7415,虚空之杖＋珠光护手＋日炎斗篷,无,175,150,200,s6-b5058-a0
7415,虚空之杖＋珠光护手＋薄暮法袍,无,175,150,200,s6-b5061-a0
7415,泰坦的坚决＋水银＋强袭者的链枷,无,175,150,200,s6-b5466-a0
7415,纳什之牙＋最后的轻语＋强袭者的链枷,无,175,150,200,s6-b5788-a0
7415,纳什之牙＋大天使之杖＋莫雷洛秘典,无,175,150,200,s6-b5812-a0
7415,最后的轻语＋最后的轻语＋蓝霸符,无,175,150,200,s6-b6006-a0
7415,最后的轻语＋最后的轻语＋日炎斗篷,无,175,150,200,s6-b6013-a0
7415,最后的轻语＋最后的轻语＋薄暮法袍,无,175,150,200,s6-b6016-a0
7415,最后的轻语＋灭世者的死亡之帽＋蓝霸符,无,175,150,200,s6-b6026-a0
7415,最后的轻语＋灭世者的死亡之帽＋日炎斗篷,无,175,150,200,s6-b6033-a0
7415,最后的轻语＋灭世者的死亡之帽＋薄暮法袍,无,175,150,200,s6-b6036-a0
7415,最后的轻语＋大天使之杖＋离子火花,无,175,150,200,s6-b6042-a0
7415,最后的轻语＋大天使之杖＋日炎斗篷,无,175,150,200,s6-b6052-a0
7415,最后的轻语＋大天使之杖＋薄暮法袍,无,175,150,200,s6-b6055-a0
7415,最后的轻语＋珠光护手＋蓝霸符,无,175,150,200,s6-b6111-a0
7415,最后的轻语＋珠光护手＋日炎斗篷,无,175,150,200,s6-b6118-a0
7415,最后的轻语＋珠光护手＋薄暮法袍,无,175,150,200,s6-b6121-a0
7415,灭世者的死亡之帽＋灭世者的死亡之帽＋薄暮法袍,无,175,150,200,s6-b6246-a0
7415,灭世者的死亡之帽＋大天使之杖＋日炎斗篷,无,175,150,200,s6-b6262-a0
7415,灭世者的死亡之帽＋珠光护手＋薄暮法袍,无,175,150,200,s6-b6331-a0
7415,大天使之杖＋珠光护手＋日炎斗篷,无,175,150,200,s6-b6518-a0
7415,珠光护手＋珠光护手＋薄暮法袍,无,175,150,200,s6-b7101-a0
7472,死亡之刃＋死亡之刃＋离子火花,无,174,150,200,s6-b18-a0
7472,死亡之刃＋巨人杀手＋棘刺背心,无,174,150,200,s6-b60-a0
7472,死亡之刃＋巨人杀手＋薄暮法袍,无,174,150,200,s6-b65-a0
7472,死亡之刃＋夜之锋刃＋莫雷洛秘典,无,174,150,200,s6-b149-a0
7472,死亡之刃＋夜之锋刃＋强袭者的链枷,无,174,150,200,s6-b164-a0
7472,死亡之刃＋无尽之刃＋离子火花,无,174,150,200,s6-b235-a0
7472,死亡之刃＋鬼索的狂暴之刃＋离子火花,无,174,150,200,s6-b288-a0
7472,死亡之刃＋鬼索的狂暴之刃＋薄暮法袍,无,174,150,200,s6-b301-a0
7472,死亡之刃＋灭世者的死亡之帽＋离子火花,无,174,150,200,s6-b423-a0
7472,死亡之刃＋离子火花＋珠光护手,无,174,150,200,s6-b479-a0
7472,巨人杀手＋巨人杀手＋棘刺背心,无,174,150,200,s6-b655-a0
7472,巨人杀手＋夜之锋刃＋鬼索的狂暴之刃,无,174,150,200,s6-b734-a0
7472,巨人杀手＋夜之锋刃＋海妖之怒,无,174,150,200,s6-b737-a0
7472,巨人杀手＋夜之锋刃＋水银,无,174,150,200,s6-b757-a0
7472,巨人杀手＋夜之锋刃＋强袭者的链枷,无,174,150,200,s6-b759-a0
7472,巨人杀手＋无尽之刃＋棘刺背心,无,174,150,200,s6-b838-a0
7472,巨人杀手＋无尽之刃＋薄暮法袍,无,174,150,200,s6-b843-a0
7472,巨人杀手＋红霸符＋棘刺背心,无,174,150,200,s6-b865-a0
7472,巨人杀手＋最后的轻语＋离子火花,无,174,150,200,s6-b998-a0
7472,巨人杀手＋最后的轻语＋棘刺背心,无,174,150,200,s6-b1006-a0
7472,巨人杀手＋最后的轻语＋薄暮法袍,无,174,150,200,s6-b1011-a0
7472,巨人杀手＋灭世者的死亡之帽＋棘刺背心,无,174,150,200,s6-b1026-a0
7472,巨人杀手＋灭世者的死亡之帽＋薄暮法袍,无,174,150,200,s6-b1031-a0
7472,巨人杀手＋珠光护手＋棘刺背心,无,174,150,200,s6-b1111-a0
7472,巨人杀手＋珠光护手＋薄暮法袍,无,174,150,200,s6-b1116-a0
7472,夜之锋刃＋无尽之刃＋莫雷洛秘典,无,174,150,200,s6-b2416-a0
7472,夜之锋刃＋无尽之刃＋强袭者的链枷,无,174,150,200,s6-b2431-a0
7472,夜之锋刃＋红霸符＋海妖之怒,无,174,150,200,s6-b2436-a0
7472,夜之锋刃＋红霸符＋莫雷洛秘典,无,174,150,200,s6-b2443-a0
7472,夜之锋刃＋红霸符＋水银,无,174,150,200,s6-b2456-a0
7472,夜之锋刃＋红霸符＋强袭者的链枷,无,174,150,200,s6-b2458-a0
7472,夜之锋刃＋虚空之杖＋水银,无,174,150,200,s6-b2507-a0
7472,夜之锋刃＋海妖之怒＋大天使之杖,无,174,150,200,s6-b2538-a0
7472,夜之锋刃＋灭世者的死亡之帽＋莫雷洛秘典,无,174,150,200,s6-b2604-a0
7472,夜之锋刃＋灭世者的死亡之帽＋强袭者的链枷,无,174,150,200,s6-b2619-a0
7472,夜之锋刃＋莫雷洛秘典＋珠光护手,无,174,150,200,s6-b2675-a0
7472,夜之锋刃＋珠光护手＋强袭者的链枷,无,174,150,200,s6-b2704-a0
7472,无尽之刃＋无尽之刃＋离子火花,无,174,150,200,s6-b3721-a0
7472,无尽之刃＋鬼索的狂暴之刃＋离子火花,无,174,150,200,s6-b3774-a0
7472,无尽之刃＋鬼索的狂暴之刃＋薄暮法袍,无,174,150,200,s6-b3787-a0
7472,无尽之刃＋灭世者的死亡之帽＋离子火花,无,174,150,200,s6-b3909-a0
7472,无尽之刃＋离子火花＋珠光护手,无,174,150,200,s6-b3965-a0
7472,红霸符＋虚空之杖＋蓝霸符,无,174,150,200,s6-b4180-a0
7472,红霸符＋最后的轻语＋棘刺背心,无,174,150,200,s6-b4275-a0
7472,红霸符＋最后的轻语＋薄暮法袍,无,174,150,200,s6-b4280-a0
7472,红霸符＋大天使之杖＋离子火花,无,174,150,200,s6-b4306-a0
7472,红霸符＋大天使之杖＋薄暮法袍,无,174,150,200,s6-b4319-a0
7472,鬼索的狂暴之刃＋灭世者的死亡之帽＋离子火花,无,174,150,200,s6-b4638-a0
7472,鬼索的狂暴之刃＋灭世者的死亡之帽＋薄暮法袍,无,174,150,200,s6-b4651-a0
7472,鬼索的狂暴之刃＋离子火花＋珠光护手,无,174,150,200,s6-b4694-a0
7472,鬼索的狂暴之刃＋珠光护手＋薄暮法袍,无,174,150,200,s6-b4736-a0
7472,虚空之杖＋虚空之杖＋离子火花,无,174,150,200,s6-b4853-a0
7472,虚空之杖＋虚空之杖＋棘刺背心,无,174,150,200,s6-b4861-a0
7472,虚空之杖＋大天使之杖＋棘刺背心,无,174,150,200,s6-b4990-a0
7472,泰坦的坚决＋纳什之牙＋莫雷洛秘典,无,174,150,200,s6-b5223-a0
7472,泰坦的坚决＋纳什之牙＋强袭者的链枷,无,174,150,200,s6-b5238-a0
7472,泰坦的坚决＋强袭者的链枷＋强袭者的链枷,无,174,150,200,s6-b5469-a0
7472,海妖之怒＋纳什之牙＋莫雷洛秘典,无,174,150,200,s6-b5499-a0
7472,海妖之怒＋纳什之牙＋强袭者的链枷,无,174,150,200,s6-b5514-a0
7472,海妖之怒＋强袭者的链枷＋强袭者的链枷,无,174,150,200,s6-b5745-a0
7472,最后的轻语＋最后的轻语＋离子火花,无,174,150,200,s6-b6003-a0
7472,灭世者的死亡之帽＋灭世者的死亡之帽＋离子火花,无,174,150,200,s6-b6233-a0
7472,灭世者的死亡之帽＋离子火花＋珠光护手,无,174,150,200,s6-b6289-a0
7472,离子火花＋珠光护手＋珠光护手,无,174,150,200,s6-b6834-a0
7472,莫雷洛秘典＋水银＋强袭者的链枷,无,174,150,200,s6-b7086-a0
7472,莫雷洛秘典＋强袭者的链枷＋强袭者的链枷,无,174,150,200,s6-b7089-a0
7472,水银＋强袭者的链枷＋强袭者的链枷,无,174,150,200,s6-b7765-a0
7472,强袭者的链枷＋强袭者的链枷＋强袭者的链枷,无,174,150,200,s6-b7769-a0
7540,死亡之刃＋巨人杀手＋蓝霸符,无,173,150,200,s6-b55-a0
7540,死亡之刃＋夜之锋刃＋泰坦的坚决,无,173,150,200,s6-b141-a0
7540,死亡之刃＋夜之锋刃＋水银,无,173,150,200,s6-b162-a0
7540,巨人杀手＋朔极之矛＋朔极之矛,无,173,150,200,s6-b697-a0
7540,巨人杀手＋朔极之矛＋虚空之杖,无,173,150,200,s6-b704-a0
7540,巨人杀手＋夜之锋刃＋泰坦的坚决,无,173,150,200,s6-b736-a0
7540,巨人杀手＋无尽之刃＋蓝霸符,无,173,150,200,s6-b833-a0
7540,巨人杀手＋灭世者的死亡之帽＋蓝霸符,无,173,150,200,s6-b1021-a0
7540,巨人杀手＋珠光护手＋蓝霸符,无,173,150,200,s6-b1106-a0
7540,朔极之矛＋最后的轻语＋大天使之杖,无,173,150,200,s6-b2085-a0
7540,朔极之矛＋大天使之杖＋大天使之杖,无,173,150,200,s6-b2124-a0
7540,夜之锋刃＋无尽之刃＋泰坦的坚决,无,173,150,200,s6-b2408-a0
7540,夜之锋刃＋无尽之刃＋水银,无,173,150,200,s6-b2429-a0
7540,夜之锋刃＋虚空之杖＋海妖之怒,无,173,150,200,s6-b2487-a0
7540,夜之锋刃＋泰坦的坚决＋最后的轻语,无,173,150,200,s6-b2513-a0
7540,夜之锋刃＋泰坦的坚决＋灭世者的死亡之帽,无,173,150,200,s6-b2514-a0
7540,夜之锋刃＋泰坦的坚决＋大天使之杖,无,173,150,200,s6-b2515-a0
7540,夜之锋刃＋泰坦的坚决＋珠光护手,无,173,150,200,s6-b2519-a0
7540,夜之锋刃＋灭世者的死亡之帽＋水银,无,173,150,200,s6-b2617-a0
7540,夜之锋刃＋珠光护手＋水银,无,173,150,200,s6-b2702-a0
7540,虚空之杖＋纳什之牙＋最后的轻语,无,173,150,200,s6-b4918-a0
7540,泰坦的坚决＋海妖之怒＋莫雷洛秘典,无,173,150,200,s6-b5201-a0
7540,海妖之怒＋水银＋强袭者的链枷,无,173,150,200,s6-b5742-a0
7540,纳什之牙＋最后的轻语＋最后的轻语,无,173,150,200,s6-b5768-a0
7540,水银＋水银＋强袭者的链枷,无,173,150,200,s6-b7762-a0
7565,巨人杀手＋纳什之牙＋莫雷洛秘典,无,172,150,200,s6-b978-a0
7565,红霸符＋水银＋水银,无,172,150,200,s6-b4488-a0
7565,鬼索的狂暴之刃＋最后的轻语＋水银,无,172,150,200,s6-b4632-a0
7565,虚空之杖＋海妖之怒＋纳什之牙,无,172,150,200,s6-b4895-a0
7565,泰坦的坚决＋泰坦的坚决＋莫雷洛秘典,无,172,150,200,s6-b5178-a0
7565,泰坦的坚决＋莫雷洛秘典＋水银,无,172,150,200,s6-b5347-a0
7565,泰坦的坚决＋莫雷洛秘典＋强袭者的链枷,无,172,150,200,s6-b5349-a0
7565,海妖之怒＋海妖之怒＋莫雷洛秘典,无,172,150,200,s6-b5477-a0
7565,海妖之怒＋莫雷洛秘典＋强袭者的链枷,无,172,150,200,s6-b5625-a0
7574,死亡之刃＋夜之锋刃＋海妖之怒,无,171,150,200,s6-b142-a0
7574,夜之锋刃＋无尽之刃＋海妖之怒,无,171,150,200,s6-b2409-a0
7574,夜之锋刃＋海妖之怒＋灭世者的死亡之帽,无,171,150,200,s6-b2537-a0
7574,夜之锋刃＋海妖之怒＋珠光护手,无,171,150,200,s6-b2542-a0
7574,夜之锋刃＋最后的轻语＋水银,无,171,150,200,s6-b2597-a0
7574,泰坦的坚决＋泰坦的坚决＋水银,无,171,150,200,s6-b5191-a0
7574,泰坦的坚决＋水银＋水银,无,171,150,200,s6-b5464-a0
7574,海妖之怒＋莫雷洛秘典＋水银,无,171,150,200,s6-b5623-a0
7582,死亡之刃＋朔极之矛＋莫雷洛秘典,无,170,150,200,s6-b118-a0
7582,朔极之矛＋无尽之刃＋莫雷洛秘典,无,170,150,200,s6-b1920-a0
7582,朔极之矛＋灭世者的死亡之帽＋莫雷洛秘典,无,170,150,200,s6-b2108-a0
7582,朔极之矛＋莫雷洛秘典＋珠光护手,无,170,150,200,s6-b2179-a0
7582,夜之锋刃＋红霸符＋泰坦的坚决,无,170,150,200,s6-b2435-a0
7582,夜之锋刃＋虚空之杖＋泰坦的坚决,无,170,150,200,s6-b2486-a0
7582,无尽之刃＋纳什之牙＋最后的轻语,无,170,150,200,s6-b3864-a0
7582,鬼索的狂暴之刃＋虚空之杖＋大天使之杖,无,170,150,200,s6-b4526-a0
7582,虚空之杖＋水银＋水银,无,170,150,200,s6-b5164-a0
7582,泰坦的坚决＋海妖之怒＋纳什之牙,无,170,150,200,s6-b5195-a0
7582,泰坦的坚决＋海妖之怒＋强袭者的链枷,无,170,150,200,s6-b5216-a0
7582,纳什之牙＋最后的轻语＋大天使之杖,无,170,150,200,s6-b5770-a0
7582,纳什之牙＋最后的轻语＋珠光护手,无,170,150,200,s6-b5774-a0
7595,死亡之刃＋鬼索的狂暴之刃＋水银,无,169,150,200,s6-b302-a0
7595,死亡之刃＋纳什之牙＋强袭者的链枷,无,169,150,200,s6-b398-a0
7595,巨人杀手＋莫雷洛秘典＋莫雷洛秘典,无,169,150,200,s6-b1089-a0
7595,无尽之刃＋鬼索的狂暴之刃＋水银,无,169,150,200,s6-b3788-a0
7595,无尽之刃＋纳什之牙＋强袭者的链枷,无,169,150,200,s6-b3884-a0
7595,鬼索的狂暴之刃＋虚空之杖＋泰坦的坚决,无,169,150,200,s6-b4521-a0
7595,鬼索的狂暴之刃＋虚空之杖＋海妖之怒,无,169,150,200,s6-b4522-a0
7595,鬼索的狂暴之刃＋海妖之怒＋大天使之杖,无,169,150,200,s6-b4573-a0
7595,鬼索的狂暴之刃＋海妖之怒＋强袭者的链枷,无,169,150,200,s6-b4591-a0
7595,鬼索的狂暴之刃＋灭世者的死亡之帽＋水银,无,169,150,200,s6-b4652-a0
7595,鬼索的狂暴之刃＋珠光护手＋水银,无,169,150,200,s6-b4737-a0
7595,鬼索的狂暴之刃＋强袭者的链枷＋强袭者的链枷,无,169,150,200,s6-b4844-a0
7595,虚空之杖＋强袭者的链枷＋强袭者的链枷,无,169,150,200,s6-b5169-a0
7595,纳什之牙＋灭世者的死亡之帽＋强袭者的链枷,无,169,150,200,s6-b5808-a0
7595,纳什之牙＋大天使之杖＋强袭者的链枷,无,169,150,200,s6-b5827-a0
7595,纳什之牙＋珠光护手＋强袭者的链枷,无,169,150,200,s6-b5893-a0
7595,大天使之杖＋莫雷洛秘典＋强袭者的链枷,无,169,150,200,s6-b6509-a0
7612,死亡之刃＋朔极之矛＋夜之锋刃,无,168,150,200,s6-b103-a0
7612,死亡之刃＋朔极之矛＋海妖之怒,无,168,150,200,s6-b111-a0
7612,死亡之刃＋夜之锋刃＋鬼索的狂暴之刃,无,168,150,200,s6-b139-a0
7612,巨人杀手＋巨人杀手＋夜之锋刃,无,168,150,200,s6-b633-a0
7612,巨人杀手＋夜之锋刃＋最后的轻语,无,168,150,200,s6-b739-a0
7612,朔极之矛＋夜之锋刃＋无尽之刃,无,168,150,200,s6-b1821-a0
7612,朔极之矛＋夜之锋刃＋灭世者的死亡之帽,无,168,150,200,s6-b1829-a0
7612,朔极之矛＋夜之锋刃＋珠光护手,无,168,150,200,s6-b1834-a0
7612,朔极之矛＋无尽之刃＋海妖之怒,无,168,150,200,s6-b1913-a0
7612,朔极之矛＋海妖之怒＋灭世者的死亡之帽,无,168,150,200,s6-b2041-a0
7612,朔极之矛＋海妖之怒＋珠光护手,无,168,150,200,s6-b2046-a0
7612,夜之锋刃＋无尽之刃＋鬼索的狂暴之刃,无,168,150,200,s6-b2406-a0
7612,夜之锋刃＋红霸符＋红霸符,无,168,150,200,s6-b2432-a0
7612,夜之锋刃＋红霸符＋虚空之杖,无,168,150,200,s6-b2434-a0
7612,夜之锋刃＋鬼索的狂暴之刃＋灭世者的死亡之帽,无,168,150,200,s6-b2465-a0
7612,夜之锋刃＋鬼索的狂暴之刃＋珠光护手,无,168,150,200,s6-b2470-a0
7612,鬼索的狂暴之刃＋海妖之怒＋海妖之怒,无,168,150,200,s6-b4569-a0
7612,泰坦的坚决＋泰坦的坚决＋海妖之怒,无,168,150,200,s6-b5171-a0
7612,泰坦的坚决＋泰坦的坚决＋纳什之牙,无,168,150,200,s6-b5172-a0
7612,泰坦的坚决＋泰坦的坚决＋强袭者的链枷,无,168,150,200,s6-b5193-a0
7612,泰坦的坚决＋海妖之怒＋海妖之怒,无,168,150,200,s6-b5194-a0
7612,泰坦的坚决＋海妖之怒＋水银,无,168,150,200,s6-b5214-a0
7612,海妖之怒＋海妖之怒＋纳什之牙,无,168,150,200,s6-b5471-a0
7612,海妖之怒＋海妖之怒＋强袭者的链枷,无,168,150,200,s6-b5492-a0
7636,死亡之刃＋夜之锋刃＋虚空之杖,无,167,150,200,s6-b140-a0
7636,死亡之刃＋鬼索的狂暴之刃＋莫雷洛秘典,无,167,150,200,s6-b289-a0
7636,死亡之刃＋莫雷洛秘典＋莫雷洛秘典,无,167,150,200,s6-b494-a0
7636,死亡之刃＋强袭者的链枷＋强袭者的链枷,无,167,150,200,s6-b629-a0
7636,巨人杀手＋朔极之矛＋最后的轻语,无,167,150,200,s6-b708-a0
7636,巨人杀手＋夜之锋刃＋大天使之杖,无,167,150,200,s6-b741-a0
7636,巨人杀手＋虚空之杖＋纳什之牙,无,167,150,200,s6-b903-a0
7636,巨人杀手＋纳什之牙＋强袭者的链枷,无,167,150,200,s6-b993-a0
7636,巨人杀手＋莫雷洛秘典＋水银,无,167,150,200,s6-b1102-a0
7636,巨人杀手＋莫雷洛秘典＋强袭者的链枷,无,167,150,200,s6-b1104-a0
7636,巨人杀手＋水银＋强袭者的链枷,无,167,150,200,s6-b1221-a0
7636,夜之锋刃＋无尽之刃＋虚空之杖,无,167,150,200,s6-b2407-a0
7636,夜之锋刃＋虚空之杖＋灭世者的死亡之帽,无,167,150,200,s6-b2490-a0
7636,夜之锋刃＋虚空之杖＋珠光护手,无,167,150,200,s6-b2495-a0
7636,夜之锋刃＋最后的轻语＋大天使之杖,无,167,150,200,s6-b2581-a0
7636,无尽之刃＋鬼索的狂暴之刃＋莫雷洛秘典,无,167,150,200,s6-b3775-a0
7636,无尽之刃＋泰坦的坚决＋纳什之牙,无,167,150,200,s6-b3818-a0
7636,无尽之刃＋海妖之怒＋纳什之牙,无,167,150,200,s6-b3841-a0
7636,无尽之刃＋纳什之牙＋莫雷洛秘典,无,167,150,200,s6-b3869-a0
7636,无尽之刃＋莫雷洛秘典＋莫雷洛秘典,无,167,150,200,s6-b3980-a0
7636,无尽之刃＋强袭者的链枷＋强袭者的链枷,无,167,150,200,s6-b4115-a0
7636,红霸符＋鬼索的狂暴之刃＋泰坦的坚决,无,167,150,200,s6-b4145-a0
7636,红霸符＋鬼索的狂暴之刃＋海妖之怒,无,167,150,200,s6-b4146-a0
7636,红霸符＋鬼索的狂暴之刃＋强袭者的链枷,无,167,150,200,s6-b4168-a0
7636,红霸符＋莫雷洛秘典＋莫雷洛秘典,无,167,150,200,s6-b4358-a0
7636,红霸符＋莫雷洛秘典＋水银,无,167,150,200,s6-b4371-a0
7636,红霸符＋莫雷洛秘典＋强袭者的链枷,无,167,150,200,s6-b4373-a0
7636,红霸符＋强袭者的链枷＋强袭者的链枷,无,167,150,200,s6-b4493-a0
7636,鬼索的狂暴之刃＋泰坦的坚决＋强袭者的链枷,无,167,150,200,s6-b4568-a0
7636,鬼索的狂暴之刃＋灭世者的死亡之帽＋莫雷洛秘典,无,167,150,200,s6-b4639-a0
7636,鬼索的狂暴之刃＋莫雷洛秘典＋珠光护手,无,167,150,200,s6-b4710-a0
7636,虚空之杖＋莫雷洛秘典＋强袭者的链枷,无,167,150,200,s6-b5049-a0
7636,泰坦的坚决＋纳什之牙＋大天使之杖,无,167,150,200,s6-b5220-a0
7636,泰坦的坚决＋纳什之牙＋珠光护手,无,167,150,200,s6-b5224-a0
7636,泰坦的坚决＋大天使之杖＋莫雷洛秘典,无,167,150,200,s6-b5283-a0
7636,泰坦的坚决＋大天使之杖＋强袭者的链枷,无,167,150,200,s6-b5298-a0
7636,海妖之怒＋纳什之牙＋大天使之杖,无,167,150,200,s6-b5496-a0
7636,海妖之怒＋纳什之牙＋珠光护手,无,167,150,200,s6-b5500-a0
7636,海妖之怒＋最后的轻语＋莫雷洛秘典,无,167,150,200,s6-b5520-a0
7636,海妖之怒＋大天使之杖＋莫雷洛秘典,无,167,150,200,s6-b5559-a0
7636,海妖之怒＋大天使之杖＋强袭者的链枷,无,167,150,200,s6-b5574-a0
7636,纳什之牙＋莫雷洛秘典＋珠光护手,无,167,150,200,s6-b5864-a0
7636,最后的轻语＋莫雷洛秘典＋强袭者的链枷,无,167,150,200,s6-b6109-a0
7636,灭世者的死亡之帽＋莫雷洛秘典＋莫雷洛秘典,无,167,150,200,s6-b6304-a0
7636,灭世者的死亡之帽＋强袭者的链枷＋强袭者的链枷,无,167,150,200,s6-b6439-a0
7636,大天使之杖＋莫雷洛秘典＋莫雷洛秘典,无,167,150,200,s6-b6494-a0
7636,大天使之杖＋强袭者的链枷＋强袭者的链枷,无,167,150,200,s6-b6629-a0
7636,莫雷洛秘典＋莫雷洛秘典＋珠光护手,无,167,150,200,s6-b6955-a0
7636,珠光护手＋强袭者的链枷＋强袭者的链枷,无,167,150,200,s6-b7209-a0
7685,死亡之刃＋死亡之刃＋夜之锋刃,无,166,150,200,s6-b4-a0
7685,死亡之刃＋夜之锋刃＋无尽之刃,无,166,150,200,s6-b137-a0
7685,死亡之刃＋夜之锋刃＋最后的轻语,无,166,150,200,s6-b144-a0
7685,死亡之刃＋夜之锋刃＋灭世者的死亡之帽,无,166,150,200,s6-b145-a0
7685,死亡之刃＋夜之锋刃＋珠光护手,无,166,150,200,s6-b150-a0
7685,巨人杀手＋夜之锋刃＋红霸符,无,166,150,200,s6-b733-a0
7685,巨人杀手＋夜之锋刃＋虚空之杖,无,166,150,200,s6-b735-a0
7685,夜之锋刃＋无尽之刃＋无尽之刃,无,166,150,200,s6-b2404-a0
7685,夜之锋刃＋无尽之刃＋最后的轻语,无,166,150,200,s6-b2411-a0
7685,夜之锋刃＋无尽之刃＋灭世者的死亡之帽,无,166,150,200,s6-b2412-a0
7685,夜之锋刃＋无尽之刃＋珠光护手,无,166,150,200,s6-b2417-a0
7685,夜之锋刃＋红霸符＋最后的轻语,无,166,150,200,s6-b2438-a0
7685,夜之锋刃＋鬼索的狂暴之刃＋最后的轻语,无,166,150,200,s6-b2464-a0
7685,夜之锋刃＋虚空之杖＋虚空之杖,无,166,150,200,s6-b2485-a0
7685,夜之锋刃＋虚空之杖＋大天使之杖,无,166,150,200,s6-b2491-a0
7685,夜之锋刃＋最后的轻语＋最后的轻语,无,166,150,200,s6-b2579-a0
7685,夜之锋刃＋最后的轻语＋灭世者的死亡之帽,无,166,150,200,s6-b2580-a0
7685,夜之锋刃＋最后的轻语＋珠光护手,无,166,150,200,s6-b2585-a0
7685,夜之锋刃＋灭世者的死亡之帽＋灭世者的死亡之帽,无,166,150,200,s6-b2600-a0
7685,夜之锋刃＋灭世者的死亡之帽＋珠光护手,无,166,150,200,s6-b2605-a0
7685,夜之锋刃＋珠光护手＋珠光护手,无,166,150,200,s6-b2690-a0
7685,海妖之怒＋海妖之怒＋海妖之怒,无,166,150,200,s6-b5470-a0
7685,海妖之怒＋海妖之怒＋水银,无,166,150,200,s6-b5490-a0
7685,大天使之杖＋水银＋水银,无,166,150,200,s6-b6624-a0
7709,死亡之刃＋夜之锋刃＋大天使之杖,无,165,150,200,s6-b146-a0
7709,夜之锋刃＋无尽之刃＋大天使之杖,无,165,150,200,s6-b2413-a0
7709,夜之锋刃＋灭世者的死亡之帽＋大天使之杖,无,165,150,200,s6-b2601-a0
7709,夜之锋刃＋大天使之杖＋珠光护手,无,165,150,200,s6-b2624-a0
7709,最后的轻语＋莫雷洛秘典＋莫雷洛秘典,无,165,150,200,s6-b6094-a0
7709,大天使之杖＋水银＋强袭者的链枷,无,165,150,200,s6-b6626-a0
7715,死亡之刃＋朔极之矛＋强袭者的链枷,无,164,150,200,s6-b133-a0
7715,死亡之刃＋红霸符＋纳什之牙,无,164,150,200,s6-b257-a0
7715,死亡之刃＋泰坦的坚决＋水银,无,164,150,200,s6-b351-a0
7715,死亡之刃＋纳什之牙＋莫雷洛秘典,无,164,150,200,s6-b383-a0
7715,死亡之刃＋莫雷洛秘典＋水银,无,164,150,200,s6-b507-a0
7715,死亡之刃＋莫雷洛秘典＋强袭者的链枷,无,164,150,200,s6-b509-a0
7715,巨人杀手＋泰坦的坚决＋纳什之牙,无,164,150,200,s6-b927-a0
7715,巨人杀手＋泰坦的坚决＋莫雷洛秘典,无,164,150,200,s6-b933-a0
7715,巨人杀手＋海妖之怒＋纳什之牙,无,164,150,200,s6-b950-a0
7715,巨人杀手＋海妖之怒＋莫雷洛秘典,无,164,150,200,s6-b956-a0
7715,巨人杀手＋海妖之怒＋强袭者的链枷,无,164,150,200,s6-b971-a0
7715,巨人杀手＋强袭者的链枷＋强袭者的链枷,无,164,150,200,s6-b1224-a0
7715,朔极之矛＋无尽之刃＋强袭者的链枷,无,164,150,200,s6-b1935-a0
7715,朔极之矛＋灭世者的死亡之帽＋强袭者的链枷,无,164,150,200,s6-b2123-a0
7715,朔极之矛＋珠光护手＋强袭者的链枷,无,164,150,200,s6-b2208-a0
7715,夜之锋刃＋红霸符＋大天使之杖,无,164,150,200,s6-b2440-a0
7715,夜之锋刃＋虚空之杖＋最后的轻语,无,164,150,200,s6-b2489-a0
7715,无尽之刃＋泰坦的坚决＋水银,无,164,150,200,s6-b3837-a0
7715,无尽之刃＋莫雷洛秘典＋水银,无,164,150,200,s6-b3993-a0
7715,无尽之刃＋莫雷洛秘典＋强袭者的链枷,无,164,150,200,s6-b3995-a0
7715,红霸符＋鬼索的狂暴之刃＋大天使之杖,无,164,150,200,s6-b4150-a0
7715,红霸符＋泰坦的坚决＋莫雷洛秘典,无,164,150,200,s6-b4202-a0
7715,红霸符＋泰坦的坚决＋水银,无,164,150,200,s6-b4215-a0
7715,红霸符＋海妖之怒＋莫雷洛秘典,无,164,150,200,s6-b4225-a0
7715,红霸符＋海妖之怒＋强袭者的链枷,无,164,150,200,s6-b4240-a0
7715,红霸符＋纳什之牙＋灭世者的死亡之帽,无,164,150,200,s6-b4243-a0
7715,虚空之杖＋泰坦的坚决＋纳什之牙,无,164,150,200,s6-b4872-a0
7715,虚空之杖＋泰坦的坚决＋强袭者的链枷,无,164,150,200,s6-b4893-a0
7715,虚空之杖＋海妖之怒＋强袭者的链枷,无,164,150,200,s6-b4916-a0
7715,虚空之杖＋莫雷洛秘典＋莫雷洛秘典,无,164,150,200,s6-b5034-a0
7715,虚空之杖＋莫雷洛秘典＋水银,无,164,150,200,s6-b5047-a0
7715,泰坦的坚决＋海妖之怒＋最后的轻语,无,164,150,200,s6-b5196-a0
7715,泰坦的坚决＋最后的轻语＋莫雷洛秘典,无,164,150,200,s6-b5244-a0
7715,泰坦的坚决＋最后的轻语＋强袭者的链枷,无,164,150,200,s6-b5259-a0
7715,泰坦的坚决＋灭世者的死亡之帽＋水银,无,164,150,200,s6-b5277-a0
7715,泰坦的坚决＋珠光护手＋水银,无,164,150,200,s6-b5362-a0
7715,海妖之怒＋最后的轻语＋强袭者的链枷,无,164,150,200,s6-b5535-a0
7715,纳什之牙＋灭世者的死亡之帽＋莫雷洛秘典,无,164,150,200,s6-b5793-a0
7715,纳什之牙＋大天使之杖＋大天使之杖,无,164,150,200,s6-b5809-a0
7715,最后的轻语＋莫雷洛秘典＋水银,无,164,150,200,s6-b6107-a0
7715,最后的轻语＋水银＋强袭者的链枷,无,164,150,200,s6-b6226-a0
7715,最后的轻语＋强袭者的链枷＋强袭者的链枷,无,164,150,200,s6-b6229-a0
7715,灭世者的死亡之帽＋莫雷洛秘典＋水银,无,164,150,200,s6-b6317-a0
7715,灭世者的死亡之帽＋莫雷洛秘典＋强袭者的链枷,无,164,150,200,s6-b6319-a0
7715,莫雷洛秘典＋珠光护手＋水银,无,164,150,200,s6-b6982-a0
7715,莫雷洛秘典＋珠光护手＋强袭者的链枷,无,164,150,200,s6-b6984-a0
7761,死亡之刃＋巨人杀手＋夜之锋刃,无,163,150,200,s6-b38-a0
7761,死亡之刃＋朔极之矛＋最后的轻语,无,163,150,200,s6-b113-a0
7761,死亡之刃＋夜之锋刃＋红霸符,无,163,150,200,s6-b138-a0
7761,死亡之刃＋海妖之怒＋水银,无,163,150,200,s6-b374-a0
7761,死亡之刃＋水银＋水银,无,163,150,200,s6-b624-a0
7761,巨人杀手＋夜之锋刃＋无尽之刃,无,163,150,200,s6-b732-a0
7761,巨人杀手＋夜之锋刃＋灭世者的死亡之帽,无,163,150,200,s6-b740-a0
7761,巨人杀手＋夜之锋刃＋珠光护手,无,163,150,200,s6-b745-a0
7761,巨人杀手＋泰坦的坚决＋海妖之怒,无,163,150,200,s6-b926-a0
7761,巨人杀手＋泰坦的坚决＋强袭者的链枷,无,163,150,200,s6-b948-a0
7761,巨人杀手＋海妖之怒＋海妖之怒,无,163,150,200,s6-b949-a0
7761,朔极之矛＋无尽之刃＋最后的轻语,无,163,150,200,s6-b1915-a0
7761,朔极之矛＋最后的轻语＋灭世者的死亡之帽,无,163,150,200,s6-b2084-a0
7761,朔极之矛＋最后的轻语＋珠光护手,无,163,150,200,s6-b2089-a0
7761,夜之锋刃＋无尽之刃＋红霸符,无,163,150,200,s6-b2405-a0
7761,夜之锋刃＋红霸符＋灭世者的死亡之帽,无,163,150,200,s6-b2439-a0
7761,夜之锋刃＋红霸符＋珠光护手,无,163,150,200,s6-b2444-a0
7761,夜之锋刃＋大天使之杖＋大天使之杖,无,163,150,200,s6-b2620-a0
7761,无尽之刃＋海妖之怒＋水银,无,163,150,200,s6-b3860-a0
7761,无尽之刃＋水银＋水银,无,163,150,200,s6-b4110-a0
7761,红霸符＋鬼索的狂暴之刃＋最后的轻语,无,163,150,200,s6-b4148-a0
7761,红霸符＋海妖之怒＋水银,无,163,150,200,s6-b4238-a0
7761,泰坦的坚决＋泰坦的坚决＋泰坦的坚决,无,163,150,200,s6-b5170-a0
7761,海妖之怒＋海妖之怒＋最后的轻语,无,163,150,200,s6-b5472-a0
7761,海妖之怒＋灭世者的死亡之帽＋水银,无,163,150,200,s6-b5553-a0
7761,海妖之怒＋珠光护手＋水银,无,163,150,200,s6-b5638-a0
7761,海妖之怒＋水银＋水银,无,163,150,200,s6-b5740-a0
7761,灭世者的死亡之帽＋水银＋水银,无,163,150,200,s6-b6434-a0
7761,珠光护手＋水银＋水银,无,163,150,200,s6-b7204-a0
7790,死亡之刃＋虚空之杖＋纳什之牙,无,162,150,200,s6-b308-a0
7790,死亡之刃＋泰坦的坚决＋纳什之牙,无,162,150,200,s6-b332-a0
7790,死亡之刃＋泰坦的坚决＋莫雷洛秘典,无,162,150,200,s6-b338-a0
7790,死亡之刃＋泰坦的坚决＋强袭者的链枷,无,162,150,200,s6-b353-a0
7790,死亡之刃＋海妖之怒＋纳什之牙,无,162,150,200,s6-b355-a0
7790,死亡之刃＋海妖之怒＋莫雷洛秘典,无,162,150,200,s6-b361-a0
7790,死亡之刃＋海妖之怒＋强袭者的链枷,无,162,150,200,s6-b376-a0
7790,死亡之刃＋水银＋强袭者的链枷,无,162,150,200,s6-b626-a0
7790,巨人杀手＋红霸符＋鬼索的狂暴之刃,无,162,150,200,s6-b848-a0
7790,巨人杀手＋纳什之牙＋大天使之杖,无,162,150,200,s6-b975-a0
7790,无尽之刃＋虚空之杖＋纳什之牙,无,162,150,200,s6-b3794-a0
7790,无尽之刃＋泰坦的坚决＋莫雷洛秘典,无,162,150,200,s6-b3824-a0
7790,无尽之刃＋泰坦的坚决＋强袭者的链枷,无,162,150,200,s6-b3839-a0
7790,无尽之刃＋海妖之怒＋莫雷洛秘典,无,162,150,200,s6-b3847-a0
7790,无尽之刃＋海妖之怒＋强袭者的链枷,无,162,150,200,s6-b3862-a0
7790,无尽之刃＋水银＋强袭者的链枷,无,162,150,200,s6-b4112-a0
7790,红霸符＋泰坦的坚决＋强袭者的链枷,无,162,150,200,s6-b4217-a0
7790,红霸符＋水银＋强袭者的链枷,无,162,150,200,s6-b4490-a0
7790,鬼索的狂暴之刃＋虚空之杖＋最后的轻语,无,162,150,200,s6-b4524-a0
7790,鬼索的狂暴之刃＋最后的轻语＋强袭者的链枷,无,162,150,200,s6-b4634-a0
7790,虚空之杖＋泰坦的坚决＋莫雷洛秘典,无,162,150,200,s6-b4878-a0
7790,虚空之杖＋海妖之怒＋莫雷洛秘典,无,162,150,200,s6-b4901-a0
7790,虚空之杖＋纳什之牙＋灭世者的死亡之帽,无,162,150,200,s6-b4919-a0
7790,虚空之杖＋纳什之牙＋珠光护手,无,162,150,200,s6-b4924-a0
7790,虚空之杖＋水银＋强袭者的链枷,无,162,150,200,s6-b5166-a0
7790,泰坦的坚决＋泰坦的坚决＋最后的轻语,无,162,150,200,s6-b5173-a0
7790,泰坦的坚决＋纳什之牙＋最后的轻语,无,162,150,200,s6-b5218-a0
7790,泰坦的坚决＋纳什之牙＋灭世者的死亡之帽,无,162,150,200,s6-b5219-a0
7790,泰坦的坚决＋灭世者的死亡之帽＋莫雷洛秘典,无,162,150,200,s6-b5264-a0
7790,泰坦的坚决＋灭世者的死亡之帽＋强袭者的链枷,无,162,150,200,s6-b5279-a0
7790,泰坦的坚决＋莫雷洛秘典＋珠光护手,无,162,150,200,s6-b5335-a0
7790,泰坦的坚决＋珠光护手＋强袭者的链枷,无,162,150,200,s6-b5364-a0
7790,海妖之怒＋纳什之牙＋最后的轻语,无,162,150,200,s6-b5494-a0
7790,海妖之怒＋纳什之牙＋灭世者的死亡之帽,无,162,150,200,s6-b5495-a0
7790,海妖之怒＋灭世者的死亡之帽＋莫雷洛秘典,无,162,150,200,s6-b5540-a0
7790,海妖之怒＋灭世者的死亡之帽＋强袭者的链枷,无,162,150,200,s6-b5555-a0
7790,海妖之怒＋莫雷洛秘典＋珠光护手,无,162,150,200,s6-b5611-a0
7790,海妖之怒＋珠光护手＋强袭者的链枷,无,162,150,200,s6-b5640-a0
7790,灭世者的死亡之帽＋水银＋强袭者的链枷,无,162,150,200,s6-b6436-a0
7790,大天使之杖＋莫雷洛秘典＋水银,无,162,150,200,s6-b6507-a0
7790,珠光护手＋水银＋强袭者的链枷,无,162,150,200,s6-b7206-a0
7831,死亡之刃＋泰坦的坚决＋海妖之怒,无,161,150,200,s6-b331-a0
7831,巨人杀手＋泰坦的坚决＋水银,无,161,150,200,s6-b946-a0
7831,无尽之刃＋泰坦的坚决＋海妖之怒,无,161,150,200,s6-b3817-a0
7831,红霸符＋虚空之杖＋水银,无,161,150,200,s6-b4191-a0
7831,红霸符＋泰坦的坚决＋海妖之怒,无,161,150,200,s6-b4195-a0
7831,虚空之杖＋虚空之杖＋水银,无,161,150,200,s6-b4867-a0
7831,虚空之杖＋泰坦的坚决＋水银,无,161,150,200,s6-b4891-a0
7831,泰坦的坚决＋海妖之怒＋灭世者的死亡之帽,无,161,150,200,s6-b5197-a0
7831,泰坦的坚决＋海妖之怒＋大天使之杖,无,161,150,200,s6-b5198-a0
7831,泰坦的坚决＋海妖之怒＋珠光护手,无,161,150,200,s6-b5202-a0
7831,泰坦的坚决＋大天使之杖＋水银,无,161,150,200,s6-b5296-a0
7842,死亡之刃＋泰坦的坚决＋泰坦的坚决,无,160,150,200,s6-b330-a0
7842,巨人杀手＋鬼索的狂暴之刃＋虚空之杖,无,160,150,200,s6-b875-a0
7842,巨人杀手＋泰坦的坚决＋泰坦的坚决,无,160,150,200,s6-b925-a0
7842,巨人杀手＋海妖之怒＋水银,无,160,150,200,s6-b969-a0
7842,无尽之刃＋泰坦的坚决＋泰坦的坚决,无,160,150,200,s6-b3816-a0
7842,红霸符＋海妖之怒＋海妖之怒,无,160,150,200,s6-b4218-a0
7842,虚空之杖＋海妖之怒＋海妖之怒,无,160,150,200,s6-b4894-a0
7842,泰坦的坚决＋泰坦的坚决＋灭世者的死亡之帽,无,160,150,200,s6-b5174-a0
7842,泰坦的坚决＋泰坦的坚决＋大天使之杖,无,160,150,200,s6-b5175-a0
7842,泰坦的坚决＋泰坦的坚决＋珠光护手,无,160,150,200,s6-b5179-a0
7842,海妖之怒＋海妖之怒＋大天使之杖,无,160,150,200,s6-b5474-a0
7842,海妖之怒＋最后的轻语＋水银,无,160,150,200,s6-b5533-a0
7842,海妖之怒＋大天使之杖＋水银,无,160,150,200,s6-b5572-a0
7855,死亡之刃＋死亡之刃＋纳什之牙,无,159,150,200,s6-b13-a0
7855,死亡之刃＋死亡之刃＋蓝霸符,无,159,150,200,s6-b21-a0
7855,死亡之刃＋朔极之矛＋大天使之杖,无,159,150,200,s6-b115-a0
7855,死亡之刃＋无尽之刃＋纳什之牙,无,159,150,200,s6-b230-a0
7855,死亡之刃＋无尽之刃＋蓝霸符,无,159,150,200,s6-b238-a0
7855,死亡之刃＋鬼索的狂暴之刃＋强袭者的链枷,无,159,150,200,s6-b304-a0
7855,死亡之刃＋纳什之牙＋灭世者的死亡之帽,无,159,150,200,s6-b379-a0
7855,死亡之刃＋纳什之牙＋珠光护手,无,159,150,200,s6-b384-a0
7855,死亡之刃＋最后的轻语＋莫雷洛秘典,无,159,150,200,s6-b404-a0
7855,死亡之刃＋灭世者的死亡之帽＋蓝霸符,无,159,150,200,s6-b426-a0
7855,死亡之刃＋珠光护手＋蓝霸符,无,159,150,200,s6-b511-a0
7855,巨人杀手＋无尽之刃＋纳什之牙,无,159,150,200,s6-b825-a0
7855,巨人杀手＋鬼索的狂暴之刃＋强袭者的链枷,无,159,150,200,s6-b899-a0
7855,巨人杀手＋纳什之牙＋珠光护手,无,159,150,200,s6-b979-a0
7855,朔极之矛＋无尽之刃＋大天使之杖,无,159,150,200,s6-b1917-a0
7855,朔极之矛＋灭世者的死亡之帽＋大天使之杖,无,159,150,200,s6-b2105-a0
7855,朔极之矛＋大天使之杖＋珠光护手,无,159,150,200,s6-b2128-a0
7855,无尽之刃＋无尽之刃＋蓝霸符,无,159,150,200,s6-b3724-a0
7855,无尽之刃＋红霸符＋纳什之牙,无,159,150,200,s6-b3743-a0
7855,无尽之刃＋鬼索的狂暴之刃＋强袭者的链枷,无,159,150,200,s6-b3790-a0
7855,无尽之刃＋纳什之牙＋灭世者的死亡之帽,无,159,150,200,s6-b3865-a0
7855,无尽之刃＋最后的轻语＋莫雷洛秘典,无,159,150,200,s6-b3890-a0
7855,无尽之刃＋灭世者的死亡之帽＋蓝霸符,无,159,150,200,s6-b3912-a0
7855,无尽之刃＋珠光护手＋蓝霸符,无,159,150,200,s6-b3997-a0
7855,红霸符＋虚空之杖＋强袭者的链枷,无,159,150,200,s6-b4193-a0
7855,红霸符＋纳什之牙＋珠光护手,无,159,150,200,s6-b4248-a0
7855,鬼索的狂暴之刃＋泰坦的坚决＋海妖之怒,无,159,150,200,s6-b4546-a0
7855,鬼索的狂暴之刃＋泰坦的坚决＋大天使之杖,无,159,150,200,s6-b4550-a0
7855,鬼索的狂暴之刃＋海妖之怒＋最后的轻语,无,159,150,200,s6-b4571-a0
7855,鬼索的狂暴之刃＋灭世者的死亡之帽＋强袭者的链枷,无,159,150,200,s6-b4654-a0
7855,鬼索的狂暴之刃＋大天使之杖＋大天使之杖,无,159,150,200,s6-b4655-a0
7855,鬼索的狂暴之刃＋珠光护手＋强袭者的链枷,无,159,150,200,s6-b4739-a0
7855,虚空之杖＋虚空之杖＋莫雷洛秘典,无,159,150,200,s6-b4854-a0
7855,虚空之杖＋虚空之杖＋强袭者的链枷,无,159,150,200,s6-b4869-a0
7855,虚空之杖＋泰坦的坚决＋海妖之怒,无,159,150,200,s6-b4871-a0
7855,泰坦的坚决＋最后的轻语＋水银,无,159,150,200,s6-b5257-a0
7855,纳什之牙＋灭世者的死亡之帽＋灭世者的死亡之帽,无,159,150,200,s6-b5789-a0
7855,纳什之牙＋灭世者的死亡之帽＋珠光护手,无,159,150,200,s6-b5794-a0
7855,最后的轻语＋最后的轻语＋强袭者的链枷,无,159,150,200,s6-b6019-a0
7855,最后的轻语＋灭世者的死亡之帽＋莫雷洛秘典,无,159,150,200,s6-b6024-a0
7855,最后的轻语＋莫雷洛秘典＋珠光护手,无,159,150,200,s6-b6095-a0
7855,灭世者的死亡之帽＋灭世者的死亡之帽＋蓝霸符,无,159,150,200,s6-b6236-a0
7855,灭世者的死亡之帽＋珠光护手＋蓝霸符,无,159,150,200,s6-b6321-a0
7855,大天使之杖＋大天使之杖＋强袭者的链枷,无,159,150,200,s6-b6458-a0
7855,珠光护手＋珠光护手＋蓝霸符,无,159,150,200,s6-b7091-a0
7900,死亡之刃＋海妖之怒＋海妖之怒,无,158,150,200,s6-b354-a0
7900,死亡之刃＋纳什之牙＋大天使之杖,无,158,150,200,s6-b380-a0
7900,巨人杀手＋最后的轻语＋强袭者的链枷,无,158,150,200,s6-b1014-a0
7900,巨人杀手＋水银＋水银,无,158,150,200,s6-b1219-a0
7900,无尽之刃＋海妖之怒＋海妖之怒,无,158,150,200,s6-b3840-a0
7900,红霸符＋泰坦的坚决＋泰坦的坚决,无,158,150,200,s6-b4194-a0
7900,鬼索的狂暴之刃＋泰坦的坚决＋泰坦的坚决,无,158,150,200,s6-b4545-a0
7900,虚空之杖＋泰坦的坚决＋泰坦的坚决,无,158,150,200,s6-b4870-a0
7900,虚空之杖＋海妖之怒＋水银,无,158,150,200,s6-b4914-a0
7900,海妖之怒＋海妖之怒＋灭世者的死亡之帽,无,158,150,200,s6-b5473-a0
7900,海妖之怒＋海妖之怒＋珠光护手,无,158,150,200,s6-b5478-a0
7900,纳什之牙＋灭世者的死亡之帽＋大天使之杖,无,158,150,200,s6-b5790-a0
7900,最后的轻语＋水银＋水银,无,158,150,200,s6-b6224-a0
7913,死亡之刃＋死亡之刃＋强袭者的链枷,无,157,150,200,s6-b34-a0
7913,死亡之刃＋巨人杀手＋强袭者的链枷,无,157,150,200,s6-b68-a0
7913,死亡之刃＋无尽之刃＋强袭者的链枷,无,157,150,200,s6-b251-a0
7913,死亡之刃＋红霸符＋莫雷洛秘典,无,157,150,200,s6-b263-a0
7913,死亡之刃＋红霸符＋强袭者的链枷,无,157,150,200,s6-b278-a0
7913,死亡之刃＋虚空之杖＋强袭者的链枷,无,157,150,200,s6-b329-a0
7913,死亡之刃＋灭世者的死亡之帽＋强袭者的链枷,无,157,150,200,s6-b439-a0
7913,死亡之刃＋大天使之杖＋莫雷洛秘典,无,157,150,200,s6-b443-a0
7913,死亡之刃＋珠光护手＋强袭者的链枷,无,157,150,200,s6-b524-a0
7913,巨人杀手＋巨人杀手＋纳什之牙,无,157,150,200,s6-b642-a0
7913,巨人杀手＋巨人杀手＋莫雷洛秘典,无,157,150,200,s6-b648-a0
7913,巨人杀手＋巨人杀手＋强袭者的链枷,无,157,150,200,s6-b663-a0
7913,巨人杀手＋无尽之刃＋强袭者的链枷,无,157,150,200,s6-b846-a0
7913,巨人杀手＋红霸符＋莫雷洛秘典,无,157,150,200,s6-b858-a0
7913,巨人杀手＋虚空之杖＋强袭者的链枷,无,157,150,200,s6-b924-a0
7913,巨人杀手＋灭世者的死亡之帽＋强袭者的链枷,无,157,150,200,s6-b1034-a0
7913,巨人杀手＋大天使之杖＋强袭者的链枷,无,157,150,200,s6-b1053-a0
7913,巨人杀手＋珠光护手＋强袭者的链枷,无,157,150,200,s6-b1119-a0
7913,无尽之刃＋无尽之刃＋纳什之牙,无,157,150,200,s6-b3716-a0
7913,无尽之刃＋无尽之刃＋强袭者的链枷,无,157,150,200,s6-b3737-a0
7913,无尽之刃＋红霸符＋莫雷洛秘典,无,157,150,200,s6-b3749-a0
7913,无尽之刃＋红霸符＋强袭者的链枷,无,157,150,200,s6-b3764-a0
7913,无尽之刃＋虚空之杖＋强袭者的链枷,无,157,150,200,s6-b3815-a0
7913,无尽之刃＋纳什之牙＋大天使之杖,无,157,150,200,s6-b3866-a0
7913,无尽之刃＋纳什之牙＋珠光护手,无,157,150,200,s6-b3870-a0
7913,无尽之刃＋灭世者的死亡之帽＋强袭者的链枷,无,157,150,200,s6-b3925-a0
7913,无尽之刃＋大天使之杖＋莫雷洛秘典,无,157,150,200,s6-b3929-a0
7913,无尽之刃＋珠光护手＋强袭者的链枷,无,157,150,200,s6-b4010-a0
7913,红霸符＋红霸符＋莫雷洛秘典,无,157,150,200,s6-b4127-a0
7913,红霸符＋红霸符＋强袭者的链枷,无,157,150,200,s6-b4142-a0
7913,红霸符＋虚空之杖＋莫雷洛秘典,无,157,150,200,s6-b4178-a0
7913,红霸符＋最后的轻语＋莫雷洛秘典,无,157,150,200,s6-b4268-a0
7913,红霸符＋最后的轻语＋强袭者的链枷,无,157,150,200,s6-b4283-a0
7913,红霸符＋灭世者的死亡之帽＋莫雷洛秘典,无,157,150,200,s6-b4288-a0
7913,红霸符＋灭世者的死亡之帽＋强袭者的链枷,无,157,150,200,s6-b4303-a0
7913,红霸符＋大天使之杖＋莫雷洛秘典,无,157,150,200,s6-b4307-a0
7913,红霸符＋莫雷洛秘典＋珠光护手,无,157,150,200,s6-b4359-a0
7913,红霸符＋珠光护手＋强袭者的链枷,无,157,150,200,s6-b4388-a0
7913,虚空之杖＋最后的轻语＋莫雷洛秘典,无,157,150,200,s6-b4944-a0
7913,虚空之杖＋最后的轻语＋强袭者的链枷,无,157,150,200,s6-b4959-a0
7913,虚空之杖＋灭世者的死亡之帽＋强袭者的链枷,无,157,150,200,s6-b4979-a0
7913,虚空之杖＋大天使之杖＋莫雷洛秘典,无,157,150,200,s6-b4983-a0
7913,虚空之杖＋珠光护手＋强袭者的链枷,无,157,150,200,s6-b5064-a0
7913,纳什之牙＋大天使之杖＋珠光护手,无,157,150,200,s6-b5813-a0
7913,纳什之牙＋珠光护手＋珠光护手,无,157,150,200,s6-b5879-a0
7913,最后的轻语＋最后的轻语＋莫雷洛秘典,无,157,150,200,s6-b6004-a0
7913,最后的轻语＋大天使之杖＋强袭者的链枷,无,157,150,200,s6-b6058-a0
7913,灭世者的死亡之帽＋灭世者的死亡之帽＋强袭者的链枷,无,157,150,200,s6-b6249-a0
7913,灭世者的死亡之帽＋大天使之杖＋莫雷洛秘典,无,157,150,200,s6-b6253-a0
7913,灭世者的死亡之帽＋珠光护手＋强袭者的链枷,无,157,150,200,s6-b6334-a0
7913,大天使之杖＋大天使之杖＋莫雷洛秘典,无,157,150,200,s6-b6443-a0
7913,大天使之杖＋莫雷洛秘典＋珠光护手,无,157,150,200,s6-b6495-a0
7913,珠光护手＋珠光护手＋强袭者的链枷,无,157,150,200,s6-b7104-a0
7966,死亡之刃＋巨人杀手＋水银,无,156,150,200,s6-b66-a0
7966,死亡之刃＋虚空之杖＋莫雷洛秘典,无,156,150,200,s6-b314-a0
7966,巨人杀手＋巨人杀手＋泰坦的坚决,无,156,150,200,s6-b640-a0
7966,巨人杀手＋巨人杀手＋海妖之怒,无,156,150,200,s6-b641-a0
7966,巨人杀手＋无尽之刃＋水银,无,156,150,200,s6-b844-a0
7966,巨人杀手＋虚空之杖＋莫雷洛秘典,无,156,150,200,s6-b909-a0
7966,巨人杀手＋泰坦的坚决＋最后的轻语,无,156,150,200,s6-b928-a0
7966,巨人杀手＋海妖之怒＋最后的轻语,无,156,150,200,s6-b951-a0
7966,巨人杀手＋灭世者的死亡之帽＋水银,无,156,150,200,s6-b1032-a0
7966,巨人杀手＋大天使之杖＋莫雷洛秘典,无,156,150,200,s6-b1038-a0
7966,巨人杀手＋珠光护手＋水银,无,156,150,200,s6-b1117-a0
7966,无尽之刃＋虚空之杖＋莫雷洛秘典,无,156,150,200,s6-b3800-a0
7966,红霸符＋红霸符＋泰坦的坚决,无,156,150,200,s6-b4119-a0
7966,红霸符＋红霸符＋海妖之怒,无,156,150,200,s6-b4120-a0
7966,红霸符＋红霸符＋水银,无,156,150,200,s6-b4140-a0
7966,红霸符＋虚空之杖＋泰坦的坚决,无,156,150,200,s6-b4170-a0
7966,虚空之杖＋虚空之杖＋泰坦的坚决,无,156,150,200,s6-b4846-a0
7966,虚空之杖＋虚空之杖＋海妖之怒,无,156,150,200,s6-b4847-a0
7966,虚空之杖＋灭世者的死亡之帽＋莫雷洛秘典,无,156,150,200,s6-b4964-a0
7966,虚空之杖＋大天使之杖＋水银,无,156,150,200,s6-b4996-a0
7966,虚空之杖＋大天使之杖＋强袭者的链枷,无,156,150,200,s6-b4998-a0
7966,虚空之杖＋莫雷洛秘典＋珠光护手,无,156,150,200,s6-b5035-a0
7966,泰坦的坚决＋最后的轻语＋大天使之杖,无,156,150,200,s6-b5241-a0
7966,海妖之怒＋最后的轻语＋大天使之杖,无,156,150,200,s6-b5517-a0
7966,最后的轻语＋大天使之杖＋莫雷洛秘典,无,156,150,200,s6-b6043-a0
7966,大天使之杖＋大天使之杖＋水银,无,156,150,200,s6-b6456-a0
7992,死亡之刃＋死亡之刃＋莫雷洛秘典,无,155,150,200,s6-b19-a0
7992,死亡之刃＋巨人杀手＋纳什之牙,无,155,150,200,s6-b47-a0
7992,死亡之刃＋巨人杀手＋莫雷洛秘典,无,155,150,200,s6-b53-a0
7992,死亡之刃＋无尽之刃＋莫雷洛秘典,无,155,150,200,s6-b236-a0
7992,死亡之刃＋纳什之牙＋最后的轻语,无,155,150,200,s6-b378-a0
7992,死亡之刃＋最后的轻语＋强袭者的链枷,无,155,150,200,s6-b419-a0
7992,死亡之刃＋灭世者的死亡之帽＋莫雷洛秘典,无,155,150,200,s6-b424-a0
7992,死亡之刃＋大天使之杖＋强袭者的链枷,无,155,150,200,s6-b458-a0
7992,死亡之刃＋莫雷洛秘典＋珠光护手,无,155,150,200,s6-b495-a0
7992,巨人杀手＋无尽之刃＋莫雷洛秘典,无,155,150,200,s6-b831-a0
7992,巨人杀手＋红霸符＋强袭者的链枷,无,155,150,200,s6-b873-a0
7992,巨人杀手＋鬼索的狂暴之刃＋海妖之怒,无,155,150,200,s6-b877-a0
7992,巨人杀手＋纳什之牙＋最后的轻语,无,155,150,200,s6-b973-a0
7992,巨人杀手＋纳什之牙＋灭世者的死亡之帽,无,155,150,200,s6-b974-a0
7992,巨人杀手＋最后的轻语＋莫雷洛秘典,无,155,150,200,s6-b999-a0
7992,巨人杀手＋灭世者的死亡之帽＋莫雷洛秘典,无,155,150,200,s6-b1019-a0
7992,巨人杀手＋莫雷洛秘典＋珠光护手,无,155,150,200,s6-b1090-a0
7992,无尽之刃＋无尽之刃＋莫雷洛秘典,无,155,150,200,s6-b3722-a0
7992,无尽之刃＋最后的轻语＋强袭者的链枷,无,155,150,200,s6-b3905-a0
7992,无尽之刃＋灭世者的死亡之帽＋莫雷洛秘典,无,155,150,200,s6-b3910-a0
7992,无尽之刃＋大天使之杖＋强袭者的链枷,无,155,150,200,s6-b3944-a0
7992,无尽之刃＋莫雷洛秘典＋珠光护手,无,155,150,200,s6-b3981-a0
7992,红霸符＋大天使之杖＋强袭者的链枷,无,155,150,200,s6-b4322-a0
7992,纳什之牙＋最后的轻语＋灭世者的死亡之帽,无,155,150,200,s6-b5769-a0
7992,最后的轻语＋灭世者的死亡之帽＋强袭者的链枷,无,155,150,200,s6-b6039-a0
7992,最后的轻语＋珠光护手＋强袭者的链枷,无,155,150,200,s6-b6124-a0
7992,灭世者的死亡之帽＋灭世者的死亡之帽＋莫雷洛秘典,无,155,150,200,s6-b6234-a0
7992,灭世者的死亡之帽＋大天使之杖＋强袭者的链枷,无,155,150,200,s6-b6268-a0
7992,灭世者的死亡之帽＋莫雷洛秘典＋珠光护手,无,155,150,200,s6-b6305-a0
7992,大天使之杖＋珠光护手＋强袭者的链枷,无,155,150,200,s6-b6524-a0
7992,莫雷洛秘典＋珠光护手＋珠光护手,无,155,150,200,s6-b6970-a0
8023,死亡之刃＋死亡之刃＋泰坦的坚决,无,154,150,200,s6-b11-a0
8023,死亡之刃＋死亡之刃＋海妖之怒,无,154,150,200,s6-b12-a0
8023,死亡之刃＋死亡之刃＋水银,无,154,150,200,s6-b32-a0
8023,死亡之刃＋朔极之矛＋泰坦的坚决,无,154,150,200,s6-b110-a0
8023,死亡之刃＋无尽之刃＋泰坦的坚决,无,154,150,200,s6-b228-a0
8023,死亡之刃＋无尽之刃＋海妖之怒,无,154,150,200,s6-b229-a0
8023,死亡之刃＋无尽之刃＋水银,无,154,150,200,s6-b249-a0
8023,死亡之刃＋红霸符＋鬼索的狂暴之刃,无,154,150,200,s6-b253-a0
8023,死亡之刃＋红霸符＋海妖之怒,无,154,150,200,s6-b256-a0
8023,死亡之刃＋红霸符＋水银,无,154,150,200,s6-b276-a0
8023,死亡之刃＋鬼索的狂暴之刃＋泰坦的坚决,无,154,150,200,s6-b281-a0
8023,死亡之刃＋鬼索的狂暴之刃＋海妖之怒,无,154,150,200,s6-b282-a0
8023,死亡之刃＋虚空之杖＋泰坦的坚决,无,154,150,200,s6-b306-a0
8023,死亡之刃＋虚空之杖＋海妖之怒,无,154,150,200,s6-b307-a0
8023,死亡之刃＋泰坦的坚决＋最后的轻语,无,154,150,200,s6-b333-a0
8023,死亡之刃＋泰坦的坚决＋灭世者的死亡之帽,无,154,150,200,s6-b334-a0
8023,死亡之刃＋泰坦的坚决＋大天使之杖,无,154,150,200,s6-b335-a0
8023,死亡之刃＋泰坦的坚决＋珠光护手,无,154,150,200,s6-b339-a0
8023,死亡之刃＋海妖之怒＋最后的轻语,无,154,150,200,s6-b356-a0
8023,死亡之刃＋海妖之怒＋灭世者的死亡之帽,无,154,150,200,s6-b357-a0
8023,死亡之刃＋海妖之怒＋大天使之杖,无,154,150,200,s6-b358-a0
8023,死亡之刃＋海妖之怒＋珠光护手,无,154,150,200,s6-b362-a0
8023,死亡之刃＋最后的轻语＋水银,无,154,150,200,s6-b417-a0
8023,死亡之刃＋灭世者的死亡之帽＋水银,无,154,150,200,s6-b437-a0
8023,死亡之刃＋大天使之杖＋水银,无,154,150,200,s6-b456-a0
8023,死亡之刃＋珠光护手＋水银,无,154,150,200,s6-b522-a0
8023,巨人杀手＋红霸符＋泰坦的坚决,无,154,150,200,s6-b850-a0
8023,巨人杀手＋红霸符＋海妖之怒,无,154,150,200,s6-b851-a0
8023,巨人杀手＋红霸符＋水银,无,154,150,200,s6-b871-a0
8023,巨人杀手＋虚空之杖＋泰坦的坚决,无,154,150,200,s6-b901-a0
8023,巨人杀手＋虚空之杖＋海妖之怒,无,154,150,200,s6-b902-a0
8023,巨人杀手＋泰坦的坚决＋大天使之杖,无,154,150,200,s6-b930-a0
8023,巨人杀手＋海妖之怒＋大天使之杖,无,154,150,200,s6-b953-a0
8023,朔极之矛＋无尽之刃＋泰坦的坚决,无,154,150,200,s6-b1912-a0
8023,朔极之矛＋泰坦的坚决＋灭世者的死亡之帽,无,154,150,200,s6-b2018-a0
8023,朔极之矛＋泰坦的坚决＋珠光护手,无,154,150,200,s6-b2023-a0
8023,无尽之刃＋无尽之刃＋泰坦的坚决,无,154,150,200,s6-b3714-a0
8023,无尽之刃＋无尽之刃＋海妖之怒,无,154,150,200,s6-b3715-a0
8023,无尽之刃＋无尽之刃＋水银,无,154,150,200,s6-b3735-a0
8023,无尽之刃＋红霸符＋鬼索的狂暴之刃,无,154,150,200,s6-b3739-a0
8023,无尽之刃＋红霸符＋海妖之怒,无,154,150,200,s6-b3742-a0
8023,无尽之刃＋红霸符＋水银,无,154,150,200,s6-b3762-a0
8023,无尽之刃＋鬼索的狂暴之刃＋泰坦的坚决,无,154,150,200,s6-b3767-a0
8023,无尽之刃＋鬼索的狂暴之刃＋海妖之怒,无,154,150,200,s6-b3768-a0
8023,无尽之刃＋虚空之杖＋泰坦的坚决,无,154,150,200,s6-b3792-a0
8023,无尽之刃＋虚空之杖＋海妖之怒,无,154,150,200,s6-b3793-a0
8023,无尽之刃＋泰坦的坚决＋最后的轻语,无,154,150,200,s6-b3819-a0
8023,无尽之刃＋泰坦的坚决＋灭世者的死亡之帽,无,154,150,200,s6-b3820-a0
8023,无尽之刃＋泰坦的坚决＋大天使之杖,无,154,150,200,s6-b3821-a0
8023,无尽之刃＋泰坦的坚决＋珠光护手,无,154,150,200,s6-b3825-a0
8023,无尽之刃＋海妖之怒＋最后的轻语,无,154,150,200,s6-b3842-a0
8023,无尽之刃＋海妖之怒＋灭世者的死亡之帽,无,154,150,200,s6-b3843-a0
8023,无尽之刃＋海妖之怒＋大天使之杖,无,154,150,200,s6-b3844-a0
8023,无尽之刃＋海妖之怒＋珠光护手,无,154,150,200,s6-b3848-a0
8023,无尽之刃＋最后的轻语＋水银,无,154,150,200,s6-b3903-a0
8023,无尽之刃＋灭世者的死亡之帽＋水银,无,154,150,200,s6-b3923-a0
8023,无尽之刃＋大天使之杖＋水银,无,154,150,200,s6-b3942-a0
8023,无尽之刃＋珠光护手＋水银,无,154,150,200,s6-b4008-a0
8023,红霸符＋鬼索的狂暴之刃＋灭世者的死亡之帽,无,154,150,200,s6-b4149-a0
8023,红霸符＋鬼索的狂暴之刃＋珠光护手,无,154,150,200,s6-b4154-a0
8023,红霸符＋虚空之杖＋海妖之怒,无,154,150,200,s6-b4171-a0
8023,红霸符＋泰坦的坚决＋最后的轻语,无,154,150,200,s6-b4197-a0
8023,红霸符＋海妖之怒＋最后的轻语,无,154,150,200,s6-b4220-a0
8023,红霸符＋海妖之怒＋灭世者的死亡之帽,无,154,150,200,s6-b4221-a0
8023,红霸符＋海妖之怒＋珠光护手,无,154,150,200,s6-b4226-a0
8023,红霸符＋最后的轻语＋水银,无,154,150,200,s6-b4281-a0
8023,红霸符＋灭世者的死亡之帽＋水银,无,154,150,200,s6-b4301-a0
8023,红霸符＋大天使之杖＋水银,无,154,150,200,s6-b4320-a0
8023,红霸符＋珠光护手＋水银,无,154,150,200,s6-b4386-a0
8023,鬼索的狂暴之刃＋泰坦的坚决＋最后的轻语,无,154,150,200,s6-b4548-a0
8023,鬼索的狂暴之刃＋泰坦的坚决＋灭世者的死亡之帽,无,154,150,200,s6-b4549-a0
8023,鬼索的狂暴之刃＋泰坦的坚决＋珠光护手,无,154,150,200,s6-b4554-a0
8023,鬼索的狂暴之刃＋海妖之怒＋灭世者的死亡之帽,无,154,150,200,s6-b4572-a0
8023,鬼索的狂暴之刃＋海妖之怒＋珠光护手,无,154,150,200,s6-b4577-a0
8023,鬼索的狂暴之刃＋最后的轻语＋大天使之杖,无,154,150,200,s6-b4616-a0
8023,虚空之杖＋泰坦的坚决＋灭世者的死亡之帽,无,154,150,200,s6-b4874-a0
8023,虚空之杖＋泰坦的坚决＋大天使之杖,无,154,150,200,s6-b4875-a0
8023,虚空之杖＋泰坦的坚决＋珠光护手,无,154,150,200,s6-b4879-a0
8023,虚空之杖＋海妖之怒＋灭世者的死亡之帽,无,154,150,200,s6-b4897-a0
8023,虚空之杖＋海妖之怒＋大天使之杖,无,154,150,200,s6-b4898-a0
8023,虚空之杖＋海妖之怒＋珠光护手,无,154,150,200,s6-b4902-a0
8023,虚空之杖＋最后的轻语＋水银,无,154,150,200,s6-b4957-a0
8023,泰坦的坚决＋最后的轻语＋最后的轻语,无,154,150,200,s6-b5239-a0
8023,泰坦的坚决＋最后的轻语＋灭世者的死亡之帽,无,154,150,200,s6-b5240-a0
8023,泰坦的坚决＋最后的轻语＋珠光护手,无,154,150,200,s6-b5245-a0
8023,泰坦的坚决＋灭世者的死亡之帽＋灭世者的死亡之帽,无,154,150,200,s6-b5260-a0
8023,泰坦的坚决＋灭世者的死亡之帽＋大天使之杖,无,154,150,200,s6-b5261-a0
8023,泰坦的坚决＋灭世者的死亡之帽＋珠光护手,无,154,150,200,s6-b5265-a0
8023,泰坦的坚决＋大天使之杖＋大天使之杖,无,154,150,200,s6-b5280-a0
8023,泰坦的坚决＋大天使之杖＋珠光护手,无,154,150,200,s6-b5284-a0
8023,泰坦的坚决＋珠光护手＋珠光护手,无,154,150,200,s6-b5350-a0
8023,海妖之怒＋最后的轻语＋灭世者的死亡之帽,无,154,150,200,s6-b5516-a0
8023,海妖之怒＋最后的轻语＋珠光护手,无,154,150,200,s6-b5521-a0
8023,海妖之怒＋灭世者的死亡之帽＋灭世者的死亡之帽,无,154,150,200,s6-b5536-a0
8023,海妖之怒＋灭世者的死亡之帽＋大天使之杖,无,154,150,200,s6-b5537-a0
8023,海妖之怒＋灭世者的死亡之帽＋珠光护手,无,154,150,200,s6-b5541-a0
8023,海妖之怒＋大天使之杖＋大天使之杖,无,154,150,200,s6-b5556-a0
8023,海妖之怒＋大天使之杖＋珠光护手,无,154,150,200,s6-b5560-a0
8023,海妖之怒＋珠光护手＋珠光护手,无,154,150,200,s6-b5626-a0
8023,最后的轻语＋最后的轻语＋水银,无,154,150,200,s6-b6017-a0
8023,最后的轻语＋灭世者的死亡之帽＋水银,无,154,150,200,s6-b6037-a0
8023,最后的轻语＋珠光护手＋水银,无,154,150,200,s6-b6122-a0
8023,灭世者的死亡之帽＋灭世者的死亡之帽＋水银,无,154,150,200,s6-b6247-a0
8023,灭世者的死亡之帽＋大天使之杖＋水银,无,154,150,200,s6-b6266-a0
8023,灭世者的死亡之帽＋珠光护手＋水银,无,154,150,200,s6-b6332-a0
8023,大天使之杖＋珠光护手＋水银,无,154,150,200,s6-b6522-a0
8023,珠光护手＋珠光护手＋水银,无,154,150,200,s6-b7102-a0
8130,死亡之刃＋巨人杀手＋泰坦的坚决,无,153,150,200,s6-b45-a0
8130,死亡之刃＋巨人杀手＋海妖之怒,无,153,150,200,s6-b46-a0
8130,巨人杀手＋无尽之刃＋泰坦的坚决,无,153,150,200,s6-b823-a0
8130,巨人杀手＋无尽之刃＋海妖之怒,无,153,150,200,s6-b824-a0
8130,巨人杀手＋泰坦的坚决＋灭世者的死亡之帽,无,153,150,200,s6-b929-a0
8130,巨人杀手＋泰坦的坚决＋珠光护手,无,153,150,200,s6-b934-a0
8130,巨人杀手＋海妖之怒＋灭世者的死亡之帽,无,153,150,200,s6-b952-a0
8130,巨人杀手＋海妖之怒＋珠光护手,无,153,150,200,s6-b957-a0
8138,死亡之刃＋巨人杀手＋朔极之矛,无,152,150,200,s6-b37-a0
8138,死亡之刃＋红霸符＋泰坦的坚决,无,152,150,200,s6-b255-a0
8138,死亡之刃＋虚空之杖＋水银,无,152,150,200,s6-b327-a0
8138,巨人杀手＋巨人杀手＋水银,无,152,150,200,s6-b661-a0
8138,巨人杀手＋朔极之矛＋无尽之刃,无,152,150,200,s6-b701-a0
8138,巨人杀手＋朔极之矛＋灭世者的死亡之帽,无,152,150,200,s6-b709-a0
8138,巨人杀手＋朔极之矛＋珠光护手,无,152,150,200,s6-b714-a0
8138,巨人杀手＋鬼索的狂暴之刃＋泰坦的坚决,无,152,150,200,s6-b876-a0
8138,巨人杀手＋虚空之杖＋水银,无,152,150,200,s6-b922-a0
8138,巨人杀手＋最后的轻语＋水银,无,152,150,200,s6-b1012-a0
8138,巨人杀手＋大天使之杖＋水银,无,152,150,200,s6-b1051-a0
8138,无尽之刃＋红霸符＋泰坦的坚决,无,152,150,200,s6-b3741-a0
8138,无尽之刃＋虚空之杖＋水银,无,152,150,200,s6-b3813-a0
8138,红霸符＋泰坦的坚决＋灭世者的死亡之帽,无,152,150,200,s6-b4198-a0
8138,红霸符＋泰坦的坚决＋大天使之杖,无,152,150,200,s6-b4199-a0
8138,红霸符＋泰坦的坚决＋珠光护手,无,152,150,200,s6-b4203-a0
8138,红霸符＋海妖之怒＋大天使之杖,无,152,150,200,s6-b4222-a0
8138,虚空之杖＋泰坦的坚决＋最后的轻语,无,152,150,200,s6-b4873-a0
8138,虚空之杖＋海妖之怒＋最后的轻语,无,152,150,200,s6-b4896-a0
8138,虚空之杖＋灭世者的死亡之帽＋水银,无,152,150,200,s6-b4977-a0
8138,虚空之杖＋珠光护手＋水银,无,152,150,200,s6-b5062-a0
8138,海妖之怒＋最后的轻语＋最后的轻语,无,152,150,200,s6-b5515-a0
8138,最后的轻语＋大天使之杖＋水银,无,152,150,200,s6-b6056-a0
8161,死亡之刃＋死亡之刃＋红霸符,无,149,100,150,s6-b8-a0
8161,死亡之刃＋死亡之刃＋虚空之杖,无,149,100,150,s6-b10-a0
8161,死亡之刃＋巨人杀手＋巨人杀手,无,149,100,150,s6-b35-a0
8161,死亡之刃＋巨人杀手＋虚空之杖,无,149,100,150,s6-b44-a0
8161,死亡之刃＋巨人杀手＋大天使之杖,无,149,100,150,s6-b50-a0
8161,死亡之刃＋无尽之刃＋红霸符,无,149,100,150,s6-b225-a0
8161,死亡之刃＋无尽之刃＋虚空之杖,无,149,100,150,s6-b227-a0
8161,死亡之刃＋红霸符＋灭世者的死亡之帽,无,149,100,150,s6-b259-a0
8161,死亡之刃＋红霸符＋珠光护手,无,149,100,150,s6-b264-a0
8161,死亡之刃＋鬼索的狂暴之刃＋虚空之杖,无,149,100,150,s6-b280-a0
8161,死亡之刃＋鬼索的狂暴之刃＋大天使之杖,无,149,100,150,s6-b286-a0
8161,死亡之刃＋虚空之杖＋灭世者的死亡之帽,无,149,100,150,s6-b310-a0
8161,死亡之刃＋虚空之杖＋珠光护手,无,149,100,150,s6-b315-a0
8161,死亡之刃＋最后的轻语＋最后的轻语,无,149,100,150,s6-b399-a0
8161,巨人杀手＋巨人杀手＋巨人杀手,无,149,100,150,s6-b630-a0
8161,巨人杀手＋巨人杀手＋无尽之刃,无,149,100,150,s6-b636-a0
8161,巨人杀手＋巨人杀手＋灭世者的死亡之帽,无,149,100,150,s6-b644-a0
8161,巨人杀手＋巨人杀手＋大天使之杖,无,149,100,150,s6-b645-a0
8161,巨人杀手＋巨人杀手＋珠光护手,无,149,100,150,s6-b649-a0
8161,巨人杀手＋无尽之刃＋虚空之杖,无,149,100,150,s6-b822-a0
8161,巨人杀手＋无尽之刃＋大天使之杖,无,149,100,150,s6-b828-a0
8161,巨人杀手＋红霸符＋红霸符,无,149,100,150,s6-b847-a0
8161,巨人杀手＋红霸符＋最后的轻语,无,149,100,150,s6-b853-a0
8161,巨人杀手＋鬼索的狂暴之刃＋大天使之杖,无,149,100,150,s6-b881-a0
8161,巨人杀手＋虚空之杖＋灭世者的死亡之帽,无,149,100,150,s6-b905-a0
8161,巨人杀手＋虚空之杖＋珠光护手,无,149,100,150,s6-b910-a0
8161,巨人杀手＋灭世者的死亡之帽＋大天使之杖,无,149,100,150,s6-b1016-a0
8161,巨人杀手＋大天使之杖＋珠光护手,无,149,100,150,s6-b1039-a0
8161,无尽之刃＋无尽之刃＋红霸符,无,149,100,150,s6-b3711-a0
8161,无尽之刃＋无尽之刃＋虚空之杖,无,149,100,150,s6-b3713-a0
8161,无尽之刃＋红霸符＋灭世者的死亡之帽,无,149,100,150,s6-b3745-a0
8161,无尽之刃＋红霸符＋珠光护手,无,149,100,150,s6-b3750-a0
8161,无尽之刃＋鬼索的狂暴之刃＋虚空之杖,无,149,100,150,s6-b3766-a0
8161,无尽之刃＋鬼索的狂暴之刃＋大天使之杖,无,149,100,150,s6-b3772-a0
8161,无尽之刃＋虚空之杖＋灭世者的死亡之帽,无,149,100,150,s6-b3796-a0
8161,无尽之刃＋虚空之杖＋珠光护手,无,149,100,150,s6-b3801-a0
8161,无尽之刃＋最后的轻语＋最后的轻语,无,149,100,150,s6-b3885-a0
8161,红霸符＋最后的轻语＋最后的轻语,无,149,100,150,s6-b4263-a0
8161,红霸符＋最后的轻语＋大天使之杖,无,149,100,150,s6-b4265-a0
8161,红霸符＋灭世者的死亡之帽＋灭世者的死亡之帽,无,149,100,150,s6-b4284-a0
8161,红霸符＋灭世者的死亡之帽＋珠光护手,无,149,100,150,s6-b4289-a0
8161,红霸符＋珠光护手＋珠光护手,无,149,100,150,s6-b4374-a0
8161,鬼索的狂暴之刃＋虚空之杖＋灭世者的死亡之帽,无,149,100,150,s6-b4525-a0
8161,鬼索的狂暴之刃＋虚空之杖＋珠光护手,无,149,100,150,s6-b4530-a0
8161,鬼索的狂暴之刃＋最后的轻语＋最后的轻语,无,149,100,150,s6-b4614-a0
8161,鬼索的狂暴之刃＋灭世者的死亡之帽＋大天使之杖,无,149,100,150,s6-b4636-a0
8161,鬼索的狂暴之刃＋大天使之杖＋珠光护手,无,149,100,150,s6-b4659-a0
8161,虚空之杖＋灭世者的死亡之帽＋灭世者的死亡之帽,无,149,100,150,s6-b4960-a0
8161,虚空之杖＋灭世者的死亡之帽＋珠光护手,无,149,100,150,s6-b4965-a0
8161,虚空之杖＋珠光护手＋珠光护手,无,149,100,150,s6-b5050-a0
8161,最后的轻语＋最后的轻语＋灭世者的死亡之帽,无,149,100,150,s6-b6000-a0
8161,最后的轻语＋最后的轻语＋珠光护手,无,149,100,150,s6-b6005-a0
8213,巨人杀手＋红霸符＋虚空之杖,无,148,100,150,s6-b849-a0
8213,虚空之杖＋最后的轻语＋大天使之杖,无,148,100,150,s6-b4941-a0
8213,虚空之杖＋大天使之杖＋大天使之杖,无,148,100,150,s6-b4980-a0
8216,死亡之刃＋死亡之刃＋死亡之刃,无,147,100,150,s6-b0-a0
8216,死亡之刃＋死亡之刃＋巨人杀手,无,147,100,150,s6-b1-a0
8216,死亡之刃＋死亡之刃＋朔极之矛,无,147,100,150,s6-b3-a0
8216,死亡之刃＋死亡之刃＋无尽之刃,无,147,100,150,s6-b7-a0
8216,死亡之刃＋死亡之刃＋鬼索的狂暴之刃,无,147,100,150,s6-b9-a0
8216,死亡之刃＋死亡之刃＋灭世者的死亡之帽,无,147,100,150,s6-b15-a0
8216,死亡之刃＋死亡之刃＋珠光护手,无,147,100,150,s6-b20-a0
8216,死亡之刃＋巨人杀手＋无尽之刃,无,147,100,150,s6-b41-a0
8216,死亡之刃＋巨人杀手＋最后的轻语,无,147,100,150,s6-b48-a0
8216,死亡之刃＋巨人杀手＋灭世者的死亡之帽,无,147,100,150,s6-b49-a0
8216,死亡之刃＋巨人杀手＋珠光护手,无,147,100,150,s6-b54-a0
8216,死亡之刃＋朔极之矛＋无尽之刃,无,147,100,150,s6-b106-a0
8216,死亡之刃＋朔极之矛＋灭世者的死亡之帽,无,147,100,150,s6-b114-a0
8216,死亡之刃＋朔极之矛＋珠光护手,无,147,100,150,s6-b119-a0
8216,死亡之刃＋无尽之刃＋无尽之刃,无,147,100,150,s6-b224-a0
8216,死亡之刃＋无尽之刃＋鬼索的狂暴之刃,无,147,100,150,s6-b226-a0
8216,死亡之刃＋无尽之刃＋灭世者的死亡之帽,无,147,100,150,s6-b232-a0
8216,死亡之刃＋无尽之刃＋珠光护手,无,147,100,150,s6-b237-a0
8216,死亡之刃＋红霸符＋红霸符,无,147,100,150,s6-b252-a0
8216,死亡之刃＋红霸符＋虚空之杖,无,147,100,150,s6-b254-a0
8216,死亡之刃＋红霸符＋最后的轻语,无,147,100,150,s6-b258-a0
8216,死亡之刃＋红霸符＋大天使之杖,无,147,100,150,s6-b260-a0
8216,死亡之刃＋鬼索的狂暴之刃＋灭世者的死亡之帽,无,147,100,150,s6-b285-a0
8216,死亡之刃＋鬼索的狂暴之刃＋珠光护手,无,147,100,150,s6-b290-a0
8216,死亡之刃＋虚空之杖＋虚空之杖,无,147,100,150,s6-b305-a0
8216,死亡之刃＋虚空之杖＋最后的轻语,无,147,100,150,s6-b309-a0
8216,死亡之刃＋最后的轻语＋大天使之杖,无,147,100,150,s6-b401-a0
8216,死亡之刃＋灭世者的死亡之帽＋灭世者的死亡之帽,无,147,100,150,s6-b420-a0
8216,死亡之刃＋灭世者的死亡之帽＋珠光护手,无,147,100,150,s6-b425-a0
8216,死亡之刃＋大天使之杖＋大天使之杖,无,147,100,150,s6-b440-a0
8216,死亡之刃＋珠光护手＋珠光护手,无,147,100,150,s6-b510-a0
8216,巨人杀手＋巨人杀手＋红霸符,无,147,100,150,s6-b637-a0
8216,巨人杀手＋巨人杀手＋虚空之杖,无,147,100,150,s6-b639-a0
8216,巨人杀手＋无尽之刃＋无尽之刃,无,147,100,150,s6-b819-a0
8216,巨人杀手＋无尽之刃＋最后的轻语,无,147,100,150,s6-b826-a0
8216,巨人杀手＋无尽之刃＋灭世者的死亡之帽,无,147,100,150,s6-b827-a0
8216,巨人杀手＋无尽之刃＋珠光护手,无,147,100,150,s6-b832-a0
8216,巨人杀手＋红霸符＋大天使之杖,无,147,100,150,s6-b855-a0
8216,巨人杀手＋虚空之杖＋虚空之杖,无,147,100,150,s6-b900-a0
8216,巨人杀手＋虚空之杖＋最后的轻语,无,147,100,150,s6-b904-a0
8216,巨人杀手＋虚空之杖＋大天使之杖,无,147,100,150,s6-b906-a0
8216,巨人杀手＋最后的轻语＋灭世者的死亡之帽,无,147,100,150,s6-b995-a0
8216,巨人杀手＋最后的轻语＋大天使之杖,无,147,100,150,s6-b996-a0
8216,巨人杀手＋最后的轻语＋珠光护手,无,147,100,150,s6-b1000-a0
8216,巨人杀手＋灭世者的死亡之帽＋灭世者的死亡之帽,无,147,100,150,s6-b1015-a0
8216,巨人杀手＋灭世者的死亡之帽＋珠光护手,无,147,100,150,s6-b1020-a0
8216,巨人杀手＋珠光护手＋珠光护手,无,147,100,150,s6-b1105-a0
8216,朔极之矛＋无尽之刃＋无尽之刃,无,147,100,150,s6-b1908-a0
8216,朔极之矛＋无尽之刃＋灭世者的死亡之帽,无,147,100,150,s6-b1916-a0
8216,朔极之矛＋无尽之刃＋珠光护手,无,147,100,150,s6-b1921-a0
8216,朔极之矛＋灭世者的死亡之帽＋灭世者的死亡之帽,无,147,100,150,s6-b2104-a0
8216,朔极之矛＋灭世者的死亡之帽＋珠光护手,无,147,100,150,s6-b2109-a0
8216,朔极之矛＋珠光护手＋珠光护手,无,147,100,150,s6-b2194-a0
8216,无尽之刃＋无尽之刃＋无尽之刃,无,147,100,150,s6-b3710-a0
8216,无尽之刃＋无尽之刃＋鬼索的狂暴之刃,无,147,100,150,s6-b3712-a0
8216,无尽之刃＋无尽之刃＋灭世者的死亡之帽,无,147,100,150,s6-b3718-a0
8216,无尽之刃＋无尽之刃＋珠光护手,无,147,100,150,s6-b3723-a0
8216,无尽之刃＋红霸符＋红霸符,无,147,100,150,s6-b3738-a0
8216,无尽之刃＋红霸符＋虚空之杖,无,147,100,150,s6-b3740-a0
8216,无尽之刃＋红霸符＋最后的轻语,无,147,100,150,s6-b3744-a0
8216,无尽之刃＋红霸符＋大天使之杖,无,147,100,150,s6-b3746-a0
8216,无尽之刃＋鬼索的狂暴之刃＋灭世者的死亡之帽,无,147,100,150,s6-b3771-a0
8216,无尽之刃＋鬼索的狂暴之刃＋珠光护手,无,147,100,150,s6-b3776-a0
8216,无尽之刃＋虚空之杖＋虚空之杖,无,147,100,150,s6-b3791-a0
8216,无尽之刃＋虚空之杖＋最后的轻语,无,147,100,150,s6-b3795-a0
8216,无尽之刃＋最后的轻语＋大天使之杖,无,147,100,150,s6-b3887-a0
8216,无尽之刃＋灭世者的死亡之帽＋灭世者的死亡之帽,无,147,100,150,s6-b3906-a0
8216,无尽之刃＋灭世者的死亡之帽＋珠光护手,无,147,100,150,s6-b3911-a0
8216,无尽之刃＋大天使之杖＋大天使之杖,无,147,100,150,s6-b3926-a0
8216,无尽之刃＋珠光护手＋珠光护手,无,147,100,150,s6-b3996-a0
8216,红霸符＋红霸符＋虚空之杖,无,147,100,150,s6-b4118-a0
8216,红霸符＋红霸符＋最后的轻语,无,147,100,150,s6-b4122-a0
8216,红霸符＋红霸符＋灭世者的死亡之帽,无,147,100,150,s6-b4123-a0
8216,红霸符＋红霸符＋珠光护手,无,147,100,150,s6-b4128-a0
8216,红霸符＋虚空之杖＋虚空之杖,无,147,100,150,s6-b4169-a0
8216,红霸符＋虚空之杖＋最后的轻语,无,147,100,150,s6-b4173-a0
8216,红霸符＋虚空之杖＋灭世者的死亡之帽,无,147,100,150,s6-b4174-a0
8216,红霸符＋虚空之杖＋大天使之杖,无,147,100,150,s6-b4175-a0
8216,红霸符＋虚空之杖＋珠光护手,无,147,100,150,s6-b4179-a0
8216,红霸符＋最后的轻语＋灭世者的死亡之帽,无,147,100,150,s6-b4264-a0
8216,红霸符＋最后的轻语＋珠光护手,无,147,100,150,s6-b4269-a0
8216,红霸符＋灭世者的死亡之帽＋大天使之杖,无,147,100,150,s6-b4285-a0
8216,红霸符＋大天使之杖＋大天使之杖,无,147,100,150,s6-b4304-a0
8216,红霸符＋大天使之杖＋珠光护手,无,147,100,150,s6-b4308-a0
8216,鬼索的狂暴之刃＋灭世者的死亡之帽＋灭世者的死亡之帽,无,147,100,150,s6-b4635-a0
8216,鬼索的狂暴之刃＋灭世者的死亡之帽＋珠光护手,无,147,100,150,s6-b4640-a0
8216,鬼索的狂暴之刃＋珠光护手＋珠光护手,无,147,100,150,s6-b4725-a0
8216,虚空之杖＋虚空之杖＋虚空之杖,无,147,100,150,s6-b4845-a0
8216,虚空之杖＋虚空之杖＋最后的轻语,无,147,100,150,s6-b4849-a0
8216,虚空之杖＋虚空之杖＋灭世者的死亡之帽,无,147,100,150,s6-b4850-a0
8216,虚空之杖＋虚空之杖＋大天使之杖,无,147,100,150,s6-b4851-a0
8216,虚空之杖＋虚空之杖＋珠光护手,无,147,100,150,s6-b4855-a0
8216,虚空之杖＋最后的轻语＋最后的轻语,无,147,100,150,s6-b4939-a0
8216,虚空之杖＋最后的轻语＋灭世者的死亡之帽,无,147,100,150,s6-b4940-a0
8216,虚空之杖＋最后的轻语＋珠光护手,无,147,100,150,s6-b4945-a0
8216,最后的轻语＋灭世者的死亡之帽＋大天使之杖,无,147,100,150,s6-b6021-a0
8216,最后的轻语＋大天使之杖＋珠光护手,无,147,100,150,s6-b6044-a0
8216,灭世者的死亡之帽＋灭世者的死亡之帽＋灭世者的死亡之帽,无,147,100,150,s6-b6230-a0
8216,灭世者的死亡之帽＋灭世者的死亡之帽＋珠光护手,无,147,100,150,s6-b6235-a0
8216,灭世者的死亡之帽＋大天使之杖＋大天使之杖,无,147,100,150,s6-b6250-a0
8216,灭世者的死亡之帽＋珠光护手＋珠光护手,无,147,100,150,s6-b6320-a0
8216,大天使之杖＋大天使之杖＋大天使之杖,无,147,100,150,s6-b6440-a0
8216,大天使之杖＋大天使之杖＋珠光护手,无,147,100,150,s6-b6444-a0
8216,珠光护手＋珠光护手＋珠光护手,无,147,100,150,s6-b7090-a0
8320,巨人杀手＋鬼索的狂暴之刃＋最后的轻语,无,146,100,150,s6-b879-a0
8320,巨人杀手＋最后的轻语＋最后的轻语,无,146,100,150,s6-b994-a0
8322,死亡之刃＋死亡之刃＋最后的轻语,无,145,100,150,s6-b14-a0
8322,死亡之刃＋死亡之刃＋大天使之杖,无,145,100,150,s6-b16-a0
8322,死亡之刃＋巨人杀手＋红霸符,无,145,100,150,s6-b42-a0
8322,死亡之刃＋巨人杀手＋鬼索的狂暴之刃,无,145,100,150,s6-b43-a0
8322,死亡之刃＋无尽之刃＋最后的轻语,无,145,100,150,s6-b231-a0
8322,死亡之刃＋无尽之刃＋大天使之杖,无,145,100,150,s6-b233-a0
8322,死亡之刃＋鬼索的狂暴之刃＋最后的轻语,无,145,100,150,s6-b284-a0
8322,死亡之刃＋虚空之杖＋大天使之杖,无,145,100,150,s6-b311-a0
8322,死亡之刃＋最后的轻语＋灭世者的死亡之帽,无,145,100,150,s6-b400-a0
8322,死亡之刃＋最后的轻语＋珠光护手,无,145,100,150,s6-b405-a0
8322,死亡之刃＋灭世者的死亡之帽＋大天使之杖,无,145,100,150,s6-b421-a0
8322,死亡之刃＋大天使之杖＋珠光护手,无,145,100,150,s6-b444-a0
8322,巨人杀手＋巨人杀手＋鬼索的狂暴之刃,无,145,100,150,s6-b638-a0
8322,巨人杀手＋巨人杀手＋最后的轻语,无,145,100,150,s6-b643-a0
8322,巨人杀手＋无尽之刃＋红霸符,无,145,100,150,s6-b820-a0
8322,巨人杀手＋无尽之刃＋鬼索的狂暴之刃,无,145,100,150,s6-b821-a0
8322,巨人杀手＋红霸符＋灭世者的死亡之帽,无,145,100,150,s6-b854-a0
8322,巨人杀手＋红霸符＋珠光护手,无,145,100,150,s6-b859-a0
8322,巨人杀手＋鬼索的狂暴之刃＋灭世者的死亡之帽,无,145,100,150,s6-b880-a0
8322,巨人杀手＋鬼索的狂暴之刃＋珠光护手,无,145,100,150,s6-b885-a0
8322,巨人杀手＋大天使之杖＋大天使之杖,无,145,100,150,s6-b1035-a0
8322,无尽之刃＋无尽之刃＋最后的轻语,无,145,100,150,s6-b3717-a0
8322,无尽之刃＋无尽之刃＋大天使之杖,无,145,100,150,s6-b3719-a0
8322,无尽之刃＋鬼索的狂暴之刃＋最后的轻语,无,145,100,150,s6-b3770-a0
8322,无尽之刃＋虚空之杖＋大天使之杖,无,145,100,150,s6-b3797-a0
8322,无尽之刃＋最后的轻语＋灭世者的死亡之帽,无,145,100,150,s6-b3886-a0
8322,无尽之刃＋最后的轻语＋珠光护手,无,145,100,150,s6-b3891-a0
8322,无尽之刃＋灭世者的死亡之帽＋大天使之杖,无,145,100,150,s6-b3907-a0
8322,无尽之刃＋大天使之杖＋珠光护手,无,145,100,150,s6-b3930-a0
8322,红霸符＋红霸符＋红霸符,无,145,100,150,s6-b4116-a0
8322,红霸符＋红霸符＋大天使之杖,无,145,100,150,s6-b4124-a0
8322,鬼索的狂暴之刃＋最后的轻语＋灭世者的死亡之帽,无,145,100,150,s6-b4615-a0
8322,鬼索的狂暴之刃＋最后的轻语＋珠光护手,无,145,100,150,s6-b4620-a0
8322,虚空之杖＋灭世者的死亡之帽＋大天使之杖,无,145,100,150,s6-b4961-a0
8322,虚空之杖＋大天使之杖＋珠光护手,无,145,100,150,s6-b4984-a0
8322,最后的轻语＋最后的轻语＋最后的轻语,无,145,100,150,s6-b5999-a0
8322,最后的轻语＋最后的轻语＋大天使之杖,无,145,100,150,s6-b6001-a0
8322,最后的轻语＋灭世者的死亡之帽＋灭世者的死亡之帽,无,145,100,150,s6-b6020-a0
8322,最后的轻语＋灭世者的死亡之帽＋珠光护手,无,145,100,150,s6-b6025-a0
8322,最后的轻语＋大天使之杖＋大天使之杖,无,145,100,150,s6-b6040-a0
8322,最后的轻语＋珠光护手＋珠光护手,无,145,100,150,s6-b6110-a0
8322,灭世者的死亡之帽＋灭世者的死亡之帽＋大天使之杖,无,145,100,150,s6-b6231-a0
8322,灭世者的死亡之帽＋大天使之杖＋珠光护手,无,145,100,150,s6-b6254-a0
8322,大天使之杖＋珠光护手＋珠光护手,无,145,100,150,s6-b6510-a0
